StockCode,StockName_KR,MarketCap,ClosingPrice,DailyVolume,VolumeSpike,TrendArrow,MA20,MA60,RSI(14),MACD,MACD_Signal,Volatility(ATR),OBV,PearlScore,PearlScore_Normalized,PearlScore_Stars,PearlScore_Status
005930,삼성전자,,263000.0,20157893,1.2,↓,267250.0,258091.67,57.58,2700.91,3117.58,9857.14,953668065,1.18,59.0,★★★☆☆,OK
005935,삼성전자우,,194500.0,2238816,0.59,↓,199895.0,188565.0,53.71,2045.22,3413.19,8700.0,255551838,0.63,31.5,★★☆☆☆,OK
005380,현대차,,324500.0,685775,1.44,↓,360625.0,390791.67,13.11,-16272.17,-14787.17,9000.0,102062451,0.37,18.5,★☆☆☆☆,OK
373220,LG에너지솔루션,,403000.0,919337,2.86,↑,364625.0,350983.33,72.83,7351.12,3247.9,14071.43,9281560,2.4,100.0,★★★★★,OK
402340,SK스퀘어,,1059000.0,984573,1.83,↓,1103900.0,1089000.0,55.2,11928.61,10932.84,60285.71,38205233,1.86,93.0,★★★★★,OK
000660,SK하이닉스,,1686000.0,3118825,0.99,↓,1792650.0,1715916.67,47.76,7511.32,21034.77,71142.86,277517698,0.91,45.5,★★★☆☆,OK
105560,KB금융,,163400.0,810487,0.9,↓,173345.0,171855.0,26.62,-1380.98,48.0,4585.71,117349368,0.47,23.5,★★☆☆☆,OK
009150,삼성전기,,1559000.0,553778,0.95,↓,1464750.0,1371966.67,68.68,57067.58,41005.2,82428.57,91323295,0.9,45.0,★★★☆☆,OK
207940,삼성바이오로직스,,1220000.0,81929,1.89,↓,1376084.35,1447705.6,21.0,-45210.05,-32537.13,40042.64,20890335,0.77,38.5,★★☆☆☆,OK
032830,삼성생명,,270000.0,335818,1.18,↓,290675.0,298441.67,34.75,-6281.4,-4929.11,10964.29,33069025,0.79,39.5,★★☆☆☆,OK
028260,삼성물산,,320000.0,544311,1.68,↓,354850.0,354475.0,35.05,-8730.73,-5404.08,14892.86,60173588,1.13,56.5,★★★☆☆,OK
034020,두산에너빌리티,,76700.0,4584327,1.69,↓,84585.0,78381.67,25.37,-695.51,337.52,2921.43,1708664017,0.83,41.5,★★★☆☆,OK
055550,신한지주,,100000.0,1223694,1.24,↓,109635.0,107223.33,25.71,-1579.2,-144.13,3264.29,79538532,0.62,31.0,★★☆☆☆,OK
012450,한화에어로스페이스,,904000.0,333333,2.32,↓,1045850.0,1031100.0,28.11,-23635.11,-10796.43,52285.71,157977264,1.23,61.5,★★★★☆,OK
068270,셀트리온,,179000.0,461849,1.2,↓,180085.0,184700.0,52.12,-1363.84,-1842.44,3760.71,199658378,1.35,67.5,★★★★☆,OK
006400,삼성SDI,,567000.0,686889,1.9,↑,540900.0,493000.0,55.48,8879.64,7547.4,21714.29,56038553,2.61,100.0,★★★★★,OK
329180,HD현대중공업,,384500.0,333561,1.22,↓,442750.0,462950.0,24.81,-16377.88,-11450.91,15500.0,8602245,0.58,29.0,★★☆☆☆,OK
000270,기아,,107000.0,1233426,1.63,↓,118670.0,128898.33,8.65,-5210.04,-4457.22,3035.71,304669702,0.27,13.5,★☆☆☆☆,OK
034730,SK,,561000.0,196370,1.57,↓,578650.0,568741.67,51.92,1642.58,2829.99,23857.14,16738359,1.45,72.5,★★★★☆,OK
086790,하나금융지주,,124500.0,787624,1.2,↓,133820.0,132078.33,21.49,-1550.91,-238.04,3685.71,94711460,0.5,25.0,★★☆☆☆,OK
066570,LG전자,,201000.0,1037049,1.41,↓,207655.0,194295.0,49.42,3794.78,4215.95,10550.0,152149103,1.59,79.5,★★★★☆,OK
012330,현대모비스,,360000.0,464043,1.69,↓,386300.0,448358.33,27.91,-20590.88,-22718.83,13392.86,-3456491,1.09,54.5,★★★☆☆,OK
010120,LS ELECTRIC,,197200.0,714853,1.71,↓,205295.0,199915.0,50.42,842.95,1250.79,8978.57,317917681,1.62,81.0,★★★★★,OK
035420,NAVER,,183200.0,926786,1.42,↓,198745.0,206691.67,13.44,-6241.64,-5075.88,4507.14,54772975,0.37,18.5,★☆☆☆☆,OK
000810,삼성화재,,610000.0,113968,1.34,↓,648400.0,643900.0,21.35,-7899.88,-2735.57,18857.14,9217644,0.55,27.5,★★☆☆☆,OK
042700,한미반도체,,263000.0,1025061,1.52,↓,246550.0,224891.67,71.11,11339.6,8836.2,11696.43,740942543,1.35,67.5,★★★★☆,OK
298040,효성중공업,,2514000.0,64424,1.62,↓,2811400.0,2769600.0,35.57,-47976.15,-17126.65,120571.43,42030295,1.1,55.0,★★★☆☆,OK
042660,한화오션,,71800.0,919018,1.34,↓,81385.0,84618.33,15.34,-3174.57,-2382.08,2242.86,75794803,0.4,20.0,★☆☆☆☆,OK
005490,POSCO홀딩스,,305500.0,387135,1.81,↓,319950.0,320108.33,26.96,-5421.53,-4104.61,8642.86,20744321,0.95,47.5,★★★☆☆,OK
316140,우리금융지주,,32400.0,2904576,0.82,↓,35015.0,33471.67,20.0,-141.51,323.28,1100.0,54761290,0.32,16.0,★☆☆☆☆,OK
096770,SK이노베이션,,161500.0,1167939,1.14,↑,146690.0,129241.67,63.3,7177.98,6211.03,9400.0,80293750,1.27,63.5,★★★★☆,OK
267260,HD현대일렉트릭,,607000.0,163456,1.34,↓,701750.0,737650.0,21.02,-28659.24,-20993.64,28000.0,87631613,0.54,27.0,★★☆☆☆,OK
010130,고려아연,,1032000.0,20708,1.3,↓,1125350.0,1137300.0,24.51,-37115.21,-29506.56,29428.57,6056497,0.62,31.0,★★☆☆☆,OK
000150,두산,,1331000.0,85424,0.91,↓,1377300.0,1251800.0,52.2,35757.42,45376.91,85428.57,18108260,0.98,49.0,★★★☆☆,OK
011200,HMM,,20850.0,1191106,1.53,↓,21012.5,21045.83,51.47,1.53,-12.53,507.14,1389205692,1.74,87.0,★★★★★,OK
138040,메리츠금융지주,,126700.0,181720,0.97,↓,128410.0,123236.67,49.65,1184.72,1626.73,4300.0,35590302,1.12,56.0,★★★☆☆,OK
009540,HD한국조선해양,,291500.0,337244,1.98,↓,335050.0,353308.33,23.78,-13198.82,-9489.4,12482.14,11079736,0.9,45.0,★★★☆☆,OK
010950,S-Oil,,169000.0,294866,0.74,↑,156895.0,146050.0,64.8,5458.05,4371.58,9671.43,48161575,0.79,39.5,★★☆☆☆,OK
051910,LG화학,,281500.0,537833,2.55,↑,267175.0,265558.33,57.05,-213.38,-2242.03,11642.86,6552956,3.37,100.0,★★★★★,OK
015760,한국전력,,29100.0,1552044,1.13,↓,31137.5,32874.17,14.29,-881.24,-813.26,617.86,175857058,0.32,16.0,★☆☆☆☆,OK
017670,SK텔레콤,,84200.0,677027,0.99,↓,88175.0,90415.0,34.51,-1598.71,-1488.07,2350.0,83770985,0.66,33.0,★★☆☆☆,OK
033780,KT&G,,177300.0,209873,0.95,↑,173755.0,176021.67,67.51,762.22,141.88,3914.29,19918199,0.97,48.5,★★★☆☆,OK
010140,삼성중공업,,18900.0,3692865,1.23,↓,20542.5,21125.67,31.33,-518.82,-385.35,668.57,1613312355,0.74,37.0,★★☆☆☆,OK
003550,LG,,108400.0,266218,1.13,↓,113165.0,109126.67,39.15,-664.22,-19.72,3778.57,36160756,0.85,42.5,★★★☆☆,OK
003670,포스코퓨처엠,,191300.0,525023,1.53,↓,185940.0,167091.67,50.96,4428.86,4044.8,10535.71,164476467,2.28,100.0,★★★★★,OK
006800,미래에셋증권,,29400.0,1581070,1.59,↓,32252.5,34701.67,33.14,-1164.75,-1093.83,1292.86,453105393,1.01,50.5,★★★☆☆,OK
024110,기업은행,,19900.0,1206565,1.47,↓,20387.5,20548.33,37.78,-121.28,-73.66,373.57,114568345,1.09,54.5,★★★☆☆,OK
272210,한화시스템,,76700.0,1252210,1.68,↓,75100.0,71201.67,59.0,1662.95,1320.07,5692.86,559692172,2.05,100.0,★★★★★,OK
018260,삼성에스디에스,,196100.0,265849,1.84,↓,219305.0,219513.33,25.97,-4395.82,-2193.53,7478.57,16991296,0.92,46.0,★★★☆☆,OK
035720,카카오,,32400.0,1712465,1.37,↓,33937.5,35884.17,26.53,-822.73,-788.63,828.57,47747278,0.71,35.5,★★☆☆☆,OK
267250,HD현대,,180800.0,328093,1.84,↓,216325.0,215051.67,16.27,-9250.75,-5480.18,9521.43,16491111,0.57,28.5,★★☆☆☆,OK
086280,현대글로비스,,183200.0,220030,1.5,↓,200395.0,200141.67,24.17,-3058.16,-1346.12,6150.0,44476625,0.7,35.0,★★☆☆☆,OK
278470,에이피알,,369000.0,267711,1.13,→,365600.0,378316.67,54.49,-5201.1,-6712.97,15571.43,55465158,1.38,69.0,★★★★☆,OK
079550,LIG디펜스앤에어로스페이스,,619000.0,249493,2.59,↓,692400.0,714150.0,42.73,-8873.56,-5140.65,40964.29,51588655,2.08,100.0,★★★★★,OK
011070,LG이노텍,,572000.0,217666,1.03,↓,553500.0,578950.0,59.67,3499.83,-5302.06,39071.43,22622182,1.09,54.5,★★★☆☆,OK
005830,DB손해보험,,186100.0,214696,1.02,↑,187300.0,176453.33,48.59,967.88,2097.95,6378.57,-3659461,1.15,57.5,★★★☆☆,OK
030200,KT,,51300.0,491151,1.81,↓,52635.0,52968.33,30.77,-490.45,-295.27,842.86,47133332,1.1,55.0,★★★☆☆,OK
000720,현대건설,,106300.0,1046277,1.47,↓,123150.0,113458.33,23.15,-2379.14,146.48,6575.0,141892881,0.64,32.0,★★☆☆☆,OK
047810,한국항공우주,,121600.0,386250,1.5,↓,128615.0,135338.33,37.93,-2235.48,-1958.39,4550.0,134086592,1.1,55.0,★★★☆☆,OK
307950,현대오토에버,,363000.0,74438,1.71,↓,376900.0,399483.33,45.77,-9217.42,-10915.42,14285.71,27088470,1.81,90.5,★★★★★,OK
443060,HD현대마린솔루션,,218000.0,108338,0.94,↓,232725.0,211278.33,37.5,3000.71,6301.43,10678.57,4770569,0.81,40.5,★★☆☆☆,OK
064350,현대로템,,104800.0,650118,1.86,↓,118100.0,134215.0,24.25,-6640.77,-6219.04,4535.71,762308554,0.86,43.0,★★★☆☆,OK
047050,포스코인터내셔널,,56800.0,537221,0.99,↑,56620.0,54257.5,54.15,597.23,675.66,2589.29,417643335,1.22,61.0,★★★★☆,OK
003490,대한항공,,30500.0,2791673,1.12,↓,30345.0,27886.67,58.65,755.36,867.9,1103.57,426107049,1.25,62.5,★★★★☆,OK
078930,GS,,104800.0,436965,1.1,↓,112185.0,105740.0,37.62,-1916.5,-669.01,6007.14,25077938,0.78,39.0,★★☆☆☆,OK
028050,삼성E&A,,47900.0,1427224,0.78,↓,49750.0,47078.33,35.05,-23.37,345.61,2125.0,447766596,0.63,31.5,★★☆☆☆,OK
071050,한국금융지주,,169000.0,229129,1.43,↓,184295.0,195533.33,19.83,-5209.99,-4253.68,5857.14,13461360,0.55,27.5,★★☆☆☆,OK
007660,이수페타시스,,125000.0,1637833,1.97,↑,114320.0,101180.0,63.0,5394.73,4397.49,8685.71,1128983575,2.18,100.0,★★★★★,OK
323410,카카오뱅크,,19520.0,854530,1.1,↓,20574.0,21503.83,22.71,-506.13,-442.16,425.71,183309365,0.49,24.5,★★☆☆☆,OK
003230,삼양식품,,1165000.0,30668,0.73,↓,1247050.0,1263100.0,25.45,-34807.85,-26081.15,38142.86,8775042,0.36,18.0,★☆☆☆☆,OK
000500,가온전선,,299500.0,130739,0.43,↓,289800.0,216243.33,65.6,28119.97,30565.84,25857.14,140884074,0.38,19.0,★☆☆☆☆,OK
005940,NH투자증권,,25050.0,1051092,2.25,↓,26165.0,27378.33,41.0,-230.36,-266.81,767.86,147866629,2.15,100.0,★★★★★,OK
259960,크래프톤,,186600.0,176473,2.27,↓,202880.0,222468.33,22.67,-7101.17,-6946.28,6396.43,-5085302,1.0,50.0,★★★☆☆,OK
180640,한진칼,,129800.0,67504,0.94,↓,137505.0,125888.33,31.74,336.39,2001.2,5100.0,126732026,0.69,34.5,★★☆☆☆,OK
0126Z0,삼성에피스홀딩스,,343000.0,46108,1.29,↓,344050.0,369450.0,53.69,-2213.48,-6257.62,15035.71,14491954,1.37,68.5,★★★★☆,OK
090430,아모레퍼시픽,,133900.0,199873,0.97,↓,140150.0,135093.33,32.41,-922.9,354.53,5528.57,16598905,0.6,30.0,★★☆☆☆,OK
009830,한화솔루션,,35700.0,2400744,0.75,↓,31365.0,30909.17,71.92,1308.28,514.65,1975.0,735385317,0.64,32.0,★★☆☆☆,OK
161390,한국타이어앤테크놀로지,,61700.0,342879,1.3,↑,60165.0,65771.67,60.15,-1330.45,-1825.62,2107.14,29202988,1.4,70.0,★★★★☆,OK
006260,LS,,268500.0,198696,1.55,↓,309100.0,304325.0,31.31,-6719.89,-1942.15,15678.57,22582624,0.92,46.0,★★★☆☆,OK
353200,대덕전자,,157600.0,1358366,1.24,↑,119565.0,112578.33,88.82,12412.74,7190.06,9785.71,463247325,0.42,21.0,★★☆☆☆,OK
016360,삼성증권,,85900.0,384677,1.32,↓,87995.0,92510.0,48.31,-503.74,-732.06,2671.43,35270335,1.48,74.0,★★★★☆,OK
021240,코웨이,,100300.0,159119,0.78,↓,100595.0,96911.67,48.9,774.3,1049.28,4114.29,-14843570,0.88,44.0,★★★☆☆,OK
352820,하이브,,164000.0,215767,1.1,↑,165390.0,179055.0,38.68,-4666.8,-5341.24,5821.43,-1351929,0.99,49.5,★★★☆☆,OK
047040,대우건설,,16610.0,3711700,0.48,↓,18458.5,16996.5,30.16,-163.77,82.45,967.14,1876530898,0.27,13.5,★☆☆☆☆,OK
064400,LG씨엔에스,,67700.0,733473,1.58,↓,70690.0,70470.0,39.77,-737.47,-644.2,2321.43,43790340,1.22,61.0,★★★★☆,OK
062040,산일전기,,222000.0,290318,0.99,↓,208290.0,184530.0,69.85,9827.25,8028.99,11257.14,50438918,0.91,45.5,★★★☆☆,OK
128940,한미약품,,482000.0,274223,2.37,↓,498875.0,440816.67,45.66,13434.4,16045.68,26535.71,14284320,2.46,100.0,★★★★★,OK
039490,키움증권,,242000.0,103098,1.52,↓,262550.0,280183.33,26.72,-8231.44,-7140.27,9071.43,12776976,0.78,39.0,★★☆☆☆,OK
032640,LG유플러스,,14430.0,665940,0.77,↓,14658.0,14764.83,37.87,-92.21,-75.08,270.71,12383717,0.57,28.5,★★☆☆☆,OK
000990,DB하이텍,,136500.0,760342,0.99,↓,126910.0,105953.33,63.71,9543.38,9301.07,8021.43,317955443,1.09,54.5,★★★☆☆,OK
000880,한화,,110400.0,138582,1.39,↓,131595.0,117641.95,15.0,-1364.42,1665.3,5857.14,56155918,0.4,20.0,★☆☆☆☆,OK
326030,SK바이오팜,,72700.0,155627,1.4,↓,77845.0,81450.0,29.1,-2392.3,-2197.27,2107.14,12370967,0.79,39.5,★★☆☆☆,OK
005387,현대차2우B,,170500.0,113671,1.01,↓,177260.0,189761.67,42.76,-4175.83,-4623.29,4285.71,3408064,1.01,50.5,★★★☆☆,OK
001440,대한전선,,28350.0,2900455,0.98,↓,29962.5,28387.5,50.33,350.39,476.54,1971.43,1204375977,0.91,45.5,★★★☆☆,OK
000100,유한양행,,73300.0,233732,1.16,↓,76275.0,77028.33,29.61,-1447.76,-1309.69,1928.57,243042077,0.67,33.5,★★☆☆☆,OK
011790,SKC,,107500.0,279216,1.2,↓,94125.0,86950.0,80.79,5421.4,3297.5,4975.0,82063107,0.7,35.0,★★☆☆☆,OK
377300,카카오페이,,38100.0,289276,1.19,↓,42142.5,42838.33,15.62,-1411.93,-1097.33,1425.0,75814529,0.36,18.0,★☆☆☆☆,OK
175330,JB금융지주,,27850.0,597565,1.3,↓,30575.0,28775.83,28.72,-325.41,178.81,1200.0,55608022,0.72,36.0,★★☆☆☆,OK
241560,두산밥캣,,53700.0,179827,1.14,↓,58510.0,61083.33,20.91,-1984.48,-1564.61,1892.86,29532675,0.46,23.0,★★☆☆☆,OK
267270,HD건설기계,,107100.0,536100,1.94,↓,130875.0,131255.0,21.92,-5646.72,-2720.06,6714.29,47775341,0.8,40.0,★★☆☆☆,OK
036570,NC,,223000.0,204537,1.6,↓,215125.0,224808.33,58.44,1961.73,-957.12,13292.86,-1496762,1.76,88.0,★★★★★,OK
029780,삼성카드,,41350.0,70238,0.8,↓,43692.5,46030.83,14.02,-1243.54,-1097.73,835.71,51613251,0.22,11.0,★☆☆☆☆,OK
066970,엘앤에프,,115600.0,416508,0.83,↓,114825.0,104620.0,50.12,891.09,779.88,6603.57,177133708,1.25,62.5,★★★★☆,OK
052690,한전기술,,120600.0,583486,0.8,↓,133550.0,111055.0,27.6,1752.09,4070.73,7721.43,127802532,0.5,25.0,★★☆☆☆,OK
138930,BNK금융지주,,15270.0,934194,0.92,↓,15851.0,15867.5,38.1,24.78,94.73,522.14,37738153,0.68,34.0,★★☆☆☆,OK
088980,맥쿼리인프라,,9760.0,514740,0.76,↓,9816.5,9886.5,46.67,-23.56,-21.9,100.0,-91017835,0.7,35.0,★★☆☆☆,OK
088350,한화생명,,5180.0,2379529,0.81,↓,5691.5,5190.08,27.59,-61.18,38.8,225.0,1019435161,0.43,21.5,★★☆☆☆,OK
454910,두산로보틱스,,69300.0,375549,1.29,↓,70665.0,69620.0,47.98,140.5,-79.62,2839.29,181392363,1.43,71.5,★★★★☆,OK
010060,OCI홀딩스,,234000.0,177488,0.71,↓,216585.0,230220.0,63.2,-444.17,-5082.57,14300.0,79321737,0.79,39.5,★★☆☆☆,OK
018880,한온시스템,,4020.0,13925944,2.06,↑,3514.5,3519.5,71.09,90.56,11.68,191.21,993615529,1.82,91.0,★★★★★,OK
271560,오리온,,104100.0,79962,0.78,↓,111880.0,124068.33,21.83,-5236.37,-4986.99,2832.14,-2197820,0.33,16.5,★☆☆☆☆,OK
034220,LG디스플레이,,8160.0,3104575,1.06,↓,8573.5,9313.0,32.19,-268.92,-287.45,271.43,172682068,0.79,39.5,★★☆☆☆,OK
051900,LG생활건강,,266000.0,60249,0.92,↓,286800.0,286675.0,19.33,-7292.82,-4207.09,11250.0,-3328852,0.34,17.0,★☆☆☆☆,OK
001450,현대해상,,46900.0,260752,0.64,↓,48680.0,45225.83,41.67,-113.86,306.28,1996.43,8854533,0.61,30.5,★★☆☆☆,OK
103590,일진전기,,82000.0,698389,1.58,↓,77200.0,68395.0,72.32,4411.77,3763.35,4657.14,616610780,1.32,66.0,★★★★☆,OK
002380,KCC,,457000.0,20568,0.95,↓,474925.0,450858.33,37.25,-75.59,2201.61,13321.43,1777524,0.83,41.5,★★★☆☆,OK
005385,현대차우,,170200.0,76667,1.27,↓,177370.0,189298.33,38.75,-4391.62,-4749.54,4214.29,12243005,1.15,57.5,★★★☆☆,OK
001040,CJ,,129700.0,83886,0.81,↓,130720.0,131823.33,46.58,-291.42,-370.81,4150.0,5870751,0.88,44.0,★★★☆☆,OK
004020,현대제철,,28050.0,515688,0.66,↓,32425.0,29540.0,16.81,-541.84,217.26,1432.14,107513255,0.21,10.5,★☆☆☆☆,OK
192820,코스맥스,,303500.0,150922,1.38,↑,277000.0,242461.67,65.45,10091.03,8264.8,18642.86,11349057,1.44,72.0,★★★★☆,OK
008930,한미사이언스,,52000.0,1181941,3.82,↓,53197.5,45114.17,51.27,2629.52,2351.44,4303.57,107400789,4.81,100.0,★★★★★,OK
082740,한화엔진,,41150.0,1568867,1.86,↓,48445.0,46370.83,34.98,-514.97,266.94,2528.57,360341652,1.23,61.5,★★★★☆,OK
036460,한국가스공사,,35700.0,154569,1.03,→,35880.0,35339.17,38.46,-74.04,-66.24,832.14,201734178,0.93,46.5,★★★☆☆,OK
161890,한국콜마,,137500.0,409373,1.31,↓,144040.0,128968.33,41.26,1024.91,2876.13,8750.0,33512706,1.22,61.0,★★★★☆,OK
028670,팬오션,,6090.0,1841021,0.67,→,5903.5,5678.5,60.92,76.38,46.0,278.57,1271256628,0.8,40.0,★★☆☆☆,OK
022100,포스코DX,,20800.0,249834,0.89,↓,21038.5,20415.5,41.68,-50.25,-85.8,745.0,2033928481,1.0,50.0,★★★☆☆,OK
031210,서울보증보험,,42250.0,43614,1.08,↓,42582.5,42905.0,43.17,-227.68,-242.35,1157.14,9422351,1.09,54.5,★★★☆☆,OK
012750,에스원,,83900.0,60770,0.86,→,83065.0,78185.0,53.04,1156.72,1322.1,2728.57,-400010,1.1,55.0,★★★☆☆,OK
111770,영원무역,,70800.0,85846,1.46,↑,71365.0,79110.0,44.96,-1980.93,-2239.1,2407.14,8949006,1.52,76.0,★★★★☆,OK
035250,강원랜드,,14220.0,316357,1.43,↓,14496.0,14499.17,19.77,-93.93,-64.19,225.0,10186450,0.56,28.0,★★☆☆☆,OK
014680,한솔케미칼,,266500.0,54344,0.97,↓,231825.0,222028.33,84.32,16362.04,11207.54,13571.43,3842502,0.46,23.0,★★☆☆☆,OK
020150,롯데에너지머티리얼즈,,55500.0,615265,1.7,↑,43327.5,35914.17,79.36,4252.64,2869.26,3282.14,122937836,1.06,53.0,★★★☆☆,OK
004170,신세계,,305500.0,65272,0.92,↓,354400.0,421525.0,8.92,-25623.26,-24173.83,12464.29,6714214,0.16,8.0,★☆☆☆☆,OK
011780,금호석유화학,,114700.0,44572,0.7,↓,120000.0,121310.0,24.68,-2198.21,-1740.74,3707.14,7058472,0.33,16.5,★☆☆☆☆,OK
302440,SK바이오사이언스,,36850.0,87838,1.37,↓,36645.0,36244.17,48.12,3.6,-116.97,1062.5,41553721,2.05,100.0,★★★★★,OK
336260,두산퓨얼셀,,43750.0,397205,0.46,↓,48055.0,41258.33,24.61,312.44,1038.15,2467.86,424616601,0.26,13.0,★☆☆☆☆,OK
383220,F&F,,72900.0,62187,1.29,↑,68225.0,69321.67,76.52,1181.84,529.8,2164.29,1705194,0.94,47.0,★★★☆☆,OK
007340,DN오토모티브,,48450.0,107051,0.89,↓,47867.5,45500.0,59.8,834.6,857.21,2617.86,26761481,0.95,47.5,★★★☆☆,OK
251270,넷마블,,33700.0,166708,0.24,↓,34750.0,36638.33,39.37,-650.63,-684.84,975.0,23348635,0.22,11.0,★☆☆☆☆,OK
139130,iM금융지주,,17600.0,419036,1.04,↓,18338.5,17884.83,40.11,44.65,130.81,565.0,21007234,0.81,40.5,★★☆☆☆,OK
023530,롯데쇼핑,,97400.0,67836,0.48,↓,108300.0,112821.67,16.19,-3572.09,-2507.48,4692.86,-1575514,0.15,7.5,★☆☆☆☆,OK
097950,CJ제일제당,,182600.0,69982,1.43,↑,178890.0,185466.67,63.4,-1121.64,-2066.94,3185.71,-2241127,1.44,72.0,★★★★☆,OK
085620,미래에셋생명,,20350.0,264644,1.95,↓,19738.5,19415.17,55.25,-36.85,-237.54,1181.43,56719519,2.64,100.0,★★★★★,OK
450080,에코프로머티,,37700.0,455384,1.49,↓,36235.0,35925.0,57.89,339.93,-77.94,1757.14,134125877,1.92,96.0,★★★★★,OK
017800,현대엘리베이터,,70200.0,140631,1.73,↓,73620.0,72068.33,28.95,-420.98,-27.45,1392.86,51044079,0.98,49.0,★★★☆☆,OK
006360,GS건설,,31800.0,823670,0.54,↓,35417.5,32825.0,18.72,-477.69,138.13,1810.71,114348125,0.19,9.5,★☆☆☆☆,OK
026960,동서,,26300.0,42842,0.66,↓,25817.5,25794.17,59.55,193.5,86.94,707.14,11609957,0.83,41.5,★★★☆☆,OK
375500,DL이앤씨,,68000.0,457273,1.09,↓,80755.0,71703.33,9.49,-714.58,1351.85,4142.86,25137857,0.19,9.5,★☆☆☆☆,OK
003690,코리안리,,14540.0,241198,1.24,↑,14751.5,14406.17,35.53,-15.88,48.56,349.29,46852427,1.03,51.5,★★★☆☆,OK
011170,롯데케미칼,,59100.0,104031,0.55,↓,62560.0,59581.67,28.68,-54.01,432.72,3310.71,10044920,0.3,15.0,★☆☆☆☆,OK
000240,한국앤컴퍼니,,26200.0,127037,1.9,↑,24822.5,24844.17,78.57,248.84,110.43,689.29,43144904,1.27,63.5,★★★★☆,OK
489790,한화비전,,48750.0,119988,0.69,↓,48060.0,47645.0,62.46,355.45,29.81,2214.29,145291151,0.79,39.5,★★☆☆☆,OK
018670,SK가스,,269500.0,17624,1.54,↑,245725.0,235066.67,77.57,6097.48,3473.6,9535.71,401103,1.07,53.5,★★★☆☆,OK
004800,효성,,148400.0,10830,0.55,↓,159285.0,156485.0,40.12,-1976.01,-782.25,5450.0,6430469,0.43,21.5,★★☆☆☆,OK
457190,이수스페셜티케미컬,,80500.0,216313,0.98,↓,69930.0,64040.83,77.3,4368.56,2780.72,3942.86,181375525,0.68,34.0,★★☆☆☆,OK
281820,케이씨텍,,123200.0,313060,1.18,↑,83295.0,76735.0,92.7,10913.52,6160.42,7850.0,45831624,0.26,13.0,★☆☆☆☆,OK
004370,농심,,394500.0,17322,0.8,↓,402450.0,399733.33,38.02,-4139.86,-3464.12,10857.14,1606848,0.59,29.5,★★☆☆☆,OK
005440,현대지에프홀딩스,,12850.0,762684,2.04,↑,12924.5,12393.67,38.9,50.31,124.39,493.57,141786235,1.83,91.5,★★★★★,OK
112610,씨에스윈드,,55400.0,320301,0.85,↓,52387.5,46447.5,56.67,2177.74,1848.09,2671.43,45930167,1.12,56.0,★★★☆☆,OK
005850,에스엘,,50000.0,66602,1.0,↓,50630.0,52939.17,46.79,-547.03,-804.18,1539.29,67757446,1.09,54.5,★★★☆☆,OK
009420,한올바이오파마,,43700.0,203874,0.84,↓,47722.5,51949.17,38.18,-2434.07,-2442.56,2585.71,288718116,0.73,36.5,★★☆☆☆,OK
004990,롯데지주,,23050.0,110450,0.88,↓,24372.5,23652.5,17.74,-198.9,13.48,507.14,12222680,0.31,15.5,★☆☆☆☆,OK
229640,LS에코에너지,,72900.0,425862,1.53,↑,58740.0,49355.83,84.36,5677.45,4550.56,5157.14,489315869,0.72,36.0,★★☆☆☆,OK
009970,영원무역홀딩스,,169700.0,12554,1.31,↑,167280.0,179525.0,54.37,-2472.13,-3303.01,6242.86,1712857,1.61,80.5,★★★★☆,OK
483650,달바글로벌,,173000.0,123043,0.86,↓,178125.0,209708.33,57.95,-6373.04,-8089.75,9382.14,12131955,0.82,41.0,★★★☆☆,OK
001720,신영증권,,136300.0,7203,0.86,↓,142125.0,147415.0,26.37,-3219.74,-3219.38,4100.0,2028289,0.44,22.0,★★☆☆☆,OK
279570,케이뱅크,,5270.0,739546,1.32,↓,5503.5,5646.33,31.82,-71.93,-64.5,125.71,25426213,0.82,41.0,★★★☆☆,OK
282330,BGF리테일,,125600.0,52170,1.2,↓,136715.0,136213.33,27.6,-3970.11,-2625.13,4671.43,1457194,0.64,32.0,★★☆☆☆,OK
030000,제일기획,,18820.0,435556,0.95,→,18353.5,18724.5,49.39,-9.57,-136.14,433.21,63986774,1.47,73.5,★★★★☆,OK
081660,미스토홀딩스,,38250.0,131306,1.01,↓,38935.0,42094.17,41.74,-819.83,-983.66,1300.0,26176519,0.98,49.0,★★★☆☆,OK
007810,코리아써키트,,87100.0,414375,0.67,↑,64487.5,60605.0,88.54,7767.94,4426.4,5517.86,217037986,0.23,11.5,★☆☆☆☆,OK
204320,HL만도,,44350.0,351292,1.38,↓,47447.5,48288.33,27.18,-1053.12,-911.01,1521.43,100454307,0.73,36.5,★★☆☆☆,OK
002790,아모레퍼시픽홀딩스,,25550.0,76877,0.66,↓,26067.5,25795.0,43.86,-108.02,-6.85,903.57,3247327,0.56,28.0,★★☆☆☆,OK
051600,한전KPS,,43750.0,114431,0.8,↓,46407.5,45644.17,29.8,-564.72,-246.35,1389.29,35095051,0.46,23.0,★★☆☆☆,OK
073240,금호타이어,,6640.0,1213954,0.91,↓,6941.5,6992.33,34.46,-115.55,-82.38,247.14,309780166,0.6,30.0,★★☆☆☆,OK
089860,롯데렌탈,,51200.0,50698,0.68,→,49645.0,44815.83,76.42,1266.82,1346.2,1453.57,-2594724,0.44,22.0,★★☆☆☆,OK
139480,이마트,,70400.0,118544,1.32,↓,72885.0,76118.33,22.54,-1218.88,-1166.67,1435.71,6010787,0.58,29.0,★★☆☆☆,OK
103140,풍산,,65900.0,207395,1.69,↓,77005.0,74951.67,25.81,-1623.56,-372.07,3050.0,93899621,0.83,41.5,★★★☆☆,OK
181710,NHN,,55800.0,70336,0.35,↓,56495.0,54030.0,51.83,-842.3,-687.55,2857.14,19867690,0.38,19.0,★☆☆☆☆,OK
069960,현대백화점,,85500.0,60979,0.56,↓,94770.0,107940.0,19.23,-4520.39,-4048.2,3364.29,3449645,0.21,10.5,★☆☆☆☆,OK
462870,시프트업,,30550.0,41754,1.32,↓,31250.0,31759.17,29.41,-304.06,-262.3,850.0,-5355165,0.76,38.0,★★☆☆☆,OK
439260,대한조선,,44800.0,61379,1.97,↓,46425.0,47729.17,42.92,-600.03,-712.53,1721.43,12997229,1.95,97.5,★★★★★,OK
000155,두산우,,434000.0,7953,0.78,↓,457600.0,433925.0,52.04,6540.02,9396.0,25964.29,10860363,0.85,42.5,★★★☆☆,OK
007070,GS리테일,,21550.0,94447,0.56,↓,23517.5,25213.33,10.67,-966.72,-845.54,682.14,12762077,0.12,6.0,★☆☆☆☆,OK
020560,아시아나항공,,8200.0,178426,1.35,↓,8084.0,7484.0,59.64,196.71,215.0,261.43,242703748,1.48,74.0,★★★★☆,OK
001120,LX인터내셔널,,43250.0,97480,0.91,↓,41597.5,39065.0,63.71,1141.4,973.17,1642.86,85445483,1.02,51.0,★★★☆☆,OK
001430,세아베스틸지주,,46600.0,204656,1.43,↑,44377.5,40245.83,57.93,1312.16,1293.87,2614.29,72404753,1.82,91.0,★★★★★,OK
395400,SK리츠,,5280.0,166056,0.81,→,5269.0,5478.83,50.7,-44.94,-61.26,153.57,31686543,1.09,54.5,★★★☆☆,OK
120110,코오롱인더,,55700.0,210319,1.12,↓,55770.0,54470.83,56.38,175.78,136.89,2478.57,40070699,1.31,65.5,★★★★☆,OK
001820,삼화콘덴서,,157600.0,402256,0.37,↓,143760.0,108885.0,61.85,12824.4,12749.39,11014.29,133417828,0.42,21.0,★★☆☆☆,OK
322000,HD현대에너지솔루션,,146500.0,197036,0.7,↑,130945.0,128933.33,67.08,3281.42,483.31,8657.14,140947725,0.7,35.0,★★☆☆☆,OK
093370,후성,,15030.0,2273405,0.49,↓,14434.5,12329.17,53.67,758.62,711.5,1050.71,1189400267,0.68,34.0,★★☆☆☆,OK
000120,CJ대한통운,,69800.0,46170,1.03,↓,71165.0,73208.33,34.29,-953.37,-970.58,1307.14,-2316931,0.83,41.5,★★★☆☆,OK
475150,SK이터닉스,,46200.0,1080862,1.29,↓,50375.0,52822.5,34.33,-1028.12,-769.51,1907.14,411921900,0.85,42.5,★★★☆☆,OK
361610,SK아이이테크놀로지,,18420.0,491000,0.85,↑,16977.5,15591.33,62.04,541.97,407.49,1040.71,10694272,0.98,49.0,★★★☆☆,OK
023590,다우기술,,36500.0,43964,0.97,↓,38915.0,38212.5,21.8,-337.68,-39.81,1125.0,79526699,0.41,20.5,★☆☆☆☆,OK
005070,코스모신소재,,46750.0,142400,0.97,↑,42615.0,39126.67,69.31,1919.06,1449.81,2217.86,414307956,0.91,45.5,★★★☆☆,OK
006040,동원산업,,35050.0,32773,1.15,↓,36120.0,36240.83,28.75,-537.08,-417.87,732.14,2924130,0.65,32.5,★★☆☆☆,OK
008770,호텔신라,,38800.0,151640,0.87,↓,40407.5,42992.5,13.33,-1001.66,-971.02,742.86,35894495,0.23,11.5,★☆☆☆☆,OK
006280,녹십자,,128000.0,30053,1.24,↓,125825.0,124706.67,54.76,454.19,-76.12,3757.14,26923366,1.74,87.0,★★★★★,OK
009155,삼성전기우,,515000.0,6431,0.23,↓,509475.0,483758.33,65.71,8737.58,7615.27,23035.71,6769207,0.24,12.0,★☆☆☆☆,OK
294870,IPARK현대산업개발,,21850.0,74835,0.54,↓,23297.5,21879.17,13.7,-153.31,140.57,957.14,5453020,0.14,7.0,★☆☆☆☆,OK
071970,HD현대마린엔진,,42800.0,267121,1.42,↓,49495.0,53340.83,28.95,-1953.62,-1478.17,2046.43,377861469,0.78,39.0,★★☆☆☆,OK
011210,현대위아,,51000.0,60179,1.07,↓,54390.0,57910.0,24.49,-1836.94,-1785.47,1578.57,36479581,0.51,25.5,★★☆☆☆,OK
012630,HDC,,24050.0,59860,0.58,↑,25592.5,22870.67,31.05,37.84,520.42,1146.43,14354262,0.41,20.5,★☆☆☆☆,OK
097230,HJ중공업,,14250.0,229526,0.95,↓,15250.0,15967.83,37.77,-431.43,-427.65,704.29,314949396,0.68,34.0,★★☆☆☆,OK
001800,오리온홀딩스,,22550.0,65250,1.02,↓,24110.0,25320.0,14.55,-730.62,-593.39,707.14,-556341,0.29,14.5,★☆☆☆☆,OK
007310,오뚜기,,311500.0,3046,1.04,↓,320750.0,323241.67,33.33,-4105.6,-3432.65,7321.43,-533947,0.68,34.0,★★☆☆☆,OK
069620,대웅제약,,108600.0,26034,1.66,↓,109870.0,118905.0,45.33,-2746.17,-3261.99,2996.43,52608634,1.76,88.0,★★★★★,OK
066575,LG전자우,,71900.0,52798,0.75,↓,72240.0,69051.67,55.15,1131.5,890.85,3342.86,38918394,0.9,45.0,★★★☆☆,OK
415640,KB발해인프라,,9970.0,66057,0.27,↓,10279.0,10438.67,17.12,-125.34,-87.56,260.71,1571210,0.09,4.5,★☆☆☆☆,OK
006120,SK디스커버리,,70100.0,34616,1.04,↑,60980.0,55095.83,79.3,4079.74,3039.93,3507.14,52767932,0.66,33.0,★★☆☆☆,OK
00680K,미래에셋증권2우B,,9800.0,178625,0.78,↓,10553.5,11188.83,32.09,-340.12,-292.22,370.71,71251918,0.48,24.0,★★☆☆☆,OK
001740,SK네트웍스,,6120.0,821765,1.18,↓,6301.0,6989.5,43.54,-148.67,-204.46,217.14,440390032,1.19,59.5,★★★☆☆,OK
192080,더블유게임즈,,57000.0,60395,1.34,↓,57740.0,59103.33,43.66,-393.27,-332.84,1842.86,9516988,1.13,56.5,★★★☆☆,OK
330590,롯데리츠,,4135.0,90639,0.61,↑,4036.5,3834.5,62.61,66.03,66.51,128.57,-17626586,0.62,31.0,★★☆☆☆,OK
300720,한일시멘트,,16150.0,63989,1.31,↑,16277.0,15399.0,41.82,50.75,124.51,315.71,42887620,1.29,64.5,★★★★☆,OK
298020,효성티앤씨,,277000.0,15113,0.96,↓,310850.0,316941.67,23.37,-13887.24,-9612.68,12750.0,4794989,0.43,21.5,★★☆☆☆,OK
003160,디아이,,41850.0,936687,1.32,↓,35137.5,27311.0,80.21,3869.86,3309.41,2392.86,437497472,0.79,39.5,★★☆☆☆,OK
003540,대신증권,,24300.0,80688,1.31,↓,26192.5,26166.67,11.76,-455.02,-258.98,625.0,29750501,0.3,15.0,★☆☆☆☆,OK
000815,삼성화재우,,390500.0,9102,1.1,↓,407225.0,405325.0,24.73,-5848.68,-3400.08,9464.29,1205553,0.53,26.5,★★☆☆☆,OK
006110,삼아알미늄,,75800.0,585613,3.21,↑,61615.0,52203.33,69.76,2689.27,1586.31,5171.43,261698067,2.91,100.0,★★★★★,OK
280360,롯데웰푸드,,121400.0,21901,1.27,→,129360.0,122356.67,19.75,-2794.67,-1337.46,4510.71,-54114,0.48,24.0,★★☆☆☆,OK
030610,교보증권,,9630.0,22366,0.73,↓,10055.0,9928.5,13.25,-84.25,-40.61,204.29,25461819,0.19,9.5,★☆☆☆☆,OK
195870,해성디에스,,65600.0,139824,0.77,→,57945.0,54730.0,76.86,3320.94,2389.39,4310.71,64925264,0.53,26.5,★★☆☆☆,OK
004000,롯데정밀화학,,42050.0,52745,1.11,↓,44292.5,45486.67,19.09,-966.67,-774.76,1064.29,22485351,0.41,20.5,★☆☆☆☆,OK
003240,태광산업,,914000.0,1048,1.09,↑,908450.0,896000.0,53.28,766.72,601.79,26214.29,45773,1.58,79.0,★★★★☆,OK
000080,하이트진로,,14750.0,67458,0.95,↓,15045.5,15209.83,25.3,-152.11,-121.49,239.29,31000037,0.47,23.5,★★☆☆☆,OK
000210,DL,,48200.0,39924,0.78,↓,52062.5,49805.83,30.62,-715.66,-86.57,2103.57,-656672,0.46,23.0,★★☆☆☆,OK
017960,한국카본,,19260.0,239708,1.5,↓,20909.5,22325.5,31.63,-773.18,-755.67,718.57,183439570,0.91,45.5,★★★☆☆,OK
451800,한화리츠,,5450.0,64011,0.88,↑,5330.0,5194.75,69.49,28.6,24.52,232.86,15610599,0.82,41.0,★★★☆☆,OK
006340,대원전선,,12590.0,1174322,0.48,↓,13223.5,13292.67,46.45,-85.5,-31.56,621.43,4903448281,0.42,21.0,★★☆☆☆,OK
192400,쿠쿠홀딩스,,27350.0,27063,2.24,↑,27215.0,26864.17,54.1,-34.78,-16.69,507.14,-2677045,2.83,100.0,★★★★★,OK
009240,한샘,,40500.0,37993,1.51,↑,39415.0,38617.5,66.0,374.45,292.46,1075.0,-4106131,1.6,80.0,★★★★☆,OK
030190,NICE평가정보,,16630.0,30497,0.51,↑,16012.5,15301.83,59.02,240.35,186.74,463.57,42714037,0.65,32.5,★★☆☆☆,OK
051915,LG화학우,,124700.0,43717,1.87,↑,119705.0,121100.0,56.54,-1044.05,-1855.51,4035.71,2454996,2.52,100.0,★★★★★,OK
003570,SNT다이내믹스,,29050.0,115963,1.05,↓,29067.5,30732.5,54.49,130.07,-187.16,2383.93,71883540,1.06,53.0,★★★☆☆,OK
003530,한화투자증권,,4365.0,645176,0.58,↓,4662.25,4578.92,32.26,-63.45,-33.82,222.14,1724506543,0.36,18.0,★☆☆☆☆,OK
003090,대웅,,15420.0,62741,0.94,→,15896.5,16687.67,37.76,-423.1,-407.42,470.71,189018583,0.69,34.5,★★☆☆☆,OK
185750,종근당,,65400.0,17114,1.03,→,65665.0,67263.33,43.64,-635.71,-773.43,1200.0,41205835,1.06,53.0,★★★☆☆,OK
285130,SK케미칼,,51200.0,61943,1.43,↓,52205.0,47366.67,34.07,293.73,641.97,1717.86,92858322,1.13,56.5,★★★☆☆,OK
034230,파라다이스,,9800.0,454569,1.63,↑,9704.0,9932.67,46.01,-102.71,-139.11,264.29,142251195,2.04,100.0,★★★★★,OK
009450,경동나비엔,,60900.0,13029,0.48,↓,60540.0,63323.33,59.15,-409.74,-704.3,1478.57,9429272,0.54,27.0,★★☆☆☆,OK
071320,지역난방공사,,77100.0,14588,1.15,↓,76925.0,72105.0,58.93,1400.0,1532.97,1778.57,3624886,1.29,64.5,★★★★☆,OK
032350,롯데관광개발,,11070.0,261912,0.87,↓,11663.0,12286.83,30.13,-420.5,-380.29,462.86,65207775,0.5,25.0,★★☆☆☆,OK
005300,롯데칠성,,94800.0,12239,0.99,↓,95840.0,98260.0,40.0,-882.81,-948.1,1650.0,11106,0.93,46.5,★★★☆☆,OK
004490,세방전지,,63100.0,81925,1.17,↑,61265.0,57940.0,59.81,730.77,578.83,1742.86,17608084,1.46,73.0,★★★★☆,OK
000370,한화손해보험,,7250.0,239826,0.44,↓,7869.5,7058.67,26.17,-88.79,53.3,345.71,247837468,0.26,13.0,★☆☆☆☆,OK
079160,CJ CGV,,5060.0,126215,0.38,↑,5244.0,5136.33,20.0,-71.37,-33.6,239.64,5841752,0.15,7.5,★☆☆☆☆,OK
077970,STX엔진,,20800.0,202524,1.41,↓,23077.5,24331.67,35.91,-773.26,-702.09,1064.29,179125820,0.96,48.0,★★★☆☆,OK
248070,솔루엠,,17100.0,251243,1.02,↑,13775.0,13900.0,87.35,869.13,295.66,832.14,70800469,0.39,19.5,★☆☆☆☆,OK
003470,유안타증권,,4225.0,196902,0.82,↓,4515.25,4530.08,13.99,-101.38,-68.63,109.29,378672713,0.22,11.0,★☆☆☆☆,OK
005180,빙그레,,87200.0,16826,0.34,↑,86045.0,79016.67,50.55,697.31,1013.46,3317.86,2167843,0.45,22.5,★★☆☆☆,OK
071055,한국금융지주우,,137300.0,15416,1.35,↓,145550.0,148105.0,5.56,-2544.55,-1834.48,3842.86,5746364,0.15,7.5,★☆☆☆☆,OK
137310,에스디바이오센서,,6480.0,177932,1.4,→,6222.5,6239.83,59.85,69.88,8.49,200.71,30595273,1.74,87.0,★★★★★,OK
005690,파미셀,,12750.0,630462,0.38,↓,11942.5,11294.17,69.18,447.56,353.25,778.21,1485907131,0.35,17.5,★☆☆☆☆,OK
365550,ESR켄달스퀘어리츠,,3105.0,123143,0.53,↓,3144.75,3176.83,43.41,-7.77,-9.55,103.57,4862539,0.53,26.5,★★☆☆☆,OK
100090,SK오션플랜트,,12030.0,375060,0.76,↓,12140.0,13115.83,47.5,-259.07,-374.73,432.14,323134723,0.84,42.0,★★★☆☆,OK
000670,영풍,,40500.0,47075,0.41,↓,42877.5,39105.0,19.19,12.18,627.18,2307.14,986202,0.18,9.0,★☆☆☆☆,OK
298050,HS효성첨단소재,,162100.0,9348,1.2,↓,165675.0,164690.0,38.57,-2095.83,-1870.5,5057.14,12518330,0.9,45.0,★★★☆☆,OK
036530,SNT홀딩스,,45500.0,19948,1.59,↑,46372.5,47515.83,43.55,-487.09,-388.67,1710.71,4245501,1.33,66.5,★★★★☆,OK
003850,보령,,8570.0,56355,0.49,↓,8591.5,8614.83,47.02,-67.95,-94.72,276.43,206562425,0.54,27.0,★★☆☆☆,OK
499790,GS피앤엘,,37200.0,31706,0.75,↓,38807.5,40119.17,34.62,-822.44,-736.38,1435.71,992718,0.5,25.0,★★☆☆☆,OK
090460,비에이치,,21650.0,506153,0.56,↑,20275.5,18232.17,61.51,782.57,656.18,1030.0,259442059,0.66,33.0,★★☆☆☆,OK
214320,이노션,,17830.0,55587,1.07,↓,18246.0,18719.67,27.27,-204.56,-195.35,317.86,5514449,0.57,28.5,★★☆☆☆,OK
000400,롯데손해보험,,2295.0,606008,1.75,↑,2100.75,2103.12,70.91,40.68,16.82,147.64,309731956,1.53,76.5,★★★★☆,OK
002960,한국쉘석유,,545000.0,1454,1.55,↑,513300.0,506708.33,82.54,7279.41,4142.88,10500.0,152384,0.85,42.5,★★★☆☆,OK
064960,SNT모티브,,26250.0,43229,0.76,↓,26402.5,26496.67,49.04,19.27,-22.43,875.0,6126371,0.87,43.5,★★★☆☆,OK
094800,맵스리얼티,,7470.0,54401,0.4,↓,7637.0,6937.17,47.06,162.7,228.5,295.71,12198641,0.43,21.5,★★☆☆☆,OK
293940,신한알파리츠,,5520.0,83282,0.86,↓,5495.5,5360.17,63.64,49.97,56.77,126.43,130157,0.86,43.0,★★★☆☆,OK
093050,LF,,23650.0,33236,1.3,↓,22450.0,22505.83,65.31,310.31,86.36,742.86,9604586,1.4,70.0,★★★★☆,OK
005090,SGC에너지,,45500.0,73085,0.71,↓,52280.0,51575.83,18.9,-2336.89,-1586.26,2760.71,6132342,0.25,12.5,★☆☆☆☆,OK
005880,대한해운,,2030.0,667802,0.53,↓,2063.85,1995.42,49.48,6.3,9.63,76.43,2437616167,0.61,30.5,★★☆☆☆,OK
014820,동원시스템즈,,22100.0,35243,1.45,↑,21347.5,21076.67,62.34,75.21,-4.81,660.71,15324571,1.7,85.0,★★★★★,OK
268280,미원에스씨,,126000.0,3614,2.56,↓,131150.0,125410.0,34.83,-677.93,458.97,5500.0,512758,2.05,100.0,★★★★★,OK
069260,TKG휴켐스,,15700.0,52911,1.03,↓,16195.5,15859.83,34.47,-89.56,-13.23,443.57,43890836,0.69,34.5,★★☆☆☆,OK
456040,OCI,,71100.0,24068,0.85,↓,75875.0,78236.67,42.29,-1726.43,-1404.55,3071.43,2446145,0.69,34.5,★★☆☆☆,OK
002840,미원상사,,139600.0,3895,1.74,↑,135055.0,129373.33,72.35,1805.73,1750.9,4507.14,495898,1.49,74.5,★★★★☆,OK
001570,금양,,9900.0,0,,→,9900.0,9900.0,,-0.0,-0.0,9900.0,934246541,,,☆☆☆☆☆,Data Missing
100840,SNT에너지,,32000.0,112238,0.52,↓,36672.5,30780.0,30.71,478.12,1353.83,1867.86,82238633,0.36,18.0,★☆☆☆☆,OK
317450,명인제약,,42550.0,7518,0.69,↓,43055.0,43888.33,44.03,-377.13,-481.18,1078.57,-3720936,0.71,35.5,★★☆☆☆,OK
017940,E1,,91300.0,5091,0.6,↑,93915.0,91423.33,33.57,-989.1,-428.75,3307.14,3510663,0.39,19.5,★☆☆☆☆,OK
453340,현대그린푸드,,19110.0,31761,0.85,↑,18960.0,18650.83,47.03,101.12,125.89,685.0,1235807,1.08,54.0,★★★☆☆,OK
000640,동아쏘시오홀딩스,,93400.0,7546,0.81,↓,93180.0,90046.67,48.45,703.45,822.05,2714.29,2142862,1.07,53.5,★★★☆☆,OK
004710,한솔테크닉스,,11750.0,903851,0.93,↓,10163.5,8526.0,82.03,979.86,820.5,832.14,175502368,0.5,25.0,★★☆☆☆,OK
017900,광전자,,10670.0,1740942,0.2,↑,9766.0,7841.42,49.38,606.39,610.44,769.29,907445223,0.26,13.0,★☆☆☆☆,OK
383800,LX홀딩스,,8050.0,62660,0.85,↑,8063.0,7963.0,52.08,-2.18,9.99,126.43,-9622650,0.96,48.0,★★★☆☆,OK
001060,JW중외제약,,26250.0,64776,1.58,↓,26987.5,26102.5,42.62,3.38,66.83,846.43,101765682,1.57,78.5,★★★★☆,OK
001680,대상,,17560.0,34835,0.61,↓,18103.5,17953.67,28.27,-154.15,-75.94,349.29,11612305,0.34,17.0,★☆☆☆☆,OK
336370,솔루스첨단소재,,8640.0,233923,0.89,↓,8099.0,7538.83,54.77,280.33,182.45,472.86,334329910,1.22,61.0,★★★★☆,OK
178920,PI첨단소재,,20650.0,71472,1.91,↑,19061.0,18902.67,73.38,308.56,66.75,746.43,50240337,1.57,78.5,★★★★☆,OK
192650,드림텍,,9030.0,373546,0.27,↓,7815.0,5842.67,70.38,899.7,830.56,636.43,315857985,0.24,12.0,★☆☆☆☆,OK
108320,LX세미콘,,37600.0,36924,0.38,↓,36497.5,36950.0,66.91,193.47,-52.47,1167.86,28735282,0.39,19.5,★☆☆☆☆,OK
006650,대한유화,,89000.0,25320,0.51,↓,95950.0,93903.33,23.56,-1801.14,-902.36,4250.0,6583553,0.23,11.5,★☆☆☆☆,OK
033240,자화전자,,26700.0,77765,1.07,↓,27105.0,26958.5,53.49,-219.04,-292.02,1146.43,90117286,1.15,57.5,★★★☆☆,OK
001530,DI동일,,26950.0,95262,3.53,↑,26277.5,25228.33,50.29,-38.89,26.46,1342.86,10108431,4.68,100.0,★★★★★,OK
079900,전진건설로봇,,38000.0,28683,0.43,↓,40722.5,36385.0,40.93,279.76,795.87,1317.86,94735254,0.41,20.5,★☆☆☆☆,OK
002350,넥센타이어,,5770.0,157149,1.08,→,5703.0,6248.5,54.55,-116.03,-162.63,138.57,46351724,1.34,67.0,★★★★☆,OK
284740,쿠쿠홈시스,,24500.0,16052,1.17,↓,23877.5,22636.67,64.0,459.78,423.32,675.0,926786,1.31,65.5,★★★★☆,OK
161000,애경케미칼,,11180.0,459424,2.72,↑,10373.5,9662.5,63.47,252.2,164.26,408.57,400627911,3.07,100.0,★★★★★,OK
016380,KG스틸,,5530.0,194108,0.76,↓,5631.5,5496.5,43.28,18.82,26.96,187.14,165355686,0.76,38.0,★★☆☆☆,OK
025540,한국단자,,54500.0,16337,1.07,↓,55955.0,58776.67,39.47,-702.03,-745.06,1421.43,5789316,0.99,49.5,★★★☆☆,OK
00104K,CJ4우(전환),,127900.0,2297,0.34,→,128440.0,128290.0,47.49,-50.15,40.24,4185.71,791050,0.31,15.5,★☆☆☆☆,OK
00088K,한화3우B,,36500.0,15442,0.6,↓,40400.0,35278.33,25.85,174.33,909.22,1600.0,20161723,0.36,18.0,★☆☆☆☆,OK
075580,세진중공업,,9310.0,139267,1.3,↓,10082.5,10633.5,31.65,-250.34,-229.46,295.0,208676140,0.8,40.0,★★☆☆☆,OK
114090,GKL,,8640.0,62693,0.7,↑,8959.0,9281.0,24.07,-212.26,-180.74,180.0,22679234,0.33,16.5,★☆☆☆☆,OK
003300,한일홀딩스,,17000.0,4366,0.32,↓,17784.5,17702.83,35.93,-167.2,-69.45,656.43,2696027,0.22,11.0,★☆☆☆☆,OK
003620,KG모빌리티,,2610.0,268066,0.67,↑,2591.75,2708.33,46.91,-38.32,-50.54,72.5,594161142,0.86,43.0,★★★☆☆,OK
007700,F&F홀딩스,,13560.0,5533,0.82,↑,13651.5,14045.33,38.57,-192.73,-204.87,377.86,38292132,0.74,37.0,★★☆☆☆,OK
009410,태영건설,,1628.0,121837,0.45,↓,1661.45,1643.78,34.34,-7.79,-3.3,59.07,91885912,0.3,15.0,★☆☆☆☆,OK
0220W0,한화머시너리앤서비스홀딩스,,6110.0,3809077,1.33,↑,6288.5,,31.15,-575.37,-662.13,399.29,-15810155,0.93,46.5,★★★☆☆,OK
008060,대덕,,16450.0,58468,0.74,↑,14976.5,14885.5,83.0,317.59,83.3,574.29,54171179,0.39,19.5,★☆☆☆☆,OK
058650,세아홀딩스,,126000.0,757,0.93,↓,129975.0,126215.0,31.68,-773.62,-143.87,3435.71,675751,0.57,28.5,★★☆☆☆,OK
019170,신풍제약,,9890.0,858230,1.81,→,9618.0,8923.5,50.12,163.54,100.65,471.43,1040034340,2.76,100.0,★★★★★,OK
484870,엠앤씨솔루션,,18630.0,87188,0.69,↑,18190.5,18081.17,54.83,239.79,125.91,1045.0,9616295,0.94,47.0,★★★☆☆,OK
001270,부국증권,,49300.0,4236,0.71,↓,50640.0,53008.33,34.04,-816.12,-846.58,1382.14,12574410,0.56,28.0,★★☆☆☆,OK
001510,SK증권,,2220.0,1228994,0.59,↓,2351.75,2330.17,32.53,-42.14,-32.04,89.29,2756524094,0.37,18.5,★☆☆☆☆,OK
029460,케이씨,,46350.0,35074,0.92,↑,42457.5,35960.83,69.81,2511.32,2344.85,2217.86,32168035,0.85,42.5,★★★☆☆,OK
452260,한화갤러리아,,2560.0,815127,0.4,↓,2643.25,2218.98,53.16,103.15,138.01,159.64,1707922772,0.42,21.0,★★☆☆☆,OK
005810,풍산홀딩스,,35150.0,5749,0.54,↓,37035.0,36392.5,21.13,-318.57,-81.96,896.43,19340890,0.22,11.0,★☆☆☆☆,OK
377740,바이오노트,,4630.0,41033,1.05,↓,4693.25,4705.92,34.38,-24.02,-22.06,107.5,1238423,0.71,35.5,★★☆☆☆,OK
460860,동국제강,,9380.0,566729,1.63,↓,9920.0,9592.83,31.75,-99.09,-34.61,584.29,44281265,0.97,48.5,★★★☆☆,OK
003545,대신증권우,,19760.0,45337,1.28,↓,20283.0,20110.0,26.12,-82.3,-24.32,284.29,11233738,0.66,33.0,★★☆☆☆,OK
145990,삼양사,,45350.0,7230,0.76,↓,46627.5,45547.5,30.63,-158.21,24.21,1089.29,6929221,0.45,22.5,★★☆☆☆,OK
448730,삼성FN리츠,,5100.0,21528,0.2,↑,5115.0,5327.5,41.5,-93.98,-101.94,210.36,8476957,0.19,9.5,★☆☆☆☆,OK
001500,현대차증권,,7540.0,119512,2.13,↓,7876.0,7889.33,16.42,-77.99,-49.1,132.86,21966129,0.69,34.5,★★☆☆☆,OK
020000,한섬,,21300.0,80197,0.47,↓,18553.0,18070.17,83.21,1368.65,1000.41,1057.14,5155122,0.24,12.0,★☆☆☆☆,OK
012030,DB,,2260.0,3827444,3.28,↑,1763.4,1583.75,92.28,143.63,93.49,115.57,1269596192,0.77,38.5,★★☆☆☆,OK
004690,삼천리,,127600.0,5549,1.01,→,131200.0,125570.0,23.0,-624.49,240.26,3078.57,928311,0.54,27.0,★★☆☆☆,OK
005250,녹십자홀딩스,,9710.0,54327,0.97,↓,9684.5,9824.0,50.5,-39.37,-87.0,271.07,123824158,1.31,65.5,★★★★☆,OK
039130,하나투어,,29750.0,20701,0.73,↓,31395.0,31415.83,14.74,-615.27,-479.19,650.0,11550371,0.21,10.5,★☆☆☆☆,OK
002240,고려제강,,16420.0,18046,0.49,↓,16898.0,16992.0,39.25,-126.5,-104.92,532.14,28215997,0.37,18.5,★☆☆☆☆,OK
005420,코스모화학,,11610.0,168804,1.63,↑,10660.0,10186.67,64.54,241.07,97.59,452.86,457301690,1.78,89.0,★★★★★,OK
009900,명신산업,,8450.0,103401,0.46,↓,8282.5,7666.67,58.91,157.94,152.94,341.43,162931246,0.58,29.0,★★☆☆☆,OK
249420,일동제약,,14020.0,172909,0.79,↓,14628.5,14517.33,36.94,-141.39,-164.72,485.71,459286742,0.68,34.0,★★☆☆☆,OK
002030,아세아,,209500.0,2342,1.25,↑,210915.0,198215.0,47.02,644.67,2024.99,10192.86,341309,1.35,67.5,★★★★☆,OK
003280,흥아해운,,1849.0,2368983,0.26,↑,1819.4,1766.3,58.99,21.02,18.84,49.64,3940324592,0.33,16.5,★☆☆☆☆,OK
000070,삼양홀딩스,,56600.0,4890,0.69,↓,58765.0,58648.33,18.0,-738.34,-442.66,1142.86,2617294,0.24,12.0,★☆☆☆☆,OK
217590,티엠씨,,18240.0,1147756,0.43,↑,14272.5,12754.17,73.33,1534.03,968.47,1362.86,61917304,0.34,17.0,★☆☆☆☆,OK
004700,조광피혁,,65600.0,358,0.51,↓,66255.0,64718.33,46.84,412.53,519.79,1914.29,483023,0.56,28.0,★★☆☆☆,OK
003030,세아제강지주,,103000.0,23229,1.12,↓,108215.0,105463.33,48.44,1105.47,1274.22,6942.86,-640055,1.02,51.0,★★★☆☆,OK
034310,NICE,,11610.0,6910,0.25,↓,12137.0,12531.33,27.95,-259.71,-222.54,315.0,3752596,0.14,7.0,★☆☆☆☆,OK
010780,아이에스동서,,14670.0,47856,0.73,↓,15162.5,16772.17,35.56,-493.77,-544.67,452.86,19823930,0.6,30.0,★★☆☆☆,OK
403550,쏘카,,11120.0,9971,0.69,↓,10890.0,10607.83,63.43,99.95,45.8,485.71,34522058,0.77,38.5,★★☆☆☆,OK
016610,DB증권,,9820.0,38856,0.74,↓,10216.0,9583.33,36.3,120.5,177.83,242.86,43098665,0.63,31.5,★★☆☆☆,OK
271940,일진하이솔루스,,11500.0,22920,0.44,↓,11291.0,10759.83,57.72,175.51,135.79,371.43,5026538,0.58,29.0,★★☆☆☆,OK
002990,금호건설,,11030.0,775729,0.44,↓,13271.0,12919.33,14.77,-665.33,-341.18,677.86,115121144,0.12,6.0,★☆☆☆☆,OK
014830,유니드,,60900.0,12497,1.2,↑,61470.0,62130.0,42.25,-666.88,-680.64,1407.14,11473083,1.19,59.5,★★★☆☆,OK
090435,아모레퍼시픽우,,39150.0,12900,0.36,↓,42822.5,43215.0,23.29,-1195.87,-726.55,2057.14,4596254,0.16,8.0,★☆☆☆☆,OK
072710,농심홀딩스,,88200.0,1674,1.08,↓,90500.0,91140.0,24.59,-1018.08,-806.35,3114.29,4181853,0.51,25.5,★★☆☆☆,OK
306200,세아제강,,143100.0,9746,0.72,↓,147505.0,137638.33,47.59,2224.9,2728.42,8064.29,3713483,0.78,39.0,★★☆☆☆,OK
003000,부광약품,,4070.0,448548,1.1,↓,4033.5,4084.33,63.12,4.61,-20.35,170.71,632182991,1.09,54.5,★★★☆☆,OK
005945,NH투자증권우,,21350.0,90037,2.43,↓,22767.5,23767.5,21.43,-425.12,-347.72,492.86,22035991,1.02,51.0,★★★☆☆,OK
357120,코람코라이프인프라리츠,,4075.0,42501,0.6,→,4130.0,4159.67,44.79,-21.45,-12.25,128.57,-6138626,0.52,26.0,★★☆☆☆,OK
011930,신성이엔지,,19690.0,346118,1.51,↑,17451.0,16387.67,80.2,854.45,535.01,1076.43,514563292,0.91,45.5,★★★☆☆,OK
002810,삼영무역,,21500.0,6940,0.44,↑,21520.0,22025.0,50.98,-203.11,-224.43,557.14,965268,0.5,25.0,★★☆☆☆,OK
005389,현대차3우B,,166900.0,13582,1.92,↓,174180.0,184853.33,36.06,-4011.09,-4194.65,3028.57,2340259,1.63,81.5,★★★★★,OK
031430,신세계인터내셔날,,11030.0,159511,2.77,↑,10532.0,10807.0,72.13,8.93,-65.41,297.14,16386712,2.41,100.0,★★★★★,OK
001200,유진투자증권,,3970.0,287546,0.72,↓,4185.5,4234.83,20.69,-75.67,-55.8,106.43,300639340,0.29,14.5,★☆☆☆☆,OK
008730,율촌화학,,15520.0,90782,1.66,↑,15200.0,14806.33,55.03,-28.36,-92.72,587.86,37942727,2.3,100.0,★★★★★,OK
317400,자이에스앤디,,9880.0,442687,0.48,↓,10161.0,8936.17,32.18,35.87,136.12,629.29,64149437,0.35,17.5,★☆☆☆☆,OK
015360,INVENI,,14540.0,21548,1.56,↓,14582.5,14281.5,41.57,92.71,105.4,255.71,3335169,1.53,76.5,★★★★☆,OK
130660,한전산업,,11720.0,161020,0.26,↓,12712.5,11779.67,25.71,-37.97,102.03,451.43,801486151,0.13,6.5,★☆☆☆☆,OK
092230,KPX홀딩스,,95900.0,916,0.53,→,96700.0,92746.67,43.09,77.38,421.59,4585.71,-335344,0.52,26.0,★★☆☆☆,OK
003350,한국화장품제조,,16150.0,1241222,0.59,↑,15057.5,11761.17,57.14,923.34,982.51,1483.57,516134426,0.65,32.5,★★☆☆☆,OK
344820,KCC글라스,,23550.0,5372,0.42,↓,24125.0,23927.5,36.92,-179.88,-126.19,557.14,1544432,0.3,15.0,★☆☆☆☆,OK
002710,TCC스틸,,13930.0,394487,0.61,↓,12367.5,10656.5,61.04,854.14,638.44,990.71,484486445,0.71,35.5,★★☆☆☆,OK
029530,신도리코,,37950.0,2381,0.59,↓,38927.5,40274.17,38.46,-506.54,-479.93,850.0,1608263,0.44,22.0,★★☆☆☆,OK
126560,현대퓨처넷,,3380.0,40065,0.69,↓,3367.75,3224.83,54.29,29.1,35.04,124.29,65849551,0.85,42.5,★★★☆☆,OK
027410,BGF,,3800.0,125083,1.97,↑,3760.25,3901.25,66.67,-40.89,-54.98,91.79,84788128,1.8,90.0,★★★★★,OK
016590,신대양제지,,8970.0,5201,0.64,↓,9705.5,9846.67,15.75,-271.04,-177.94,299.29,8185687,0.2,10.0,★☆☆☆☆,OK
089590,제주항공,,4470.0,78826,0.32,↓,4632.75,4414.42,40.4,4.78,28.32,210.0,36370106,0.3,15.0,★☆☆☆☆,OK
001940,KISCO홀딩스,,25400.0,3257,0.57,↓,26035.0,26490.0,39.29,-322.69,-234.79,932.14,3199849,0.43,21.5,★★☆☆☆,OK
0120G0,삼양바이오팜,,47550.0,38201,1.13,↓,48197.5,47115.83,47.21,-241.52,-348.27,2557.14,13109315,1.42,71.0,★★★★☆,OK
006405,삼성SDI우,,223000.0,7279,1.69,↑,216025.0,204333.33,57.78,1628.33,1193.84,7214.29,2563845,2.21,100.0,★★★★★,OK
950210,프레스티지바이오파마,,5990.0,19680,0.69,↓,6082.5,6090.33,45.39,-76.58,-74.03,320.0,104429782,0.59,29.5,★★☆☆☆,OK
006220,제주은행,,9390.0,102448,0.62,↓,9810.0,9548.33,24.49,-53.87,-6.03,323.57,985032292,0.29,14.5,★☆☆☆☆,OK
183190,아세아시멘트,,9950.0,30993,0.95,↓,10424.5,9906.17,38.1,-62.52,35.86,312.14,12209702,0.84,42.0,★★★☆☆,OK
010955,S-Oil우,,88200.0,8096,0.29,↑,79545.0,71093.33,72.75,5027.9,4281.06,5392.86,3104666,0.24,12.0,★☆☆☆☆,OK
194370,제이에스코퍼레이션,,12040.0,15116,0.38,↓,12674.0,12692.33,29.46,-167.91,-84.59,405.71,37625881,0.22,11.0,★☆☆☆☆,OK
007690,국도화학,,37950.0,7363,0.51,↓,38192.5,38194.17,45.37,-56.64,-57.21,989.29,3453034,0.54,27.0,★★☆☆☆,OK
105630,한세실업,,8820.0,22591,0.53,↑,8836.0,9023.17,38.95,-71.89,-86.37,145.0,27381507,0.49,24.5,★★☆☆☆,OK
092790,넥스틸,,13340.0,211527,0.16,↓,13883.5,12523.17,44.41,237.67,336.67,840.71,369157999,0.16,8.0,★☆☆☆☆,OK
145720,덴티움,,40150.0,33386,2.31,↑,37782.5,38483.33,68.09,322.8,-92.61,1064.29,15435899,2.3,100.0,★★★★★,OK
005610,삼립,,40600.0,3243,1.14,↓,40680.0,39792.5,47.1,137.79,71.44,1253.57,480686,1.46,73.0,★★★★☆,OK
015860,일진홀딩스,,7070.0,94233,1.09,↓,6974.5,6450.83,59.12,149.33,143.6,337.14,371265539,1.36,68.0,★★★★☆,OK
009290,광동제약,,6840.0,215726,1.54,↑,6476.5,6282.5,64.02,133.34,80.77,275.71,340444713,1.7,85.0,★★★★★,OK
104700,한국철강,,9390.0,15102,0.68,→,9446.5,9556.0,44.94,-64.63,-60.67,667.14,50541547,0.57,28.5,★★☆☆☆,OK
005720,넥센,,6300.0,47644,0.88,↑,5799.0,5967.67,67.93,80.86,-17.93,256.43,4396604,0.87,43.5,★★★☆☆,OK
060980,HL홀딩스,,37850.0,11695,0.96,↓,39142.5,38986.67,23.19,-457.29,-267.79,921.43,6757340,0.43,21.5,★★☆☆☆,OK
170900,동아에스티,,34950.0,3731,0.48,↓,35405.0,36318.33,36.36,-480.73,-516.28,810.71,4050059,0.41,20.5,★☆☆☆☆,OK
017810,풀무원,,8710.0,10091,0.48,↓,8952.5,9124.33,30.14,-158.16,-152.49,164.29,68933352,0.28,14.0,★☆☆☆☆,OK
024720,콜마홀딩스,,9360.0,44063,2.29,↑,9389.0,9429.5,45.45,-101.29,-92.1,272.14,131151089,2.02,100.0,★★★★★,OK
009160,SIMPAC,,4760.0,163515,2.68,↓,4808.5,4841.42,56.65,3.57,-5.42,196.07,197340644,2.68,100.0,★★★★★,OK
097520,엠씨넥스,,19000.0,28474,1.03,↓,18983.0,19032.17,51.55,-35.56,-88.54,552.86,99319289,1.36,68.0,★★★★☆,OK
011760,현대코퍼레이션,,23900.0,22462,0.75,↓,25682.5,25292.5,19.15,-414.98,-190.16,760.71,29778994,0.28,14.0,★☆☆☆☆,OK
000157,두산2우B,,362000.0,207,0.58,↓,368775.0,348383.33,54.06,6094.03,7438.04,18910.71,2327209,0.61,30.5,★★☆☆☆,OK
001230,동국홀딩스,,2010.0,403137,0.49,↓,2073.8,1921.22,37.1,10.37,29.62,92.86,1527920518,0.42,21.0,★★☆☆☆,OK
000650,천일고속,,221000.0,244960,16.99,↑,148175.0,149478.33,90.34,6652.65,-52.15,10567.86,3701121,5.01,100.0,★★★★★,OK
026890,스틱인베스트먼트,,8130.0,54145,1.33,↑,8066.5,8128.67,46.57,-54.85,-73.01,339.29,1287241890,1.9,95.0,★★★★★,OK
02826K,삼성물산우B,,209500.0,4226,0.97,↓,227250.0,220546.67,33.03,-3216.4,-636.11,10214.29,4296727,0.61,30.5,★★☆☆☆,OK
381970,KG모빌리티플랫폼,,6240.0,52432,0.91,↓,6404.0,6845.33,36.11,-116.17,-128.9,185.71,75496386,0.77,38.5,★★☆☆☆,OK
084010,대한제강,,8740.0,144915,0.71,↓,8475.5,8173.67,53.55,141.02,60.08,511.43,59914249,1.0,50.0,★★★☆☆,OK
096760,JW홀딩스,,4130.0,76856,1.09,↓,4295.5,4063.0,40.99,39.92,68.07,177.5,149483655,1.03,51.5,★★★☆☆,OK
002310,아세아제지,,7590.0,30798,0.45,↓,8269.5,8007.67,18.98,-170.25,-55.76,312.86,21010196,0.16,8.0,★☆☆☆☆,OK
272450,진에어,,5770.0,37028,0.41,↓,5966.0,5572.75,39.56,31.48,71.28,192.86,12630054,0.38,19.0,★☆☆☆☆,OK
126720,수산인더스트리,,21150.0,31239,1.37,↓,21667.5,21575.5,39.53,-95.91,-76.8,542.86,7263772,1.06,53.0,★★★☆☆,OK
005430,한국공항,,95400.0,5005,0.84,↓,85600.0,84360.0,78.91,3823.12,2247.17,4142.86,4816209,0.54,27.0,★★☆☆☆,OK
200880,서연이화,,11010.0,23464,0.98,↓,11080.5,11398.5,48.66,-160.29,-188.77,243.57,380045137,1.12,56.0,★★★☆☆,OK
003120,일성아이에스,,22300.0,14371,2.55,↑,21835.0,20896.67,51.28,347.09,339.96,703.57,10036827,3.85,100.0,★★★★★,OK
005950,이수화학,,11290.0,190999,0.63,↓,11220.0,12405.17,49.1,-212.58,-345.04,521.43,676017810,0.83,41.5,★★★☆☆,OK
123890,한국자산신탁,,2425.0,51394,0.4,↑,2465.0,2404.67,29.73,-16.47,-6.98,41.79,20902696,0.28,14.0,★☆☆☆☆,OK
018250,애경산업,,11130.0,21178,1.11,↓,11271.0,11458.0,36.08,-97.9,-104.72,252.86,38254704,0.94,47.0,★★★☆☆,OK
025860,남해화학,,5930.0,161060,0.65,↓,6121.0,5973.83,42.42,-23.91,5.13,162.86,309406090,0.54,27.0,★★☆☆☆,OK
002020,코오롱,,22650.0,17249,0.76,↓,24295.0,26338.33,27.38,-921.55,-935.4,796.43,43199709,0.48,24.0,★★☆☆☆,OK
078520,에이블씨엔씨,,11560.0,63109,0.77,↑,10652.5,10977.5,72.21,68.37,-78.93,505.0,108689271,0.66,33.0,★★☆☆☆,OK
108670,LX하우시스,,32150.0,11379,0.74,↓,33492.5,33545.83,32.1,-396.97,-282.27,941.07,-77012,0.46,23.0,★★☆☆☆,OK
001750,한양증권,,19110.0,7338,1.12,↓,19264.5,19457.0,35.16,-97.38,-94.04,247.14,22296231,0.78,39.0,★★☆☆☆,OK
244920,에이플러스에셋,,12520.0,24457,1.1,→,13188.5,12686.67,31.89,-159.03,-52.26,922.14,52617355,0.65,32.5,★★☆☆☆,OK
033270,유나이티드제약,,17840.0,10788,0.4,↑,17925.5,17873.83,44.2,-69.87,-69.58,305.0,101205462,0.35,17.5,★☆☆☆☆,OK
084690,대상홀딩스,,7820.0,14363,0.56,↓,7907.5,7727.17,34.67,-5.34,6.34,163.57,203063542,0.46,23.0,★★☆☆☆,OK
034830,한국토지신탁,,1117.0,183853,0.79,→,1154.45,1140.5,17.53,-12.1,-6.05,23.14,189400421,0.27,13.5,★☆☆☆☆,OK
010820,퍼스텍,,5780.0,311486,0.73,↓,6211.5,5961.17,44.55,25.54,68.85,336.43,1980945704,0.61,30.5,★★☆☆☆,OK
016800,퍼시스,,24400.0,1261,1.43,↑,25525.0,26482.5,27.12,-824.09,-717.2,1189.29,1028936,0.74,37.0,★★☆☆☆,OK
044450,KSS해운,,12400.0,53392,0.34,↑,11095.0,10325.5,80.69,601.21,486.06,619.29,49945098,0.2,10.0,★☆☆☆☆,OK
004430,송원산업,,11600.0,53204,0.6,↑,11569.5,11736.17,47.13,-30.23,-51.63,332.86,78652812,0.77,38.5,★★☆☆☆,OK
122900,아이마켓코리아,,8200.0,49482,1.05,→,8232.0,7886.67,50.0,49.89,79.89,155.71,29266971,1.24,62.0,★★★★☆,OK
000430,대원강업,,4445.0,53279,0.48,↓,4730.0,4155.75,32.61,39.58,119.33,212.5,321053984,0.36,18.0,★☆☆☆☆,OK
001390,KG케미칼,,4150.0,149437,1.48,↓,4323.5,4302.0,28.26,-56.36,-38.54,127.5,608719942,0.81,40.5,★★☆☆☆,OK
017390,서울가스,,54000.0,3359,0.67,↓,55045.0,55073.33,30.56,-382.7,-274.88,1878.57,-590115,0.4,20.0,★☆☆☆☆,OK
005500,삼진제약,,20000.0,45115,1.86,↑,18813.0,18342.67,80.17,322.15,190.51,893.57,24073619,1.13,56.5,★★★☆☆,OK
002900,TYM,,6400.0,77083,0.45,↓,6697.5,6666.5,36.07,-108.47,-78.08,226.43,975686044,0.31,15.5,★☆☆☆☆,OK
286940,롯데이노베이트,,17550.0,6080,0.75,↑,17816.0,17889.0,35.17,-234.06,-212.61,428.57,19275167,0.51,25.5,★★☆☆☆,OK
091810,트리니티항공,,2610.0,25343,0.45,↓,2660.75,2888.0,32.95,-82.09,-96.52,87.5,105004824,0.34,17.0,★☆☆☆☆,OK
058430,포스코스틸리온,,4395.0,143991,0.67,↓,4666.75,4591.67,32.06,-48.42,-23.5,200.36,971353614,0.41,20.5,★☆☆☆☆,OK
001250,GS글로벌,,3205.0,990493,1.64,↑,2736.25,2689.5,80.1,110.91,44.52,160.0,1840521456,0.99,49.5,★★★☆☆,OK
003200,일신방직,,11460.0,189588,1.46,↑,11070.0,10645.5,51.84,77.38,88.61,572.86,9648747,1.88,94.0,★★★★★,OK
002320,한진,,17140.0,64138,1.67,↑,15029.0,15046.0,85.87,386.41,100.16,484.29,6879164,0.73,36.5,★★☆☆☆,OK
010690,화신,,7450.0,87622,0.79,↓,7565.5,7874.17,48.44,-117.38,-151.86,202.86,407529855,0.89,44.5,★★★☆☆,OK
010580,에스엠벡셀,,2270.0,7448876,1.38,↑,2463.25,1869.9,34.12,90.01,163.37,225.0,317639399,1.03,51.5,★★★☆☆,OK
004360,세방,,13690.0,27511,1.79,↑,13469.5,13188.67,52.85,36.86,35.2,210.71,17956395,2.66,100.0,★★★★★,OK
020120,키다리스튜디오,,6870.0,909865,1.5,↓,8091.0,5596.83,31.57,303.65,635.54,908.57,320844625,1.0,50.0,★★★☆☆,OK
334890,이지스밸류플러스리츠,,3585.0,44291,0.8,↓,3645.75,3641.33,41.96,-26.67,-18.13,132.86,4600361,0.65,32.5,★★☆☆☆,OK
037710,광주신세계,,33550.0,14029,0.87,↓,34610.0,37381.67,29.69,-871.22,-889.76,539.29,-4120820,0.61,30.5,★★☆☆☆,OK
005680,삼영전자,,12410.0,31479,1.38,↓,12471.5,12902.0,54.76,-33.12,-61.1,444.29,28026904,1.45,72.5,★★★★☆,OK
003960,사조대림,,27200.0,3280,1.17,→,27730.0,29495.0,35.23,-701.97,-760.18,678.57,16180106,0.97,48.5,★★★☆☆,OK
226320,잇츠한불,,11250.0,33408,1.24,↑,10648.0,10349.17,61.92,181.25,93.48,457.14,89156668,1.45,72.5,★★★★☆,OK
432320,KB스타리츠,,1613.0,160509,0.38,↓,1636.1,1498.25,47.41,34.93,47.72,69.5,-24024320,0.41,20.5,★☆☆☆☆,OK
004310,현대약품,,7740.0,724625,0.11,↓,9247.5,7254.83,15.43,95.4,382.03,632.86,1238041698,0.04,2.0,★☆☆☆☆,OK
105840,우진,,12360.0,244894,0.54,↓,14225.5,13841.5,26.84,-301.36,-93.62,786.43,645894095,0.27,13.5,★☆☆☆☆,OK
025000,KPX케미칼,,59300.0,3099,0.63,↑,56255.0,53026.67,72.22,1195.0,1093.94,1464.29,629503,0.55,27.5,★★☆☆☆,OK
298690,에어부산,,1511.0,25260,0.43,→,1520.0,1510.03,49.64,-4.2,-3.18,25.0,303003522,0.5,25.0,★★☆☆☆,OK
001790,대한제당,,2800.0,62804,0.55,→,2837.25,2780.17,32.0,-5.83,6.27,77.5,983796042,0.41,20.5,★☆☆☆☆,OK
404990,신한서부티엔디리츠,,3865.0,33325,0.69,↓,3864.75,3877.75,53.08,0.57,0.19,196.43,938769,0.86,43.0,★★★☆☆,OK
030210,다올투자증권,,3965.0,181712,2.35,↑,3933.0,3733.08,42.55,23.9,31.7,126.43,147475955,2.71,100.0,★★★★★,OK
136490,선진,,10120.0,34982,0.62,→,10335.5,10183.33,34.27,-80.61,-46.0,277.14,22059994,0.41,20.5,★☆☆☆☆,OK
0030R0,대신밸류리츠,,3965.0,17186,1.1,↑,3839.5,3829.5,56.93,17.88,-6.98,173.21,-4605844,1.45,72.5,★★★★☆,OK
007160,사조산업,,48150.0,783,0.46,↑,49005.0,49279.17,37.06,-569.95,-459.1,1632.14,3870627,0.33,16.5,★☆☆☆☆,OK
001460,BYC,,37850.0,1513,0.5,↑,36700.0,35835.83,54.4,-38.26,-149.27,1760.71,2284311,0.7,35.0,★★☆☆☆,OK
003920,남양유업,,42400.0,1589,0.54,↑,42580.0,43007.5,38.46,-336.61,-294.79,1139.29,3971759,0.4,20.0,★☆☆☆☆,OK
348950,제이알글로벌리츠,,1182.0,0,,→,1182.0,1182.0,,-0.07,-0.1,1182.0,-82358365,,,☆☆☆☆☆,Data Missing
001340,PKC,,5080.0,72751,0.85,↓,5028.0,5016.0,56.19,22.0,1.97,185.36,838856621,1.15,57.5,★★★☆☆,OK
008490,서흥,,20250.0,17453,1.27,→,20342.5,21633.67,51.56,-409.82,-503.59,656.43,7477870,1.43,71.5,★★★★☆,OK
044820,코스맥스비티아이,,24650.0,32179,1.04,↓,24445.0,23159.67,54.73,373.69,457.35,1689.29,5617263,1.23,61.5,★★★★☆,OK
011500,한농화성,,14770.0,75448,1.06,↓,13677.5,13022.0,72.36,412.61,254.62,635.71,561354652,0.9,45.0,★★★☆☆,OK
003070,코오롱글로벌,,8990.0,6181,0.74,↓,9228.0,9277.17,41.21,-84.39,-64.55,331.43,133046146,0.59,29.5,★★☆☆☆,OK
000680,LS네트웍스,,2945.0,47892,0.99,↓,2955.75,2934.17,50.0,-3.53,-3.24,94.29,503920830,1.15,57.5,★★★☆☆,OK
017860,DS단석,,12830.0,60161,0.68,↓,12371.0,11895.17,61.7,268.84,195.74,515.71,55884061,0.8,40.0,★★☆☆☆,OK
134380,미원화학,,10360.0,1700,0.39,↑,10191.5,10310.0,46.67,-33.59,-59.74,218.57,8827930,0.57,28.5,★★☆☆☆,OK
001470,삼부토건,,5820.0,0,,→,5820.0,5820.0,,-0.0,-0.0,5820.0,245934140,,,☆☆☆☆☆,Data Missing
092200,디아이씨,,5730.0,190402,0.91,↓,5617.5,5349.75,54.29,14.56,0.68,260.0,641887628,1.27,63.5,★★★★☆,OK
025560,미래산업,,7850.0,297559,0.61,↓,6854.0,7349.5,74.23,354.0,131.18,545.71,175510889,0.47,23.5,★★☆☆☆,OK
900140,엘브이엠씨홀딩스,,1144.0,213654,0.55,↓,1161.9,1204.27,52.02,-8.53,-12.59,55.93,60731162,0.6,30.0,★★☆☆☆,OK
028100,동아지질,,19440.0,30167,0.24,↓,19102.0,17653.5,55.87,516.62,547.11,1127.86,63661856,0.28,14.0,★☆☆☆☆,OK
000050,경방,,8060.0,34072,1.3,↑,8063.5,8262.83,40.91,-79.14,-88.06,178.57,46156412,1.25,62.5,★★★★☆,OK
005010,휴스틸,,3880.0,222479,0.3,↓,3977.75,3799.42,48.56,33.03,45.89,214.29,547786094,0.33,16.5,★☆☆☆☆,OK
000540,흥국화재,,3445.0,21127,0.5,↑,3543.25,3405.33,38.22,-22.78,-1.04,163.57,196572099,0.44,22.0,★★☆☆☆,OK
003720,삼영,,6330.0,134299,0.99,↓,6356.0,6401.17,53.75,-4.89,-23.39,269.29,480881242,1.05,52.5,★★★☆☆,OK
009680,모토닉,,10020.0,7508,0.62,↓,10179.0,10098.5,22.64,-43.56,-20.35,145.71,54997918,0.28,14.0,★☆☆☆☆,OK
077500,유니퀘스트,,9960.0,251100,0.72,↓,8598.5,7014.5,80.0,851.8,752.92,746.43,355105820,0.43,21.5,★★☆☆☆,OK
053690,한미글로벌,,19700.0,81224,0.46,↓,21887.5,19449.83,16.19,-94.9,309.07,1152.86,259457531,0.17,8.5,★☆☆☆☆,OK
034120,SBS,,11640.0,2807,0.52,→,11839.5,11864.33,29.33,-106.73,-87.94,194.64,21036522,0.3,15.0,★☆☆☆☆,OK
000490,대동,,7430.0,71377,0.62,↓,7780.5,7444.33,24.3,-65.46,-16.65,199.64,268096102,0.29,14.5,★☆☆☆☆,OK
003650,미창석유,,122400.0,641,0.29,→,126825.0,137280.0,24.39,-3925.49,-3853.2,3514.29,629183,0.14,7.0,★☆☆☆☆,OK
475560,더본코리아,,14070.0,16526,0.74,↓,14681.0,14960.67,34.97,-351.2,-310.46,564.29,5568616,0.5,25.0,★★☆☆☆,OK
03473K,SK우,,367500.0,1324,1.84,↓,382975.0,365383.33,37.67,-3267.12,-533.41,10571.43,3974302,1.62,81.0,★★★★★,OK
128820,대성산업,,4555.0,4941243,6.82,↑,4200.75,4155.83,60.71,81.75,8.99,245.36,528261619,8.14,100.0,★★★★★,OK
003555,LG우,,67900.0,3959,0.79,→,68095.0,67401.67,51.49,-248.72,-230.92,1557.14,4792012,0.9,45.0,★★★☆☆,OK
088260,이리츠코크렙,,3245.0,22499,0.42,↑,3255.5,3170.92,54.93,13.66,22.8,84.64,-3654226,0.44,22.0,★★☆☆☆,OK
033920,무학,,7370.0,19558,1.14,→,7526.0,7583.33,34.94,-88.92,-65.07,168.57,48807345,0.78,39.0,★★☆☆☆,OK
035510,신세계 I&C,,14680.0,76776,0.35,↓,15592.5,13812.17,40.19,280.21,443.59,692.14,99454976,0.32,16.0,★☆☆☆☆,OK
035150,백산,,10340.0,15600,1.12,↓,10572.0,10388.5,34.29,-53.49,-24.0,255.0,107674509,0.75,37.5,★★☆☆☆,OK
000480,CR홀딩스,,4330.0,12112,0.32,↑,4354.5,4552.25,35.85,-61.5,-71.53,100.36,9526619,0.27,13.5,★☆☆☆☆,OK
004980,성신양회,,8000.0,46809,0.94,↓,8193.0,8150.17,40.0,-40.19,-18.12,225.71,224698638,0.73,36.5,★★☆☆☆,OK
000320,노루홀딩스,,15330.0,10425,2.06,↓,16113.0,16355.17,30.38,-305.61,-253.28,1300.71,31443437,1.15,57.5,★★★☆☆,OK
051905,LG생활건강우,,93100.0,3390,0.31,↓,99755.0,103121.67,8.38,-3467.61,-2778.51,3171.43,-927352,0.05,2.5,★☆☆☆☆,OK
000390,SP삼화,,7200.0,55088,0.76,↑,6950.5,6419.5,69.23,176.0,181.09,259.29,188539223,0.63,31.5,★★☆☆☆,OK
037270,YG PLUS,,3080.0,110680,1.09,↓,3119.75,3219.17,33.96,-34.12,-41.09,94.64,1168835298,0.86,43.0,★★★☆☆,OK
117580,대성에너지,,7100.0,49303,0.12,↑,7139.5,6971.67,48.75,24.38,37.99,160.71,645630923,0.14,7.0,★☆☆☆☆,OK
298000,효성화학,,51600.0,12398,0.71,↓,54105.0,60760.0,32.04,-2124.88,-2329.43,2142.86,3867041,0.52,26.0,★★☆☆☆,OK
339770,교촌에프앤비,,3875.0,63521,1.99,↓,3839.25,3768.58,49.12,22.16,15.86,151.07,-59989665,3.01,100.0,★★★★★,OK
053210,스카이라이프,,4055.0,12256,0.48,↑,4024.0,4077.08,48.28,-17.04,-24.29,72.5,-4106344,0.64,32.0,★★☆☆☆,OK
039570,HDC랩스,,7440.0,4567,0.77,↓,7535.5,7561.5,38.46,-36.04,-24.4,130.0,4862398,0.58,29.0,★★☆☆☆,OK
100250,진양홀딩스,,3020.0,25488,0.72,↓,3093.75,3064.58,27.66,-21.11,-8.84,63.21,67455341,0.39,19.5,★☆☆☆☆,OK
095570,AJ네트웍스,,4240.0,44032,0.67,↓,4219.25,4289.83,56.44,-3.2,-13.38,95.36,53354191,0.8,40.0,★★☆☆☆,OK
102460,이연제약,,10270.0,29229,1.36,↑,10066.5,10053.67,66.67,34.14,16.94,250.36,211903597,1.42,71.0,★★★★☆,OK
005960,동부건설,,8360.0,35916,0.66,→,8321.5,7483.33,58.57,202.52,249.64,352.14,-2448004,0.73,36.5,★★☆☆☆,OK
001130,대한제분,,11160.0,14522,1.13,↑,11193.5,11338.0,37.12,-111.23,-125.43,276.43,5743602,0.98,49.0,★★★☆☆,OK
016580,환인제약,,10170.0,13847,0.68,→,10143.0,10096.67,49.28,-3.31,-11.12,162.14,26932569,1.06,53.0,★★★☆☆,OK
487570,HS효성,,49900.0,2814,0.84,↓,49325.0,46686.67,56.52,811.28,816.96,1703.57,1154456,0.99,49.5,★★★☆☆,OK
013580,계룡건설,,21100.0,30430,0.63,↓,22355.0,21045.83,24.24,-107.98,126.09,767.86,56540072,0.35,17.5,★☆☆☆☆,OK
003520,영진약품,,1036.0,181923,0.47,↓,1048.55,1142.57,45.7,-24.85,-31.24,34.07,2034988920,0.5,25.0,★★☆☆☆,OK
102260,동성케미컬,,3695.0,59593,0.95,↓,3686.0,3638.67,51.35,5.01,3.09,79.64,34898196,1.45,72.5,★★★★☆,OK
033530,SJG세종,,6880.0,51804,1.63,↑,6746.5,6625.5,70.42,18.9,9.95,195.0,285018280,1.5,75.0,★★★★☆,OK
003220,대원제약,,8100.0,50776,1.3,↑,7927.0,7850.0,52.46,18.04,-6.54,219.29,199941341,1.93,96.5,★★★★★,OK
001630,종근당홀딩스,,37400.0,2691,1.38,→,38072.5,38785.0,18.52,-463.05,-440.62,1850.0,5396691,0.49,24.5,★★☆☆☆,OK
003547,대신증권2우B,,19300.0,18803,1.76,↑,19517.5,19396.67,45.28,-86.21,-34.14,415.71,7336363,1.56,78.0,★★★★☆,OK
000520,삼일제약,,8300.0,46555,0.44,↓,7737.5,6844.67,74.12,487.33,443.18,479.29,189998657,0.34,17.0,★☆☆☆☆,OK
009470,삼화전기,,26800.0,39064,0.54,↓,25852.5,23941.83,60.48,891.21,811.18,1239.29,147223848,0.65,32.5,★★☆☆☆,OK
002420,우양피앤엘,,5740.0,16299,1.09,↓,5950.0,5686.83,53.45,42.72,88.33,390.0,7721471,1.14,57.0,★★★☆☆,OK
015230,대창단조,,6590.0,28901,0.48,↑,6633.0,6194.0,44.29,49.81,82.2,199.29,113369258,0.5,25.0,★★☆☆☆,OK
000140,하이트진로홀딩스,,7770.0,5993,1.14,↓,7897.5,8078.5,35.42,-86.73,-77.48,233.57,29228984,0.78,39.0,★★☆☆☆,OK
004560,현대비앤지스틸,,11820.0,18752,0.43,↓,12340.5,11741.33,29.65,55.49,152.94,480.0,131738472,0.29,14.5,★☆☆☆☆,OK
003610,방림,,5480.0,10085,0.15,↓,5625.0,5469.5,35.35,-16.26,13.97,142.86,157932998,0.12,6.0,★☆☆☆☆,OK
377190,디앤디플랫폼리츠,,1985.0,138220,0.69,↓,2154.45,2119.62,25.53,-50.57,-21.31,67.71,-17823830,0.34,17.0,★☆☆☆☆,OK
002100,경농,,9010.0,6189,0.39,↓,9067.0,9152.67,45.65,-44.17,-46.71,114.29,336738159,0.42,21.0,★★☆☆☆,OK
000700,유수홀딩스,,6640.0,35383,1.43,↑,6586.5,6381.5,57.58,43.46,57.98,239.29,2412936,1.64,82.0,★★★★★,OK
007860,서연,,7490.0,13961,0.59,↓,7534.5,7686.83,50.5,-48.38,-67.61,225.0,781391281,0.68,34.0,★★☆☆☆,OK
016450,한세예스24홀딩스,,4320.0,3489,0.37,→,4352.5,4388.67,40.74,-34.08,-31.11,93.93,70243589,0.3,15.0,★☆☆☆☆,OK
000300,DH오토넥스,,4200.0,0,,→,4200.0,4200.0,,0.0,0.0,4200.0,75668826,,,☆☆☆☆☆,Data Missing
234080,JW생명과학,,10940.0,14575,1.42,↓,11020.5,11169.33,46.58,-58.54,-58.71,266.43,6658087,1.55,77.5,★★★★☆,OK
003460,유화증권,,2980.0,49692,1.68,↓,3008.25,3063.0,33.33,-23.15,-24.94,70.36,51942409,1.31,65.5,★★★★☆,OK
014710,사조씨푸드,,9970.0,3158,0.69,↑,10029.5,10008.83,42.45,-83.9,-78.37,455.71,260654200,0.56,28.0,★★☆☆☆,OK
213500,한솔제지,,7130.0,17329,0.7,↓,7429.5,7351.83,22.22,-76.45,-26.63,195.71,11510345,0.3,15.0,★☆☆☆☆,OK
090350,노루페인트,,8310.0,30164,0.88,↑,7994.0,7830.5,69.14,73.26,31.68,178.57,204555359,0.85,42.5,★★★☆☆,OK
002150,도화엔지니어링,,4980.0,35354,1.17,↓,5117.0,5101.17,30.88,-57.34,-42.95,185.0,196266087,0.7,35.0,★★☆☆☆,OK
001780,알루코,,1790.0,9989636,13.45,↑,1598.9,1645.0,82.28,9.14,-16.16,64.07,1273709069,7.37,100.0,★★★★★,OK
241590,화승엔터프라이즈,,2700.0,24964,0.62,→,2758.5,2971.67,42.37,-74.57,-78.92,126.43,11233527,0.6,30.0,★★☆☆☆,OK
000860,강남제비스코,,12680.0,3692,0.68,↑,12462.5,12441.67,50.21,-37.0,-45.9,639.29,14997235,1.03,51.5,★★★☆☆,OK
004380,삼익THK,,7550.0,9167,0.42,↓,7695.0,8024.83,42.94,-121.96,-151.18,383.57,96283075,0.41,20.5,★☆☆☆☆,OK
460850,동국씨엠,,5190.0,23222,0.36,↓,5287.0,5159.67,40.35,20.0,32.4,155.71,8504979,0.34,17.0,★☆☆☆☆,OK
101530,해태제과식품,,5530.0,0,,→,5547.5,5585.83,0.0,-21.59,-23.07,5143.57,47483837,,,☆☆☆☆☆,Data Missing
400760,NH올원리츠,,2810.0,24455,0.28,→,2810.5,2886.67,50.0,-15.42,-20.43,46.79,-13653911,0.33,16.5,★☆☆☆☆,OK
00279K,아모레퍼시픽홀딩스3우C,,21650.0,1284,0.4,↑,21495.0,21311.67,50.57,-40.95,-9.56,648.93,924324,0.54,27.0,★★☆☆☆,OK
002170,SYTS,,51900.0,1532,1.52,→,53250.0,54900.0,46.33,-863.32,-710.71,2264.29,1304813,1.35,67.5,★★★★☆,OK
007570,일양약품,,7960.0,23733,1.37,↓,8077.5,8288.83,47.26,-80.16,-87.77,345.71,142097407,1.49,74.5,★★★★☆,OK
293480,하나제약,,8470.0,11916,0.85,↑,8349.5,8511.33,56.41,-21.22,-57.65,205.71,17919615,1.01,50.5,★★★☆☆,OK
000020,동화약품,,5410.0,362921,0.76,↑,5156.5,5118.5,63.27,55.82,11.77,253.21,235280896,0.85,42.5,★★★☆☆,OK
000970,한국주철관,,6530.0,10892,0.72,→,6604.5,6627.67,32.35,-38.9,-28.34,102.86,148800004,0.46,23.0,★★☆☆☆,OK
001045,CJ우,,65800.0,624,0.11,↓,67100.0,68628.33,38.68,-793.03,-830.52,1507.14,1701444,0.1,5.0,★☆☆☆☆,OK
272550,삼양패키징,,9840.0,6015,0.53,→,9823.5,9525.0,46.38,34.96,40.32,240.71,6561853,0.67,33.5,★★☆☆☆,OK
271980,제일약품,,10000.0,22276,1.24,↓,10069.5,10100.33,49.68,-52.94,-57.93,329.29,103587510,1.43,71.5,★★★★☆,OK
004090,한국석유,,11780.0,90855,0.14,↓,11861.0,11324.5,42.8,101.74,126.86,480.71,385575906,0.14,7.0,★☆☆☆☆,OK
008970,KBI동양철관,,1421.0,2060030,0.48,↑,1247.35,1145.53,65.33,76.29,51.68,105.29,2734613607,0.5,25.0,★★☆☆☆,OK
462520,조선내화,,12260.0,42694,1.04,↓,12760.0,13328.83,34.83,-145.69,-163.46,418.57,16427459,0.84,42.0,★★★☆☆,OK
097955,CJ제일제당 우,,109500.0,1747,0.17,→,114020.0,120195.0,20.96,-3389.26,-3209.3,3000.0,199445,0.07,3.5,★☆☆☆☆,OK
013890,지누스,,6740.0,17530,1.06,↓,7288.5,7868.17,21.23,-276.75,-234.45,226.43,-3987406,0.44,22.0,★★☆☆☆,OK
011785,금호석유화학우,,48500.0,7355,2.27,↓,50362.5,50541.67,25.44,-591.37,-407.44,875.0,7751552,1.13,56.5,★★★☆☆,OK
004150,한솔홀딩스,,3500.0,38368,0.63,↓,3541.0,3325.92,46.08,42.64,53.96,106.07,72806762,0.68,34.0,★★☆☆☆,OK
016880,웅진,,1810.0,87985,0.93,↓,1838.2,1972.75,43.62,-46.03,-51.32,75.86,1125260133,0.93,46.5,★★★☆☆,OK
003830,대한화섬,,122500.0,337,2.2,↑,113370.0,113458.33,52.59,-635.87,-925.96,5842.86,-84944,3.19,100.0,★★★★★,OK
004970,신라교역,,8940.0,8527,1.01,↓,9114.0,9223.83,29.85,-78.52,-63.31,253.57,3708732,0.59,29.5,★★☆☆☆,OK
006805,미래에셋증권우,,10560.0,28699,1.05,↓,11559.0,12319.5,30.08,-389.4,-335.03,393.57,36101156,0.61,30.5,★★☆☆☆,OK
012610,경인양행,,3380.0,79797,0.74,↓,3226.75,3112.25,76.67,66.71,38.79,118.57,264788816,0.53,26.5,★★☆☆☆,OK
008350,남선알미늄,,1091.0,1105751,1.56,↑,1069.15,1049.98,61.15,6.81,6.14,27.14,5754550808,1.89,94.5,★★★★★,OK
015890,태경산업,,4800.0,29465,1.78,→,4786.5,4724.33,50.0,9.19,6.79,97.36,139115909,2.79,100.0,★★★★★,OK
025820,이구산업,,4175.0,83690,0.49,↓,4313.5,4231.5,43.51,-33.54,-21.05,138.93,1638530138,0.41,20.5,★☆☆☆☆,OK
071840,롯데하이마트,,5950.0,7716,0.7,↓,6097.0,6253.83,38.71,-86.5,-83.04,247.14,639272,0.52,26.0,★★☆☆☆,OK
003480,한진중공업홀딩스,,4655.0,9948,0.46,↓,4726.75,4696.5,34.92,-11.6,-1.78,134.64,92004295,0.31,15.5,★☆☆☆☆,OK
001080,만호제강,,3980.0,13848,0.29,↑,3913.5,4001.33,59.5,-10.35,-27.36,315.71,49620922,0.3,15.0,★☆☆☆☆,OK
014280,금강공업,,4580.0,124711,0.14,↓,4566.25,4279.67,53.82,74.56,83.3,320.0,323645302,0.17,8.5,★☆☆☆☆,OK
107590,미원홀딩스,,58900.0,76,1.44,↓,60840.0,57960.0,23.26,-92.21,325.75,735.71,2094190,0.79,39.5,★★☆☆☆,OK
094280,효성ITX,,11840.0,3642,0.73,↓,11989.0,12004.0,37.68,-41.56,-21.36,208.57,33583627,0.54,27.0,★★☆☆☆,OK
011690,와이투솔루션,,3615.0,116658,0.7,↓,3380.75,3289.25,69.2,106.07,56.02,195.71,190434448,0.65,32.5,★★☆☆☆,OK
003580,HLB글로벌,,2635.0,5269290,5.48,↑,1798.65,1555.28,75.82,161.34,96.14,245.14,463922526,3.88,100.0,★★★★★,OK
018470,조일알미늄,,5270.0,106114,1.1,↑,5065.0,4951.0,78.03,92.87,69.92,179.64,716280323,0.75,37.5,★★☆☆☆,OK
081000,일진다이아,,9290.0,9260,0.39,↓,9534.0,9244.17,41.06,-18.14,-15.6,355.0,149660317,0.37,18.5,★☆☆☆☆,OK
004080,신흥,,14620.0,4694,1.06,↑,14355.5,14143.33,64.62,118.97,121.57,465.71,1349807,1.02,51.0,★★★☆☆,OK
214390,경보제약,,5500.0,14960,0.88,↑,5441.5,5292.25,56.25,32.09,39.16,217.86,328662013,1.04,52.0,★★★☆☆,OK
024090,디씨엠,,11410.0,2831,1.41,↓,11585.5,11316.17,38.61,-3.3,32.95,195.71,3879349,1.28,64.0,★★★★☆,OK
001360,삼성제약,,1385.0,300121,0.64,↓,1369.0,1314.98,50.0,25.92,18.25,96.71,1374316314,0.96,48.0,★★★☆☆,OK
004960,한신공영,,10810.0,9812,0.5,↓,11365.0,10994.0,16.35,-169.52,-90.98,510.71,18829895,0.16,8.0,★☆☆☆☆,OK
009070,KCTC,,4165.0,131785,1.1,↑,4063.75,3988.67,62.68,29.03,17.54,116.43,755777406,1.28,64.0,★★★★☆,OK
006060,화승인더,,2275.0,52233,0.9,↑,2311.0,2416.58,27.12,-57.75,-59.17,67.5,165383998,0.57,28.5,★★☆☆☆,OK
078000,텔코웨어,,13600.0,743,0.39,↑,13506.0,13065.33,50.0,81.97,89.38,450.0,9489775,0.53,26.5,★★☆☆☆,OK
092220,KEC,,3130.0,285286,0.39,↓,2966.0,2745.08,60.14,120.66,107.78,252.14,940862577,0.46,23.0,★★☆☆☆,OK
002210,동성제약,,1295.0,38231,0.41,→,1343.25,1577.2,29.07,-63.99,-72.58,56.43,414880570,0.27,13.5,★☆☆☆☆,OK
013520,화승코퍼레이션,,2435.0,133977,2.12,↓,2516.75,2553.08,39.6,-14.45,-14.49,90.71,518752371,1.94,97.0,★★★★★,OK
009270,신원,,1067.0,132701,0.55,↓,1099.65,1081.38,37.11,-6.78,-1.3,44.36,2045738208,0.39,19.5,★☆☆☆☆,OK
267290,경동도시가스,,20700.0,1023,0.22,↓,21627.5,21028.83,10.81,-167.4,-17.37,500.0,11970453,0.05,2.5,★☆☆☆☆,OK
089470,HDC현대EP,,3990.0,19195,0.49,↑,3863.25,3857.67,50.64,-14.49,-22.73,178.93,62080989,0.74,37.0,★★☆☆☆,OK
002620,제일파마홀딩스,,7710.0,2894,1.37,↑,7559.0,7339.0,55.47,33.08,26.87,292.86,67798280,1.88,94.0,★★★★★,OK
005800,신영와코루,,13780.0,1245,0.34,↑,13658.5,13451.0,51.32,42.42,61.98,487.14,3477774,0.45,22.5,★★☆☆☆,OK
210540,디와이파워,,10800.0,40411,1.97,↓,11193.0,11214.83,32.04,-101.07,-68.56,185.71,41812431,1.24,62.0,★★★★☆,OK
001520,동양,,1113.0,384588,0.33,↓,1119.4,1096.73,54.72,8.04,11.51,75.79,645218149,0.34,17.0,★☆☆☆☆,OK
037560,LG헬로비전,,1527.0,62191,0.68,↓,1575.95,1603.53,37.29,-26.84,-25.99,59.21,830839892,0.49,24.5,★★☆☆☆,OK
214420,토니모리,,4905.0,77024,1.51,↓,5079.5,5268.75,24.76,-88.56,-89.24,162.5,228569118,0.87,43.5,★★★☆☆,OK
002390,한독,,8600.0,2592,0.31,↓,8854.5,8998.33,38.84,-147.79,-147.77,780.0,41839981,0.22,11.0,★☆☆☆☆,OK
015590,DKME,,2225.0,38291,0.3,↓,2111.05,1804.38,58.12,153.51,151.41,185.36,208812890,0.37,18.5,★☆☆☆☆,OK
350520,이지스레지던스리츠,,3215.0,4892,0.18,↓,3313.0,3340.67,39.6,-36.8,-22.63,105.36,-3705927,0.14,7.0,★☆☆☆☆,OK
004100,태양금속,,3205.0,336056,0.86,↓,3023.5,2632.5,73.53,154.1,147.1,151.64,971076769,0.7,35.0,★★☆☆☆,OK
014530,극동유화,,3420.0,80697,0.16,↑,3357.5,3250.08,57.14,33.17,30.96,96.43,547068821,0.21,10.5,★☆☆☆☆,OK
083420,그린케미칼,,4740.0,21425,1.33,→,4714.5,4708.0,60.87,-4.47,-11.99,135.71,444992738,1.62,81.0,★★★★★,OK
016740,두올,,4045.0,46063,0.54,↑,3991.5,3621.83,55.0,93.32,110.75,101.79,443325478,0.66,33.0,★★☆☆☆,OK
227840,현대코퍼레이션홀딩스,,12750.0,15029,1.94,↓,12918.0,12706.5,46.54,-34.4,2.33,365.0,30688401,2.11,100.0,★★★★★,OK
034590,인천도시가스,,26150.0,660,0.83,↓,26425.0,26432.5,37.14,-78.28,-48.88,403.57,2040780,0.61,30.5,★★☆☆☆,OK
002460,HS화성,,11100.0,6261,1.07,↑,10958.5,11014.83,54.03,28.4,6.7,265.0,39494224,1.54,77.0,★★★★☆,OK
012320,경동인베스트,,48850.0,8209,0.85,↑,46107.5,46020.83,50.0,-275.17,-558.51,2492.86,14164759,1.29,64.5,★★★★☆,OK
017550,수산세보틱스,,1789.0,169103,0.95,↓,1839.5,1777.53,46.18,-3.26,1.05,49.43,1815981629,1.02,51.0,★★★☆☆,OK
079430,현대리바트,,5560.0,8937,0.73,↓,5762.0,5812.17,43.3,-80.35,-60.87,228.57,49997045,0.61,30.5,★★☆☆☆,OK
016710,대성홀딩스,,6910.0,5986,0.52,→,6985.0,6937.33,35.09,-22.68,-8.98,182.14,28896858,0.36,18.0,★☆☆☆☆,OK
084670,동양고속,,37200.0,1435338,16.82,↑,24835.0,24625.0,81.64,1136.77,76.35,2400.0,6862316,9.28,100.0,★★★★★,OK
023450,동남합성,,31400.0,385,0.46,↓,31810.0,30403.33,50.0,201.99,340.62,682.14,-130832,0.54,27.0,★★☆☆☆,OK
011810,STX,,3530.0,0,,→,3530.0,3530.0,,0.0,0.0,3530.0,466572407,,,☆☆☆☆☆,Data Missing
008040,사조동아원,,7640.0,7399,0.46,↑,7806.0,7415.17,46.35,38.2,86.03,545.71,175957728,0.48,24.0,★★☆☆☆,OK
013570,디와이,,4150.0,17531,0.56,↓,4221.75,4167.17,35.71,-23.62,-19.91,143.93,205963213,0.39,19.5,★☆☆☆☆,OK
009580,무림P&P,,1742.0,211219,0.13,↓,1698.55,1665.38,55.86,28.75,23.25,141.57,221849595,0.17,8.5,★☆☆☆☆,OK
014580,태경비케이,,3915.0,38415,1.03,↑,3820.0,3912.92,62.5,7.19,-17.97,85.36,642732162,1.21,60.5,★★★☆☆,OK
011280,태림포장,,1514.0,20500,0.36,↑,1487.4,1608.35,46.76,-40.42,-55.7,79.07,816830345,0.45,22.5,★★☆☆☆,OK
001210,금호전기,,8490.0,544561,0.21,↓,10406.0,7835.08,17.63,-131.1,279.22,772.14,205470963,0.08,4.0,★☆☆☆☆,OK
021820,세원정공,,10460.0,6103,1.07,↓,10556.0,10302.33,44.17,32.99,57.51,349.29,-2772624,1.1,55.0,★★★☆☆,OK
012200,계양전기,,3010.0,258874,0.34,↓,3418.75,3765.15,32.54,-211.53,-180.84,275.36,376444355,0.2,10.0,★☆☆☆☆,OK
004250,NPC,,2880.0,24005,1.48,→,2903.25,2920.83,45.45,-21.92,-23.46,86.07,461278098,1.57,78.5,★★★★☆,OK
078935,GS우,,59100.0,3245,0.67,↓,60375.0,59835.0,38.64,-563.59,-408.28,1850.0,2284331,0.5,25.0,★★☆☆☆,OK
012800,대창,,1141.0,295301,0.92,↓,1185.5,1161.05,33.74,-2.91,1.04,41.21,2956428571,0.6,30.0,★★☆☆☆,OK
120030,조선선재,,82500.0,401,1.15,→,83340.0,83940.0,41.0,-484.38,-326.52,2471.43,2558034,0.92,46.0,★★★☆☆,OK
035000,HS애드,,6390.0,27031,0.15,↑,6234.5,6352.67,51.32,-51.3,-75.77,136.43,10843760,0.23,11.5,★☆☆☆☆,OK
027970,한국제지,,2705.0,10393,0.65,↓,2744.0,2722.5,41.94,-7.92,-3.09,181.79,55693126,0.51,25.5,★★☆☆☆,OK
010100,한국무브넥스,,3410.0,31577,0.65,↓,3443.25,3528.17,46.15,-34.48,-41.74,110.0,461629756,0.7,35.0,★★☆☆☆,OK
006660,삼성공조,,12720.0,74658,0.26,↓,12792.0,12341.33,52.69,117.79,119.82,675.71,243720332,0.28,14.0,★☆☆☆☆,OK
123690,한국화장품,,6400.0,63381,0.23,↓,6415.5,6327.5,40.95,6.61,-2.3,232.14,487223881,0.25,12.5,★☆☆☆☆,OK
003010,혜인,,8100.0,372252,0.72,↓,9343.5,7909.33,40.18,-60.26,191.03,894.29,535088981,0.63,31.5,★★☆☆☆,OK
267850,아시아나IDT,,9230.0,2613,0.21,↓,9221.0,9266.67,50.7,-0.95,-20.17,247.14,218239090,0.28,14.0,★☆☆☆☆,OK
025620,차AI헬스케어,,5610.0,11036,1.07,↑,4954.75,4905.58,81.99,150.91,57.73,311.79,35096985,0.58,29.0,★★☆☆☆,OK
119650,KC코트렐,,918.0,0,,→,918.0,918.0,,-0.0,-0.0,918.0,256171804,,,☆☆☆☆☆,Data Missing
002450,삼익악기,,1081.0,82122,0.9,↓,1106.65,1118.85,34.19,-12.11,-10.38,30.93,311068603,0.6,30.0,★★☆☆☆,OK
248170,샘표식품,,21700.0,16767,0.07,↓,22997.5,23060.0,9.09,-464.06,-343.76,464.29,45052278,0.01,0.5,★☆☆☆☆,OK
067830,세이브존I&C,,2360.0,37874,1.49,↑,2350.25,2342.92,45.95,-13.49,-16.83,75.36,41725311,2.12,100.0,★★★★★,OK
417310,코람코더원리츠,,2385.0,38276,0.35,→,2379.25,2294.77,51.43,17.88,22.44,29.29,47141211,0.47,23.5,★★☆☆☆,OK
264900,크라운제과,,7610.0,2284,0.29,↓,7840.5,8024.5,15.15,-120.49,-104.01,152.14,84112085,0.09,4.5,★☆☆☆☆,OK
002780,진흥기업,,6560.0,36648,0.43,↓,6845.0,7498.33,29.21,-281.93,-283.9,337.14,83268849,0.29,14.5,★☆☆☆☆,OK
008700,아남전자,,1229.0,102301,0.59,↓,1256.0,1215.6,45.27,0.93,5.71,42.0,3128649522,0.62,31.0,★★☆☆☆,OK
007210,벽산,,1446.0,100586,1.74,→,1430.05,1452.75,61.49,-1.27,-5.78,49.43,621732901,1.81,90.5,★★★★★,OK
014440,영보화학,,4680.0,14750,1.53,↑,4701.75,4629.67,44.25,-2.31,7.18,90.71,184751758,1.59,79.5,★★★★☆,OK
032560,황금에스티,,5540.0,21956,1.66,↓,5545.0,5485.5,51.85,-5.67,-5.31,233.57,151882946,1.84,92.0,★★★★★,OK
007540,샘표,,46850.0,7492,0.1,↑,48115.0,45225.0,24.11,193.96,504.59,1425.0,55472653,0.06,3.0,★☆☆☆☆,OK
096775,SK이노베이션우,,75600.0,5233,0.95,↑,70855.0,66100.0,65.37,2035.6,1696.24,3378.57,7602162,1.01,50.5,★★★☆☆,OK
013700,까뮤이앤씨,,1551.0,139888,0.96,→,1620.4,1560.55,37.92,-18.35,-1.77,87.07,1614296275,0.69,34.5,★★☆☆☆,OK
070960,모나용평,,1899.0,251732,4.72,↓,1989.2,2094.05,37.59,-36.39,-34.05,120.79,88869552,3.34,100.0,★★★★★,OK
002200,한국수출포장,,2760.0,14045,0.34,↓,2813.0,2566.67,34.29,34.25,55.59,89.64,82442568,0.27,13.5,★☆☆☆☆,OK
014790,HL D&I,,2460.0,39208,1.05,↓,2507.5,2495.33,46.58,-7.56,-4.33,87.86,147950190,0.94,47.0,★★★☆☆,OK
37550L,DL이앤씨2우(전환),,43700.0,2519,0.47,↓,51057.5,46525.0,14.77,-628.65,545.68,2471.43,424092,0.13,6.5,★☆☆☆☆,OK
363280,티와이홀딩스,,1970.0,14678,0.68,↓,2064.5,1921.78,37.47,12.82,25.07,86.36,39237524,0.59,29.5,★★☆☆☆,OK
001275,부국증권우,,30450.0,585,1.23,↑,30215.0,30238.33,70.0,31.54,-8.87,228.57,850669,1.17,58.5,★★★☆☆,OK
036580,팜스코,,2450.0,38493,1.31,↓,2553.5,2590.5,38.81,-34.69,-20.73,109.64,80389951,0.97,48.5,★★★☆☆,OK
008260,NI스틸,,3160.0,49892,0.74,↓,3325.25,3272.5,35.03,-30.27,-10.56,114.29,357933897,0.5,25.0,★★☆☆☆,OK
058850,KTcs,,2190.0,43524,0.43,↓,2168.0,2205.92,61.7,1.12,-6.89,42.71,882755415,0.45,22.5,★★☆☆☆,OK
058860,KTis,,2590.0,36839,0.11,↓,2560.75,2546.92,60.34,13.6,7.02,97.86,321401331,0.13,6.5,★☆☆☆☆,OK
002720,국제약품,,4235.0,21080777,15.2,↑,3391.25,3350.83,80.37,140.01,29.28,220.36,1109056847,9.07,100.0,★★★★★,OK
001290,상상인증권,,4115.0,24603,0.39,↓,4243.5,4342.42,42.94,-124.3,-127.94,210.0,119935329,0.38,19.0,★☆☆☆☆,OK
019180,티에이치엔,,4915.0,31415,0.52,↓,5036.75,5463.92,37.17,-119.18,-140.14,126.43,211190110,0.45,22.5,★★☆☆☆,OK
139990,아주스틸,,2255.0,27909,1.16,↓,2203.0,2200.08,61.8,16.95,3.28,109.29,-660938,1.35,67.5,★★★★☆,OK
006840,AK홀딩스,,6960.0,11652,1.69,→,7132.5,7039.5,36.0,-120.12,-104.57,390.71,3294748,1.15,57.5,★★★☆☆,OK
023000,삼원강재,,2200.0,36249,2.62,↓,2206.25,2211.5,51.43,-1.83,-1.98,55.0,61956627,2.98,100.0,★★★★★,OK
004140,동방,,1809.0,75030,0.78,↓,1795.35,1815.08,52.91,-2.38,-8.11,43.71,2049799705,1.0,50.0,★★★☆☆,OK
006090,사조오양,,8970.0,1703,0.37,↓,8934.0,8691.5,56.32,61.57,66.4,254.29,56846619,0.44,22.0,★★☆☆☆,OK
004890,동일산업,,35300.0,534,1.15,↑,35277.5,35267.5,49.01,-206.18,-184.97,1082.14,-1394796,1.53,76.5,★★★★☆,OK
002600,조흥,,139000.0,3,0.12,↑,138005.0,137403.33,60.81,308.19,156.36,1371.43,38495,0.15,7.5,★☆☆☆☆,OK
055490,테이팩스,,17150.0,30869,1.82,↑,15689.0,14426.83,68.32,464.29,296.81,825.71,19103845,1.76,88.0,★★★★★,OK
007980,TP,,1755.0,79401,0.41,↓,1747.15,1742.18,53.79,9.02,5.73,47.86,691853224,0.59,29.5,★★☆☆☆,OK
000590,CS홀딩스,,71700.0,1073,1.82,↑,68475.0,67528.33,76.34,1013.21,638.98,1764.29,1868922,1.34,67.0,★★★★☆,OK
011700,한신기계,,2485.0,171639,0.54,↓,2530.75,2424.43,42.86,11.78,11.7,115.36,2155816876,0.62,31.0,★★☆☆☆,OK
002220,한일철강,,3030.0,444160,3.37,↑,2957.75,3222.33,49.7,-73.4,-96.17,159.29,102877492,4.46,100.0,★★★★★,OK
000850,화천기공,,36950.0,2637,0.39,→,37302.5,35373.33,44.95,315.86,538.82,1367.86,3935896,0.41,20.5,★☆☆☆☆,OK
33626K,두산퓨얼셀1우,,6070.0,10488,0.39,↓,6438.0,5758.67,20.34,58.78,135.07,357.86,103216425,0.18,9.0,★☆☆☆☆,OK
111380,동인기연,,12770.0,1161,0.32,↓,13032.0,13061.17,45.83,-96.57,-65.72,597.86,1935392,0.28,14.0,★☆☆☆☆,OK
001260,남광토건,,8050.0,39386,0.51,↓,7860.0,7794.0,58.27,87.07,54.92,552.14,60811532,0.64,32.0,★★☆☆☆,OK
009180,한솔로지스틱스,,2790.0,36727,1.75,↓,2776.5,2765.17,52.94,8.12,4.36,38.93,805309337,2.6,100.0,★★★★★,OK
023800,인지컨트롤스,,5050.0,17470,0.75,→,5076.0,5222.67,52.5,-57.8,-64.3,115.0,214394348,0.84,42.0,★★★☆☆,OK
069730,DSR제강,,5370.0,6645,0.27,↓,5396.5,5543.67,58.54,-12.5,-23.6,260.71,278227899,0.26,13.0,★☆☆☆☆,OK
063160,종근당바이오,,13980.0,83360,2.22,↑,13208.5,13452.67,60.83,79.88,-94.29,888.57,95370504,2.62,100.0,★★★★★,OK
004840,DRB동일,,3980.0,38999,1.88,↓,4001.75,4202.58,39.06,-56.41,-69.17,86.43,65327445,1.73,86.5,★★★★★,OK
163560,동일고무벨트,,5460.0,9102,0.62,↓,5511.0,5656.83,45.0,-42.81,-53.29,124.29,120668166,0.65,32.5,★★☆☆☆,OK
007590,동방아그로,,5550.0,359,0.15,↓,5582.5,5590.17,43.33,-10.35,-7.34,267.86,12989247,0.12,6.0,★☆☆☆☆,OK
480370,씨케이솔루션,,2285.0,1403665,1.66,↑,1896.3,1508.88,67.24,173.27,141.94,207.29,33587589,1.6,80.0,★★★★☆,OK
005740,크라운해태홀딩스,,5150.0,13227,0.55,↓,5371.0,5569.5,22.34,-119.6,-115.89,201.79,65682996,0.24,12.0,★☆☆☆☆,OK
010960,삼호개발,,3055.0,41384,0.63,↓,3077.0,3153.67,50.0,-17.75,-21.74,61.07,182282727,0.74,37.0,★★☆☆☆,OK
109070,주성코퍼레이션,,6880.0,12549,0.89,↓,7503.5,7509.17,27.69,-177.74,-112.96,3620.0,27232905,0.32,16.0,★☆☆☆☆,OK
007610,선도전기,,4090.0,265712,0.29,↓,4241.5,4273.08,55.39,21.58,34.16,361.43,451082066,0.24,12.0,★☆☆☆☆,OK
214330,금호에이치티,,6800.0,30183,0.5,↓,6688.5,6142.42,56.59,173.0,163.06,347.86,1797304,0.66,33.0,★★☆☆☆,OK
000105,유한양행우,,64400.0,631,1.3,→,66265.0,65610.0,35.24,-954.35,-687.31,2514.29,7980456,0.88,44.0,★★★☆☆,OK
013360,일성건설,,1327.0,139607,0.88,↓,1389.2,1434.23,35.06,-30.33,-27.93,40.5,1655486884,0.6,30.0,★★☆☆☆,OK
013870,지엠비코리아,,3780.0,7284,0.55,↓,3836.5,3854.67,37.5,-18.84,-14.06,125.0,153768485,0.4,20.0,★☆☆☆☆,OK
002700,신일전자,,1039.0,421324,0.8,↑,981.25,1018.7,67.91,6.75,-6.25,28.86,1287044818,0.8,40.0,★★☆☆☆,OK
000230,일동홀딩스,,6130.0,5958,0.55,↓,6077.5,6210.0,55.56,-28.6,-65.81,190.71,165304831,0.66,33.0,★★☆☆☆,OK
002795,아모레퍼시픽홀딩스우,,11110.0,1396,0.22,→,11152.0,10989.5,52.63,35.32,58.31,250.71,8904197,0.24,12.0,★☆☆☆☆,OK
014160,대영포장,,655.0,0,,→,659.25,687.82,,-10.54,-12.41,611.21,4148820740,,,☆☆☆☆☆,Data Missing
005750,대림바스,,4255.0,22715,0.98,→,4398.5,4418.08,32.7,-83.51,-63.47,173.57,73360387,0.62,31.0,★★☆☆☆,OK
120115,코오롱인더우,,25400.0,3435,0.7,↓,25327.5,24680.0,59.52,129.73,130.08,594.64,10546719,0.78,39.0,★★☆☆☆,OK
024900,디와이덕양,,2185.0,67207,0.24,↓,2000.5,1829.0,86.71,127.7,113.15,150.21,732191629,0.1,5.0,★☆☆☆☆,OK
338100,NH프라임리츠,,3780.0,74747,1.3,↓,3817.25,3807.58,43.84,-1.19,2.86,101.79,-16506548,1.11,55.5,★★★☆☆,OK
031820,아이티센씨티에스,,5810.0,27886,0.84,↑,5717.5,5667.17,49.09,-0.47,-13.51,212.5,225182649,1.27,63.5,★★★★☆,OK
010040,한국내화,,1694.0,9206,0.38,↑,1625.85,1588.42,59.53,20.3,11.82,74.36,422865289,0.47,23.5,★★☆☆☆,OK
071090,하이스틸,,3425.0,201582,0.12,↓,3363.25,3116.5,54.97,102.95,103.83,300.36,944637585,0.14,7.0,★☆☆☆☆,OK
009770,삼정펄프,,27400.0,2342,1.68,↓,27997.5,27736.67,45.77,-91.93,-6.78,1317.86,1853872,1.47,73.5,★★★★☆,OK
001020,페이퍼코리아,,1901.0,7749,0.79,↓,2138.75,2103.73,30.8,-87.98,-57.76,202.79,32134417,0.44,22.0,★★☆☆☆,OK
001560,제일연마,,9220.0,2974,1.79,↓,9215.0,8947.83,49.8,43.8,44.42,625.0,12224077,2.34,100.0,★★★★★,OK
155660,DSR,,4245.0,30156,1.98,↓,4359.0,4447.67,34.0,-46.92,-36.0,128.93,273021244,1.31,65.5,★★★★☆,OK
095720,웅진씽크빅,,1205.0,29408,1.02,↑,1256.0,1234.55,13.64,-17.6,-9.73,54.07,322443286,0.27,13.5,★☆☆☆☆,OK
004440,삼일씨엔에스,,5310.0,28342,0.29,↓,5282.0,5147.33,56.69,66.77,58.98,463.93,53326828,0.37,18.5,★☆☆☆☆,OK
011150,CJ씨푸드,,1877.0,47099,1.38,↓,1931.6,1984.17,33.98,-32.51,-29.01,69.71,1426627050,0.9,45.0,★★★☆☆,OK
007280,한국특강,,2445.0,42844,2.44,↑,2350.25,2178.57,55.29,23.01,24.15,190.36,82809819,2.83,100.0,★★★★★,OK
079980,휴비스,,1939.0,34929,1.19,→,1941.95,1979.97,45.4,-12.09,-14.04,65.07,60916737,1.25,62.5,★★★★☆,OK
010660,화천기계,,3060.0,37196,0.61,↓,3106.5,2887.5,39.81,26.08,39.54,114.29,1243198775,0.56,28.0,★★☆☆☆,OK
000180,성창기업지주,,4840.0,13225,0.85,↑,4986.0,5140.08,20.31,-97.81,-83.23,172.86,66165298,0.33,16.5,★☆☆☆☆,OK
017370,우신시스템,,3750.0,14351,1.37,↑,3528.75,3775.75,59.67,-26.94,-66.28,235.36,229696819,1.46,73.0,★★★★☆,OK
019680,대교,,1643.0,25851,1.33,↑,1711.25,1874.82,34.59,-80.82,-83.44,73.5,65401913,1.06,53.0,★★★☆☆,OK
007815,코리아써우,,22200.0,215,0.2,↑,19092.0,17609.83,90.05,1051.8,620.32,951.43,22519127,0.06,3.0,★☆☆☆☆,OK
085310,엔케이,,8950.0,14239,1.34,↑,8944.0,8842.67,47.42,-56.41,-65.75,497.14,112842752,1.93,96.5,★★★★★,OK
004720,팜젠사이언스,,2860.0,11796,0.84,↓,2938.25,3146.67,42.39,-63.69,-71.49,146.79,411793954,0.81,40.5,★★☆☆☆,OK
100220,비상교육,,5060.0,9200,0.4,↑,5009.5,4975.0,42.59,7.66,4.63,141.43,157418101,0.53,26.5,★★☆☆☆,OK
058730,다스코,,3080.0,154623,0.41,↓,3239.5,3524.17,32.09,-88.16,-85.54,113.57,372215406,0.25,12.5,★☆☆☆☆,OK
016090,대현,,1420.0,17953,0.48,↑,1411.55,1455.48,53.16,-11.01,-14.77,37.86,258859845,0.61,30.5,★★☆☆☆,OK
068290,삼성출판사,,6190.0,3730,0.47,→,6206.5,6242.0,41.07,-29.58,-34.76,162.86,254616946,0.45,22.5,★★☆☆☆,OK
004770,써니전자,,1765.0,401926,0.19,↓,2019.3,1841.37,21.25,-35.23,11.51,101.0,2286727343,0.08,4.0,★☆☆☆☆,OK
009200,무림페이퍼,,1500.0,21515,0.2,↓,1502.8,1499.37,48.35,1.06,-0.01,54.0,407115182,0.26,13.0,★☆☆☆☆,OK
084680,이월드,,2160.0,62064,2.29,↓,2572.5,2720.33,8.33,-127.47,-86.11,1966.79,299757277,0.2,10.0,★☆☆☆☆,OK
018500,동원모빌리티,,1312.0,66702,1.23,↓,1356.95,1397.83,39.77,-22.77,-22.19,99.43,504529891,0.91,45.5,★★★☆☆,OK
000220,유유제약,,3830.0,45454,0.64,↑,3800.5,3742.17,48.65,-1.0,-4.18,92.86,326397979,0.97,48.5,★★★☆☆,OK
005870,휴니드,,4270.0,50088,1.27,↓,4467.0,4446.42,36.84,-24.44,-14.52,169.64,383478072,0.9,45.0,★★★☆☆,OK
35320K,대덕전자1우,,28700.0,14707,1.73,↑,24232.5,23169.5,82.87,1457.68,831.23,1387.5,38387899,0.9,45.0,★★★☆☆,OK
072130,유엔젤,,4670.0,17946,0.71,↓,4879.25,4868.67,23.39,-51.12,-28.75,265.71,367997354,0.31,15.5,★☆☆☆☆,OK
004450,삼화왕관,,27200.0,563,0.54,↓,27800.0,26540.83,50.0,289.12,397.89,1028.57,958134,0.62,31.0,★★☆☆☆,OK
002760,보락,,999.0,46418,0.84,→,1000.85,996.95,46.77,-0.66,-0.04,17.93,1498530731,0.93,46.5,★★★☆☆,OK
014990,인디에프,,3855.0,114565,0.3,↓,3973.0,2967.1,52.26,149.15,225.02,343.93,250888818,0.32,16.0,★☆☆☆☆,OK
0220WL,한화머시너리앤서비스홀딩스3우B,,2420.0,517228,1.06,↑,2498.0,,26.77,-248.81,-293.13,101.07,-18322975,0.65,32.5,★★☆☆☆,OK
372910,한컴라이프케어,,2135.0,157574,0.13,↓,2067.3,1871.62,54.67,72.86,76.99,145.79,202275437,0.15,7.5,★☆☆☆☆,OK
001465,BYC우,,26800.0,1158,0.55,↑,26697.5,25492.5,51.47,88.49,146.04,817.86,742797,0.73,36.5,★★☆☆☆,OK
111110,호전실업,,6430.0,2537,0.47,→,6421.0,6537.83,51.79,-20.61,-24.84,197.86,18259982,0.62,31.0,★★☆☆☆,OK
003925,남양유업우,,29450.0,996,0.52,↓,30167.5,30429.17,50.0,-1.49,41.73,992.86,1226792,0.5,25.0,★★☆☆☆,OK
006890,태경케미컬,,4895.0,27370,1.29,↑,4960.5,5292.67,43.2,-101.7,-110.81,183.21,280518721,1.29,64.5,★★★★☆,OK
003465,유화증권우,,3200.0,11,0.03,↑,3132.5,3092.33,46.97,4.22,-5.83,158.21,820640,0.04,2.0,★☆☆☆☆,OK
129260,인터지스,,1907.0,23420,1.12,↓,1904.05,1920.37,50.0,-2.99,-6.36,89.21,297995959,1.5,75.0,★★★★☆,OK
210980,SK디앤디,,2980.0,88483,0.3,↓,3588.5,3664.65,17.8,-155.87,-99.94,292.86,98218894,0.1,5.0,★☆☆☆☆,OK
003780,진양산업,,4245.0,168394,0.82,↑,4167.5,4076.58,58.62,53.16,66.82,230.0,284053353,0.9,45.0,★★★☆☆,OK
020760,일진디스플,,902.0,0,,→,902.0,902.0,,-0.0,-0.0,902.0,211820659,,,☆☆☆☆☆,Data Missing
090080,평화산업,,991.0,80659,0.74,↓,1006.55,988.72,43.83,3.74,5.54,39.0,1143264329,0.75,37.5,★★☆☆☆,OK
075180,새론오토모티브,,2930.0,5851,0.26,↓,2961.75,2950.92,36.84,-2.7,0.12,116.07,3529823,0.18,9.0,★☆☆☆☆,OK
005320,온타이드,,1600.0,329210,1.59,↑,1303.25,985.63,75.74,133.99,113.8,94.43,361146008,1.17,58.5,★★★☆☆,OK
025530,SJM홀딩스,,3635.0,6763,1.27,↓,3634.0,3571.75,54.76,15.18,20.11,79.64,71378326,1.57,78.5,★★★★☆,OK
004830,덕성,,3440.0,58444,1.94,↑,3312.75,3303.92,66.28,20.86,-0.69,138.21,1013736143,2.01,100.0,★★★★★,OK
023810,인팩,,5390.0,5905,0.54,↑,5193.0,5101.5,64.6,49.09,18.04,217.14,44613846,0.59,29.5,★★☆☆☆,OK
37550K,DL이앤씨우,,25400.0,3413,0.57,↓,26720.0,24648.33,32.46,335.32,545.74,932.14,537144,0.43,21.5,★★☆☆☆,OK
006125,SK디스커버리우,,43800.0,1269,0.66,↑,42615.0,40074.17,61.42,837.1,806.33,1310.71,26915167,0.79,39.5,★★☆☆☆,OK
092440,기신정기,,1849.0,54442,0.63,↓,1909.45,1925.83,37.04,-30.63,-24.16,80.5,75250125,0.45,22.5,★★☆☆☆,OK
28513K,SK케미칼우,,25300.0,711,0.22,↓,25410.0,23375.0,47.76,460.78,573.39,1314.29,33194180,0.24,12.0,★☆☆☆☆,OK
002410,범양건영,,1935.0,0,,→,1935.0,1935.0,,-0.0,-0.0,1935.0,889798325,,,☆☆☆☆☆,Data Missing
007460,에이프로젠,,2085.0,167157,0.98,↓,2026.65,2244.63,57.93,-35.87,-68.12,122.57,1273179849,1.09,54.5,★★★☆☆,OK
396690,미래에셋글로벌리츠,,1324.0,40567,0.53,↓,1402.6,1537.48,33.01,-51.69,-46.41,57.07,-13434048,0.34,17.0,★☆☆☆☆,OK
000725,현대건설우,,52000.0,2100,0.99,→,53910.0,51857.5,36.61,-392.7,-19.36,1950.0,1553001,0.84,42.0,★★★☆☆,OK
001550,조비,,10080.0,13831,0.42,↓,10472.5,10475.83,35.42,-149.56,-98.43,311.43,144352963,0.29,14.5,★☆☆☆☆,OK
003475,유안타증권우,,4115.0,11418,1.14,↓,4265.5,4232.25,10.17,-36.48,-15.38,124.64,74813499,0.23,11.5,★☆☆☆☆,OK
378850,화승알앤에이,,2790.0,32085,1.58,↓,2888.25,2880.83,19.23,-35.95,-25.04,72.14,148310811,0.59,29.5,★★☆☆☆,OK
021050,서원,,1096.0,61509,0.43,↓,1106.55,1070.28,48.0,2.97,2.19,42.21,1401732687,0.56,28.0,★★☆☆☆,OK
012690,모나리자,,1413.0,99353,1.26,↓,1439.15,1479.03,30.15,-17.85,-17.15,42.86,1126862056,0.74,37.0,★★☆☆☆,OK
010770,평화홀딩스,,3560.0,17881,1.01,↑,3521.75,3671.67,57.35,-24.61,-38.62,80.36,183698678,1.18,59.0,★★★☆☆,OK
123700,SJM,,3230.0,16986,1.65,↓,3371.5,3378.17,30.91,-40.42,-21.92,135.36,90356697,0.98,49.0,★★★☆☆,OK
005305,롯데칠성우,,66000.0,355,0.68,→,65645.0,67253.33,52.78,-291.01,-477.03,878.57,799203,0.89,44.5,★★★☆☆,OK
101140,인바이오젠,,5120.0,6734,0.91,↑,5012.5,5215.5,50.37,-75.45,-118.47,453.57,21363671,1.16,58.0,★★★☆☆,OK
011390,부산산업,,47150.0,3210,0.78,↓,48792.5,45616.67,44.88,-225.5,99.89,2375.0,15786298,0.8,40.0,★★☆☆☆,OK
006880,신송홀딩스,,4220.0,9234,0.09,→,4333.25,4467.58,29.81,-70.51,-66.35,211.43,368115268,0.05,2.5,★☆☆☆☆,OK
001620,케이비아이동국실업,,2240.0,23466,1.76,↑,2183.25,2171.88,62.75,5.31,1.06,74.64,65901410,2.03,100.0,★★★★★,OK
011300,우성머티리얼스,,2855.0,73007,0.63,↑,2630.75,2833.75,67.84,36.78,-6.04,297.86,118299570,0.59,29.5,★★☆☆☆,OK
006980,우성,,21550.0,2859,0.88,↑,17573.5,16487.67,73.97,430.27,273.78,1131.43,565136853,0.7,35.0,★★☆☆☆,OK
004410,서울식품,,1229.0,126703,1.13,↑,1210.8,1140.9,72.28,12.04,13.99,42.07,1354479193,0.85,42.5,★★★☆☆,OK
000950,전방,,29900.0,887,1.3,↑,30737.5,30470.83,47.44,-566.27,-429.31,3635.71,1008961,1.1,55.0,★★★☆☆,OK
011230,삼화전자,,2570.0,115025,0.26,↓,2667.0,2718.42,37.96,-11.84,-4.25,110.36,416743065,0.19,9.5,★☆☆☆☆,OK
002630,오리엔트바이오,,1669.0,19401,0.63,↑,1827.15,1937.88,12.61,-80.63,-63.03,612.0,600993770,0.12,6.0,★☆☆☆☆,OK
011000,진원생명과학,,2670.0,0,,→,2670.0,2670.0,,-7.89,-11.59,2670.0,477548302,,,☆☆☆☆☆,Data Missing
009835,한화솔루션우,,18850.0,4849,0.53,↑,17614.0,17409.33,65.37,375.39,176.41,988.57,59445049,0.56,28.0,★★☆☆☆,OK
009320,아진전자부품,,982.0,40947,0.58,↑,966.95,982.05,57.63,-0.8,-2.21,42.93,1144636682,0.66,33.0,★★☆☆☆,OK
002920,유성기업,,1794.0,41442,0.56,→,1825.25,1795.37,42.18,-1.25,4.5,56.29,75400297,0.46,23.0,★★☆☆☆,OK
002140,고려산업,,1902.0,91141,0.33,↓,1983.5,2039.85,31.56,-40.11,-33.55,51.5,1715541365,0.2,10.0,★☆☆☆☆,OK
069460,대호에이엘,,2660.0,0,,→,2660.0,2660.0,,-0.03,-0.04,2660.0,130581661,,,☆☆☆☆☆,Data Missing
000910,유니온,,2910.0,23303,0.52,↓,2956.75,2897.0,38.0,1.83,8.34,106.43,1094816161,0.46,23.0,★★☆☆☆,OK
041650,상신브레이크,,2140.0,9424,1.32,↓,2189.75,2178.63,42.42,-4.91,-3.71,63.21,196866789,1.09,54.5,★★★☆☆,OK
357250,미래에셋맵스리츠,,1838.0,5374,0.21,↓,1852.95,1860.22,52.07,-7.3,-6.36,106.29,-1757254,0.19,9.5,★☆☆☆☆,OK
004540,깨끗한나라,,1244.0,24070,0.99,→,1237.1,1243.6,50.21,2.23,0.64,46.86,512775342,1.52,76.0,★★★★☆,OK
084870,TBH글로벌,,2255.0,3760,0.12,↑,2219.25,2144.78,50.43,3.2,5.29,129.29,75238422,0.16,8.0,★☆☆☆☆,OK
003080,SB성보,,2245.0,8319,0.46,↑,2238.25,2232.75,51.02,0.69,0.04,63.21,53122756,0.7,35.0,★★☆☆☆,OK
014910,성문전자,,1967.0,140670,0.67,↓,2012.25,1963.43,49.6,-15.25,-8.38,93.86,666240574,0.76,38.0,★★☆☆☆,OK
004060,SG세계물산,,2180.0,135822,1.47,↑,2161.5,2313.25,48.08,-46.93,-60.2,86.43,189479205,1.9,95.0,★★★★★,OK
004910,조광페인트,,3455.0,11315,1.27,↑,3493.75,3532.58,40.27,-38.98,-34.59,123.57,62889437,0.99,49.5,★★★☆☆,OK
017180,명문제약,,1270.0,72951,0.22,↓,1268.8,1227.1,43.22,10.4,8.93,54.57,1396567614,0.29,14.5,★☆☆☆☆,OK
011330,유니켐,,4375.0,88187,0.79,↑,4200.5,4284.17,52.25,-51.83,-80.83,293.21,11922658,1.13,56.5,★★★☆☆,OK
074610,이엔플러스,,5110.0,0,,→,5110.0,5110.0,,-0.0,-0.0,5110.0,102861964,,,☆☆☆☆☆,Data Missing
092780,DYP,,3275.0,45712,0.36,↓,3368.75,3328.25,53.2,8.3,25.19,310.0,145056256,0.31,15.5,★☆☆☆☆,OK
481850,신한글로벌액티브리츠,,972.0,4587,0.28,↓,978.4,987.18,40.0,-2.64,-2.05,18.64,-10142286,0.22,11.0,★☆☆☆☆,OK
008420,문배철강,,2030.0,31262,0.33,↓,2142.5,2137.85,22.95,-32.45,-21.67,90.0,588611899,0.15,7.5,★☆☆☆☆,OK
446070,유니드비티플러스,,3950.0,23799,0.49,↓,3913.75,3641.92,54.48,65.04,74.5,121.43,67255067,0.61,30.5,★★☆☆☆,OK
007110,일신석재,,2615.0,85586,1.63,→,2914.5,3313.83,23.33,-159.98,-131.86,2037.14,588123462,0.43,21.5,★★☆☆☆,OK
026940,부국철강,,2040.0,109864,0.35,↓,2156.5,2102.5,33.0,-22.79,-8.92,99.29,564408896,0.22,11.0,★☆☆☆☆,OK
019490,엑시큐어하이트론,,541.0,0,,→,541.0,541.0,,-0.0,-0.0,541.0,-64920451,,,☆☆☆☆☆,Data Missing
002870,신풍,,1189.0,32222,0.13,↑,1141.2,1049.77,55.56,33.54,34.96,116.07,768989663,0.15,7.5,★☆☆☆☆,OK
017040,광명전기,,932.0,0,,→,932.0,932.0,,-0.01,-0.02,932.0,1208363922,,,☆☆☆☆☆,Data Missing
049800,우진플라임,,2010.0,23971,0.92,↑,1912.15,1823.88,60.83,44.31,31.53,101.64,70853182,1.1,55.0,★★★☆☆,OK
000215,DL우,,23650.0,1011,0.49,↓,24917.5,23320.67,39.22,18.89,247.7,942.86,2165924,0.44,22.0,★★☆☆☆,OK
023350,한국종합기술,,3650.0,15615,0.98,↓,3920.75,3982.42,10.92,-88.83,-58.91,180.71,282026902,0.2,10.0,★☆☆☆☆,OK
145270,케이탑리츠,,800.0,14620,0.58,↓,792.8,791.67,51.76,3.2,1.77,25.5,144843997,0.87,43.5,★★★☆☆,OK
008870,금비,,38950.0,184,0.91,↓,40200.0,39650.0,41.42,-194.51,42.33,1385.71,5063643,0.73,36.5,★★☆☆☆,OK
002360,SH에너지화학,,3520.0,85984,0.34,↑,2413.45,1986.55,82.88,483.61,353.37,461.0,361481036,0.16,8.0,★☆☆☆☆,OK
011420,갤럭시아에스엠,,1379.0,29433,1.34,↓,1436.8,1451.32,36.2,-12.85,-9.23,54.29,974029903,0.93,46.5,★★★☆☆,OK
004920,씨아이테크,,7360.0,14816,1.57,↓,8733.0,9151.33,7.04,-421.05,-220.13,6740.71,35431491,0.12,6.0,★☆☆☆☆,OK
023960,에쓰씨엔지니어링,,1002.0,19044,0.75,↓,1036.8,1007.2,38.29,-0.31,3.56,92.0,119588793,0.53,26.5,★★☆☆☆,OK
012280,영화금속,,3865.0,10056,0.55,↑,3707.25,3925.08,51.55,-59.34,-89.85,266.79,221350171,0.7,35.0,★★☆☆☆,OK
009810,MDS스피어,,1944.0,1758,0.19,↑,1928.4,1901.0,56.3,15.6,17.42,177.07,60394582,0.21,10.5,★☆☆☆☆,OK
133820,화인베스틸,,986.0,92102,2.05,↓,1010.0,999.63,36.49,0.03,4.18,68.43,386210022,1.4,70.0,★★★★☆,OK
000890,보해양조,,1334.0,115608,0.57,↑,1330.45,1378.42,50.0,-18.85,-23.43,33.36,526356530,0.78,39.0,★★☆☆☆,OK
027740,마니커,,1134.0,22556,0.22,↓,1291.35,1237.87,10.09,-64.58,-43.11,68.71,368412324,0.04,2.0,★☆☆☆☆,OK
134790,시디즈,,18410.0,76,0.31,↓,18931.0,19342.5,14.52,-272.02,-225.35,443.57,9151493,0.09,4.5,★☆☆☆☆,OK
008250,이건산업,,3300.0,31559,0.95,↑,3135.5,2918.25,60.87,65.36,57.53,128.57,105980544,1.14,57.0,★★★☆☆,OK
009140,케이아이이,,22700.0,8454,1.17,↑,21964.5,21917.17,52.06,11.14,-157.3,1895.71,2354427,1.66,83.0,★★★★★,OK
047400,유니온머티리얼,,851.0,0,,↓,915.8,934.1,36.0,-16.93,-7.03,136.21,2803556806,,,☆☆☆☆☆,Data Missing
051630,진양화학,,1670.0,257810,0.36,↑,1553.65,1334.33,59.52,81.29,90.99,215.14,156824733,0.36,18.0,★☆☆☆☆,OK
000760,이화산업,,12590.0,1300,1.18,↑,12862.5,12986.17,35.16,-302.99,-270.67,655.0,2800661,0.79,39.5,★★☆☆☆,OK
010640,진양폴리,,2075.0,66210,0.58,↑,2039.1,1870.02,58.14,43.51,57.77,142.29,94592606,0.64,32.0,★★☆☆☆,OK
012160,영흥,,2155.0,8079,0.26,↓,2180.25,2332.15,46.51,-55.35,-62.8,142.86,104590323,0.27,13.5,★☆☆☆☆,OK
013000,세우글로벌,,1196.0,27350,0.66,↓,1190.55,1213.15,56.06,1.11,-4.3,46.86,843199643,0.78,39.0,★★☆☆☆,OK
014130,한익스프레스,,2845.0,53255,2.57,↑,2666.5,2520.58,75.68,72.97,54.59,79.64,208716742,1.95,97.5,★★★★★,OK
009460,한창제지,,2760.0,5918,0.75,↓,2698.25,2894.25,56.92,-32.37,-55.2,181.43,331950888,0.85,42.5,★★★☆☆,OK
143210,핸즈코퍼레이션,,1199.0,0,,→,1199.0,1199.0,,0.0,0.01,1199.0,22892367,,,☆☆☆☆☆,Data Missing
004365,세방우,,9070.0,6239,2.24,↓,9232.0,9210.0,26.19,-46.92,-27.26,115.71,2146722,1.16,58.0,★★★☆☆,OK
006370,대구백화점,,2965.0,14173,0.2,↓,3136.5,4162.58,25.85,-259.87,-298.19,176.43,4901731,0.12,6.0,★☆☆☆☆,OK
002880,디와이에이,,3675.0,7150,0.47,↓,3569.5,3840.75,66.67,-26.05,-67.98,224.64,126616501,0.41,20.5,★☆☆☆☆,OK
005820,원림,,14540.0,911,0.59,→,14610.5,14430.67,51.83,-46.38,-12.19,649.29,1335699,0.65,32.5,★★☆☆☆,OK
003535,한화투자증권우,,6470.0,16576,1.4,↓,6556.0,6160.33,46.41,31.79,57.59,365.0,133148341,1.48,74.0,★★★★☆,OK
090370,메타랩스,,1164.0,14074,0.29,↓,1198.1,1128.2,37.72,1.67,10.42,68.07,155679492,0.25,12.5,★☆☆☆☆,OK
010400,우진아이엔에스,,3970.0,21501,1.45,↓,4181.75,4281.42,37.72,-42.91,-24.99,322.5,35009869,1.01,50.5,★★★☆☆,OK
069640,한세엠케이,,1353.0,14602,0.41,↓,1397.65,1310.87,41.54,6.92,13.37,157.21,34722114,0.37,18.5,★☆☆☆☆,OK
025750,한솔홈데코,,1897.0,7735,0.54,↑,1893.45,1881.0,49.25,-1.59,0.96,57.29,195406675,0.72,36.0,★★☆☆☆,OK
001070,대한방직,,5670.0,13572,3.37,↓,5873.5,6010.67,38.24,-84.6,-60.87,544.29,-2712592,2.35,100.0,★★★★★,OK
024070,WISCOM,,2005.0,5230,0.39,↑,1987.5,1938.43,56.33,13.72,17.4,149.79,92454355,0.44,22.0,★★☆☆☆,OK
006570,대림통상,,1869.0,34248,1.37,↓,1943.3,1974.0,39.29,-14.93,-8.37,162.07,6377724,0.99,49.5,★★★☆☆,OK
025890,한국주강,,2630.0,3766,0.13,↓,2642.0,2477.58,53.49,37.16,47.51,115.71,168102045,0.14,7.0,★☆☆☆☆,OK
036420,콘텐트리중앙,,1504.0,21956,0.6,↓,1575.75,1597.12,27.74,-33.75,-37.71,61.29,279817920,0.38,19.0,★☆☆☆☆,OK
088790,진도,,2350.0,12472,0.3,↓,2387.75,2331.17,50.68,29.45,42.8,132.14,172954821,0.34,17.0,★☆☆☆☆,OK
019175,신풍제약우,,14420.0,3851,0.98,↓,14299.5,13390.67,42.24,135.5,118.88,716.43,58003834,1.26,63.0,★★★★☆,OK
308170,씨티알모빌리티,,3390.0,5289,1.0,→,3444.5,3575.75,37.21,-50.34,-48.26,260.0,156616865,0.69,34.5,★★☆☆☆,OK
023150,MH에탄올,,4610.0,18589,1.37,↑,4240.75,4177.0,71.43,100.26,43.95,286.79,112217984,1.18,59.0,★★★☆☆,OK
009190,대양금속,,610.0,4121494,2.09,↓,976.95,1426.93,20.67,-217.25,-190.74,239.86,407911533,0.62,31.0,★★☆☆☆,OK
003680,한성기업,,4440.0,843031,7.62,↓,4638.25,6056.92,31.34,-226.32,-255.35,241.07,124483394,5.44,100.0,★★★★★,OK
004270,남성,,5760.0,3832,0.45,↑,5416.5,5515.02,64.95,111.8,77.86,214.29,123411123,0.49,24.5,★★☆☆☆,OK
002690,동일제강,,1315.0,15003,0.21,↓,1413.15,1470.63,30.65,-39.27,-25.95,75.36,268111389,0.12,6.0,★☆☆☆☆,OK
118000,메타케어,,1182.0,27788,1.17,↓,1280.1,1302.63,29.11,-31.38,-20.04,99.71,70168137,0.63,31.5,★★☆☆☆,OK
007120,미래아이앤지,,988.0,39837,0.77,↑,1040.7,1130.95,32.14,-42.78,-39.43,63.71,232664190,0.47,23.5,★★☆☆☆,OK
006345,대원전선우,,9810.0,39575,0.9,↓,9910.0,10137.5,51.35,-60.53,-68.76,488.57,178285089,1.0,50.0,★★★☆☆,OK
002355,넥센타이어1우B,,3955.0,165,0.01,→,3945.0,3907.75,55.56,10.85,11.45,50.36,2645556,0.01,0.5,★☆☆☆☆,OK
33637K,솔루스첨단소재1우,,1535.0,7340,0.61,↓,1500.1,1508.45,57.94,14.21,5.62,69.64,88879163,0.79,39.5,★★☆☆☆,OK
033250,체시스,,4050.0,17893,0.38,↓,4277.5,4075.25,41.19,-47.8,0.68,280.0,201089758,0.29,14.5,★☆☆☆☆,OK
003060,에이프로젠바이오로직스,,1554.0,92645,0.54,↓,1604.15,1871.95,37.43,-80.69,-91.19,88.07,368464070,0.46,23.0,★★☆☆☆,OK
003495,대한항공우,,21900.0,1430,0.79,→,21965.0,21726.67,52.5,56.41,78.95,567.86,38542138,0.88,44.0,★★★☆☆,OK
006490,프리티,,1400.0,42339,0.16,↓,1658.4,1598.07,24.02,-64.12,-36.81,202.21,148005121,0.07,3.5,★☆☆☆☆,OK
357430,마스턴프리미어리츠,,790.0,6886,0.33,↑,889.1,835.27,9.52,-28.46,-9.76,36.86,-13643379,0.06,3.0,★☆☆☆☆,OK
009310,참엔지니어링,,5330.0,0,,→,5330.0,5330.0,,1.66,2.44,5330.0,75288862,,,☆☆☆☆☆,Data Missing
001380,SG글로벌,,1016.0,330882,3.27,↓,1163.75,1279.42,32.7,-61.14,-53.23,152.93,646942873,1.86,93.0,★★★★★,OK
33626L,두산퓨얼셀2우B,,7420.0,2523,1.28,↓,7674.0,7404.0,19.44,-28.77,18.3,508.57,40276587,0.56,28.0,★★☆☆☆,OK
004870,티웨이홀딩스,,984.0,22240,0.21,↑,1028.85,1104.53,40.16,-42.7,-42.99,162.64,144357399,0.17,8.5,★☆☆☆☆,OK
071950,코아스,,1515.0,104149,0.77,↓,1785.4,1799.92,31.47,-74.95,-32.73,147.43,77166250,0.44,22.0,★★☆☆☆,OK
012170,아센디오,,3000.0,19093,0.8,→,2972.0,1762.97,52.65,251.93,317.7,285.0,455446188,0.97,48.5,★★★☆☆,OK
030720,동원수산,,4680.0,103592,2.95,↑,4976.0,5534.5,29.14,-251.31,-225.59,266.07,92973544,1.63,81.5,★★★★★,OK
008775,호텔신라우,,27850.0,237,0.33,↓,28267.5,28950.0,38.46,-309.2,-324.93,717.86,7374500,0.3,15.0,★☆☆☆☆,OK
006740,블루산업개발,,3530.0,247688,12.28,↓,4886.5,4994.75,12.15,-221.85,-111.6,356.43,31427759,2.71,100.0,★★★★★,OK
001420,태원물산,,2700.0,39387,1.34,↓,2923.0,2714.67,28.0,27.14,72.92,186.43,122271840,0.7,35.0,★★☆☆☆,OK
005360,모나미,,1086.0,2340208,6.57,→,1213.6,1596.68,18.99,-99.2,-94.39,149.14,1196947062,2.19,100.0,★★★★★,OK
001685,대상우,,14700.0,994,0.89,→,14629.5,14450.83,57.04,40.79,34.54,277.14,12773024,1.2,60.0,★★★☆☆,OK
015020,이스타코,,928.0,0,,→,928.0,928.0,,-0.0,-0.0,928.0,452667482,,,☆☆☆☆☆,Data Missing
00499K,롯데지주우,,23800.0,438,1.75,↓,24767.5,23699.17,34.43,37.23,188.43,732.14,5576024,1.4,70.0,★★★★☆,OK
000040,KR모터스,,992.0,15593,0.41,↓,1069.1,1231.7,21.21,-73.03,-73.03,52.57,58895946,0.17,8.5,★☆☆☆☆,OK
011090,에넥스,,1580.0,209224,0.89,↑,1532.15,1640.57,39.83,-48.84,-45.11,153.64,358459341,0.78,39.0,★★☆☆☆,OK
108675,LX하우시스우,,18000.0,2355,2.77,↓,18532.5,17927.92,40.0,-26.02,53.2,680.71,2731905,2.56,100.0,★★★★★,OK
093240,형지엘리트,,296.0,0,,→,310.4,387.73,35.71,-23.99,-27.12,200.5,1750317064,,,☆☆☆☆☆,Data Missing
002070,비비안,,3810.0,37992,0.39,↑,4401.75,4771.57,27.73,-343.53,-297.34,778.21,18277444,0.18,9.0,★☆☆☆☆,OK
465770,STX그린로지스,,2170.0,636143,0.89,↓,2768.25,3113.98,6.99,-300.43,-233.42,247.5,152961334,0.11,5.5,★☆☆☆☆,OK
008600,윌비스,,2620.0,0,,→,2620.0,2620.0,,-0.01,-0.01,2620.0,128561495,,,☆☆☆☆☆,Data Missing
009440,KC그린홀딩스,,756.0,0,,→,756.0,756.0,,-0.0,-0.0,756.0,183845889,,,☆☆☆☆☆,Data Missing
005725,넥센우,,4490.0,3004,2.58,↑,4347.25,4337.67,69.0,37.31,13.37,83.93,3571189,2.51,100.0,★★★★★,OK
18064K,한진칼우,,29300.0,2174,1.79,↓,30437.5,29389.17,34.95,-46.64,119.05,1085.71,25364751,1.21,60.5,★★★☆☆,OK
004105,태양금속우,,4660.0,85098,1.34,↑,3873.0,3253.0,82.4,370.79,293.12,306.07,144280714,0.71,35.5,★★☆☆☆,OK
005257,녹십자홀딩스2우,,18000.0,407,0.96,↓,18143.5,16951.17,50.99,231.78,295.66,799.29,2858595,1.08,54.0,★★★☆☆,OK
006200,한국전자홀딩스,,1625.0,37759,0.95,↓,1815.55,1994.62,29.08,-78.22,-56.4,122.36,102376130,0.51,25.5,★★☆☆☆,OK
002820,SUN&L,,1150.0,646785,4.42,↑,1316.15,1743.95,31.58,-176.72,-160.77,138.79,13345387,2.49,100.0,★★★★★,OK
002025,코오롱우,,12850.0,1415,1.1,↓,13110.5,13823.83,41.25,-241.23,-295.57,537.86,13902875,1.05,52.5,★★★☆☆,OK
000087,하이트진로2우B,,12320.0,630,1.07,→,12318.5,12322.33,46.23,-14.07,-17.48,189.29,1697188,1.36,68.0,★★★★☆,OK
001795,대한제당우,,2100.0,5244,0.65,↓,2141.5,2123.05,38.24,-6.41,-2.71,67.5,180600240,0.48,24.0,★★☆☆☆,OK
00806K,대덕1우,,11010.0,3610,1.17,→,10657.0,10751.17,74.36,47.2,-22.43,222.14,7129939,0.94,47.0,★★★☆☆,OK
024890,대원화성,,1525.0,166438,3.32,↑,1639.2,2207.38,39.39,-146.04,-147.64,126.5,226190048,2.9,100.0,★★★★★,OK
45226K,한화갤러리아우,,4325.0,607,0.12,↓,4414.25,4172.75,52.28,60.26,81.25,115.36,11254051,0.13,6.5,★☆☆☆☆,OK
084695,대상홀딩스우,,13740.0,4494,1.25,↓,13283.0,12118.67,71.54,499.2,473.12,327.14,17979160,1.11,55.5,★★★☆☆,OK
00781K,코리아써키트2우B,,15900.0,365,0.31,↑,14485.5,13795.5,80.63,498.41,272.79,435.71,855556,0.19,9.5,★☆☆☆☆,OK
38380K,LX홀딩스1우,,7600.0,1412,1.29,↑,7531.0,7414.83,55.47,19.23,20.55,419.29,-1915517,1.52,76.0,★★★★☆,OK
015260,에이엔피,,249.0,2808221,1.73,↑,261.0,313.32,42.34,-25.7,-21.92,27.36,734478240,1.32,66.0,★★★★☆,OK
145995,삼양사우,,32150.0,4,0.01,↓,32935.0,33012.5,21.15,-216.54,-85.06,421.43,1584719,0.0,0.0,☆☆☆☆☆,OK
001067,JW중외제약2우B,,49950.0,1,0.02,↓,49792.5,46390.83,61.76,812.84,965.8,742.86,2216967,0.02,1.0,★☆☆☆☆,OK
019685,대교우B,,1029.0,29137,1.27,↑,1016.65,1210.72,58.18,-51.52,-63.15,41.29,16407661,1.43,71.5,★★★★☆,OK
004255,NPC우,,1878.0,1419,0.18,↓,1888.7,1891.4,54.05,4.67,3.92,51.86,50510047,0.19,9.5,★☆☆☆☆,OK
145210,다이나믹디자인,,2240.0,0,,→,2240.0,2240.0,,-0.04,-0.06,2240.0,1678895324,,,☆☆☆☆☆,Data Missing
001755,한양증권우,,19130.0,1195,0.52,↓,19310.0,19565.83,35.16,-86.92,-90.5,232.14,5484614,0.43,21.5,★★☆☆☆,OK
33637L,솔루스첨단소재2우B,,2210.0,4488,2.45,↓,2299.0,2218.45,26.98,-7.7,0.75,127.5,21311315,1.25,62.5,★★★★☆,OK
000225,유유제약1우,,3560.0,8294,2.02,↓,3654.25,3676.08,26.25,-21.97,-15.27,150.71,42840524,1.02,51.0,★★★☆☆,OK
003075,코오롱글로벌우,,11960.0,845,2.27,↓,13187.0,13008.33,27.78,-246.78,-83.59,707.14,5192598,1.19,59.5,★★★☆☆,OK
001515,SK증권우,,3960.0,1808,0.36,↓,4019.5,4098.58,27.27,-62.52,-68.01,85.0,98136802,0.23,11.5,★☆☆☆☆,OK
004835,덕성우,,5370.0,59900,4.69,↑,4475.0,4246.25,79.55,169.02,90.09,434.29,116356616,2.84,100.0,★★★★★,OK
001065,JW중외제약우,,21900.0,8,0.08,↓,22222.5,21997.5,45.26,-71.51,-20.27,428.57,6152750,0.07,3.5,★☆☆☆☆,OK
000325,노루홀딩스우,,28450.0,64,0.65,↓,27985.0,25904.17,52.17,512.03,521.39,992.86,2282167,0.84,42.0,★★★☆☆,OK
004985,성신양회우,,9110.0,600,0.53,↑,8888.5,8627.67,63.13,120.08,113.01,426.43,42783381,0.6,30.0,★★☆☆☆,OK
044380,주연테크,,436.0,0,,→,511.9,777.48,34.87,-106.41,-113.42,268.21,219718000,,,☆☆☆☆☆,Data Missing
26490K,크라운제과우,,7540.0,226,0.56,↓,7527.0,7545.0,49.0,0.49,-19.32,373.57,29623925,0.73,36.5,★★☆☆☆,OK
012205,계양전기우,,4825.0,6046,0.59,↓,5096.25,5816.65,29.69,-235.58,-259.06,187.5,43315656,0.4,20.0,★☆☆☆☆,OK
090355,노루페인트우,,12150.0,374,2.46,↓,11945.0,11330.5,53.2,166.77,147.59,311.43,12195729,3.59,100.0,★★★★★,OK
001770,SHD,,3925.0,0,,↓,6371.0,8145.0,0.0,-1758.87,-1582.01,2663.93,6213135,,,☆☆☆☆☆,Data Missing
002995,금호건설우,,14900.0,4876,0.7,↑,16954.5,20219.0,18.42,-1616.93,-1463.95,782.14,5717677,0.25,12.5,★☆☆☆☆,OK
000145,하이트진로홀딩스우,,9000.0,595,3.01,↓,9171.5,9341.67,17.95,-64.41,-62.42,157.14,1675172,1.06,53.0,★★★☆☆,OK
000545,흥국화재우,,5620.0,431,1.92,↓,5729.5,5482.5,39.68,20.99,43.88,152.86,29395082,1.78,89.0,★★★★★,OK
009415,태영건설우,,6030.0,423,0.39,↓,6245.0,6430.67,39.58,-106.68,-93.87,147.14,79007416,0.3,15.0,★☆☆☆☆,OK
005965,동부건설우,,17100.0,42,0.19,↓,17227.0,16952.5,54.39,-3.44,29.35,127.86,4706871,0.21,10.5,★☆☆☆☆,OK
014825,동원시스템즈우,,13960.0,99,0.84,↑,13795.0,13703.5,44.12,-95.01,-110.89,524.29,720948,1.14,57.0,★★★☆☆,OK
007575,일양약품우,,7940.0,230,0.74,→,7752.5,7695.0,69.23,42.35,16.53,191.43,2498242,0.71,35.5,★★☆☆☆,OK
014285,금강공업우,,5820.0,314,0.18,↑,5565.5,5446.83,51.46,65.8,32.62,322.14,9797818,0.26,13.0,★☆☆☆☆,OK
36328K,티와이홀딩스우,,2805.0,6495,0.39,↓,2876.25,2614.83,47.47,65.37,83.15,390.71,-8055128,0.39,19.5,★☆☆☆☆,OK
014915,성문전자우,,5000.0,86,0.11,→,4865.75,4660.42,56.62,82.43,77.77,201.79,36466469,0.15,7.5,★☆☆☆☆,OK
005745,크라운해태홀딩스우,,5090.0,121,0.09,↑,5168.5,5225.08,53.17,-51.56,-34.73,143.57,12726951,0.08,4.0,★☆☆☆☆,OK
001525,동양우,,7200.0,728,0.18,↓,8512.0,8611.67,41.72,-308.07,-167.88,794.29,2461901,0.14,7.0,★☆☆☆☆,OK
000227,유유제약2우B,,7980.0,220,0.21,↑,7723.0,7580.33,56.71,87.16,50.69,227.14,3331184,0.28,14.0,★☆☆☆☆,OK
005030,부산주공,,18.0,18549950,2.73,↓,326.85,432.95,1.65,-125.38,-81.68,281.86,1290362597,0.01,0.5,★☆☆☆☆,OK
008355,남선알미우,,7270.0,219,0.47,↑,7112.0,7145.33,56.69,-34.63,-65.33,300.0,15017389,0.63,31.5,★★☆☆☆,OK
004545,깨끗한나라우,,3640.0,597,0.26,↑,3559.5,4330.0,57.46,-212.87,-272.28,324.29,10484083,0.28,14.0,★☆☆☆☆,OK
005110,한창,,52.0,4524207,3.05,↓,1018.15,1175.38,0.0,-263.73,-118.48,985.64,595788755,0.0,0.0,☆☆☆☆☆,OK
001527,동양2우B,,4995.0,395,0.14,↑,5421.75,6605.42,37.75,-435.69,-448.92,499.64,365796,0.12,6.0,★☆☆☆☆,OK
011155,CJ씨푸드1우,,5260.0,2659,1.89,↓,5950.0,6364.67,21.55,-300.9,-263.2,275.0,8901510,0.77,38.5,★★☆☆☆,OK
277810,레인보우로보틱스,,431500.0,65203,1.05,↓,435925.0,445241.67,47.49,-2680.37,-5183.75,17857.14,214590579,1.15,57.5,★★★☆☆,OK
004415,서울식품우,,4040.0,1490,0.64,↑,4360.5,4955.08,26.4,-326.7,-318.58,191.07,11931668,0.32,16.0,★☆☆☆☆,OK
002785,진흥기업우B,,6620.0,649,0.29,↓,9957.0,12653.0,14.58,-1775.42,-1502.08,802.86,4973022,0.08,4.0,★☆☆☆☆,OK
002787,진흥기업2우B,,9970.0,1154,0.51,↑,16758.0,25507.67,6.19,-4952.06,-4673.31,1694.29,1566856,0.05,2.5,★☆☆☆☆,OK
039030,이오테크닉스,,519000.0,197294,1.63,↓,484450.0,401500.0,63.65,31559.0,29425.84,28964.29,21304315,1.8,90.0,★★★★★,OK
028300,HLB,,46000.0,925840,0.69,↑,35922.5,35246.67,76.68,2646.43,1031.34,3950.0,747723001,0.47,23.5,★★☆☆☆,OK
000250,삼천당제약,,243500.0,284015,1.93,↑,178960.0,173238.33,86.36,15991.56,5929.46,15871.43,160809012,0.79,39.5,★★☆☆☆,OK
319660,피에스케이,,145100.0,435670,1.17,↓,136455.0,138650.0,62.57,4871.54,3622.66,11235.71,95871689,1.3,65.0,★★★★☆,OK
108490,로보티즈,,298000.0,258485,0.77,↓,305875.0,257045.0,34.63,8295.08,10703.91,17107.14,335444125,0.61,30.5,★★☆☆☆,OK
031980,피에스케이홀딩스,,209500.0,217742,1.17,↑,171930.0,135213.33,74.8,18100.54,15211.15,14985.71,100279357,0.88,44.0,★★★☆☆,OK
084370,유진테크,,171700.0,194139,1.03,↓,152680.0,136481.67,72.48,11045.85,8789.63,11207.14,70617907,0.85,42.5,★★★☆☆,OK
095340,ISC,,200000.0,203931,1.22,↓,198570.0,166480.0,59.09,9764.1,11080.11,11607.14,69274232,1.32,66.0,★★★★☆,OK
440110,파두,,83000.0,355042,0.6,↓,74650.0,68235.0,70.4,5112.54,3925.49,6485.71,101066706,0.53,26.5,★★☆☆☆,OK
131290,티에스이,,309000.0,71251,0.5,↑,277375.0,247670.0,76.06,16876.22,13813.0,21607.14,30794147,0.36,18.0,★☆☆☆☆,OK
310210,보로노이,,137800.0,81879,1.0,↓,143805.0,148466.67,48.13,-3055.66,-3717.82,12835.71,28850621,1.06,53.0,★★★☆☆,OK
080220,제주반도체,,86000.0,1220842,0.85,↓,78340.0,76408.33,67.82,3254.72,1751.39,5385.71,2011295905,0.82,41.0,★★★☆☆,OK
067310,하나마이크론,,50200.0,1392733,0.68,↓,42670.0,37390.0,82.24,4061.67,3213.04,3066.07,724555723,0.36,18.0,★☆☆☆☆,OK
178320,서진시스템,,41150.0,795764,0.72,↓,36790.0,36936.67,64.12,1155.5,232.89,2521.43,226775690,0.78,39.0,★★☆☆☆,OK
010170,대한광통신,,16970.0,6500744,0.41,↓,16507.5,13328.0,63.82,1069.86,1125.04,1362.86,3271295222,0.38,19.0,★☆☆☆☆,OK
098460,고영,,37350.0,3731591,2.45,↑,30215.0,28871.67,83.1,1955.77,984.9,1867.86,625678721,1.26,63.0,★★★★☆,OK
005290,동진쎄미켐,,50500.0,435326,0.98,↓,44960.0,42808.33,75.86,2519.39,1643.44,2342.86,386683948,0.72,36.0,★★☆☆☆,OK
043260,성호전자,,32550.0,2685810,0.51,↑,24325.5,19889.33,85.29,3483.56,2553.36,3026.43,1394398185,0.22,11.0,★☆☆☆☆,OK
257720,실리콘투,,35700.0,740535,1.0,↓,40700.0,41447.5,11.59,-2130.15,-1570.9,1839.29,931442839,0.22,11.0,★☆☆☆☆,OK
319400,현대무벡스,,20550.0,1787346,1.63,↓,21292.5,22162.0,40.91,-598.61,-581.36,982.86,1689483221,1.27,63.5,★★★★☆,OK
214370,케어젠,,41450.0,88633,1.36,↓,41627.5,51880.0,50.79,-2128.72,-3036.57,2007.14,25131664,1.53,76.5,★★★★☆,OK
145020,휴젤,,181300.0,54306,0.89,↓,206305.0,233435.0,10.68,-16797.23,-15352.0,8378.57,5339148,0.18,9.0,★☆☆☆☆,OK
030530,원익홀딩스,,28650.0,689160,0.29,↓,26172.5,21101.17,60.15,2176.11,2022.92,1969.64,1041277828,0.35,17.5,★☆☆☆☆,OK
058610,에스피지,,97300.0,221256,0.64,↓,98500.0,93313.33,38.67,1490.69,1428.66,4835.71,376461582,0.66,33.0,★★☆☆☆,OK
087010,펩트론,,91500.0,600660,2.78,↓,138240.0,149805.0,23.04,-13800.46,-9247.53,12578.57,198672810,1.13,56.5,★★★☆☆,OK
140410,메지온,,69000.0,65926,0.66,↓,73225.0,64611.67,44.19,835.73,2150.63,4650.0,11885129,0.66,33.0,★★☆☆☆,OK
263750,펄어비스,,32700.0,181991,0.81,↓,34082.5,33534.17,27.42,-188.51,-49.99,1739.29,41178610,0.42,21.0,★★☆☆☆,OK
347850,디앤디파마텍,,42950.0,610181,1.12,↓,45422.5,54360.83,41.67,-2558.98,-3115.13,2800.0,176842390,1.05,52.5,★★★☆☆,OK
089030,테크윙,,54900.0,607816,0.83,↓,49597.5,47705.0,70.1,2107.51,1323.43,3110.71,288593673,0.75,37.5,★★☆☆☆,OK
323280,태성,,62500.0,446385,1.09,↑,51020.0,44880.83,81.73,4099.95,2615.13,3567.86,721815171,0.6,30.0,★★☆☆☆,OK
032820,우리기술,,11640.0,2248703,0.33,↓,13097.0,11585.33,32.05,54.7,250.85,730.71,7933184123,0.24,12.0,★☆☆☆☆,OK
420770,기가비스,,137500.0,64147,0.43,↑,115150.0,117890.0,81.68,7070.96,3977.9,10028.57,15050240,0.23,11.5,★☆☆☆☆,OK
036540,SFA반도체,,11580.0,5204213,0.61,↑,9524.0,6821.58,86.17,1369.84,1263.63,775.71,2174482410,0.25,12.5,★☆☆☆☆,OK
078600,대주전자재료,,114900.0,331824,2.02,↑,92855.0,86268.33,88.52,6138.55,3174.78,4921.43,123351505,0.71,35.5,★★☆☆☆,OK
089970,브이엠,,66800.0,550266,0.79,↓,57832.5,66092.5,70.84,2191.71,405.32,4853.57,77924308,0.69,34.5,★★☆☆☆,OK
068760,셀트리온제약,,38800.0,52164,0.63,↓,39250.0,40665.0,46.15,-516.02,-635.0,1114.29,379968306,0.68,34.0,★★☆☆☆,OK
0009K0,에임드바이오,,24650.0,116369,1.07,↓,23052.5,23324.0,60.51,297.4,-161.39,1421.43,33659846,1.28,64.0,★★★★☆,OK
183300,코미코,,33500.0,286402,0.51,↓,30732.5,26800.33,71.04,2088.51,1891.99,2200.0,108761014,0.44,22.0,★★☆☆☆,OK
060370,LS마린솔루션,,31950.0,161074,1.06,↓,32622.5,30916.67,47.39,460.6,511.01,1632.14,599161690,1.15,57.5,★★★☆☆,OK
083650,비에이치아이,,53300.0,350686,0.91,↓,62220.0,55552.5,22.71,-938.15,310.78,3085.71,488597268,0.39,19.5,★☆☆☆☆,OK
007390,네이처셀,,24700.0,185294,1.06,↓,24857.5,24088.33,46.75,102.6,159.84,803.57,884167383,1.15,57.5,★★★☆☆,OK
437730,삼현,,48400.0,280841,0.49,↓,47735.0,38631.67,40.65,3511.21,3897.59,3717.86,336561427,0.52,26.0,★★☆☆☆,OK
218410,RFHIC,,58000.0,288276,0.48,↓,55805.0,50144.17,64.25,2679.27,2516.81,3582.14,127918387,0.52,26.0,★★☆☆☆,OK
204270,제이앤티씨,,27000.0,2421704,1.6,↑,23230.0,18911.0,69.34,1484.33,1319.94,2271.43,180662185,1.45,72.5,★★★★☆,OK
290650,엘앤씨바이오,,55800.0,364056,1.52,↑,49552.5,53504.27,65.58,852.97,-552.85,3275.0,43276799,1.58,79.0,★★★★☆,OK
950160,코오롱티슈진,,16190.0,433439,0.7,↓,16304.5,23998.0,50.07,-1601.95,-2302.31,971.43,38789683,0.79,39.5,★★☆☆☆,OK
039200,오스코텍,,37600.0,120779,1.13,↓,36165.0,34720.0,60.93,668.71,376.37,1867.86,119690789,1.35,67.5,★★★★☆,OK
347700,스피어,,25400.0,1767686,1.18,↑,22530.0,21236.33,65.86,969.67,538.67,2259.29,203640371,1.18,59.0,★★★☆☆,OK
232140,와이씨,,17000.0,1717815,0.61,→,13834.0,11405.33,78.05,1519.22,1144.01,1132.86,1139350842,0.4,20.0,★☆☆☆☆,OK
356860,티엘비,,52900.0,790576,1.21,↑,42562.5,36291.38,85.51,3850.7,2873.92,2950.0,159828221,0.53,26.5,★★☆☆☆,OK
950260,인제니아테라퓨틱스(Reg.S),,25300.0,653039,0.32,↓,21379.0,,75.72,2834.07,2209.83,3065.0,9940756,0.19,9.5,★☆☆☆☆,OK
166090,하나머티리얼즈,,64300.0,205807,1.27,↑,57135.0,55058.33,71.48,2609.96,1717.14,2989.29,32262955,1.11,55.5,★★★☆☆,OK
417200,LS머트리얼즈,,16430.0,2677916,1.7,↑,13325.5,12061.33,78.88,1014.21,684.25,1162.86,308856745,1.07,53.5,★★★☆☆,OK
252990,샘씨엔에스,,18200.0,466569,0.57,↓,17406.0,14749.0,61.62,1387.39,1383.93,1212.86,291527766,0.66,33.0,★★☆☆☆,OK
458870,씨어스,,26100.0,139851,0.78,↓,24932.5,24946.67,61.26,762.67,564.65,1607.14,34902697,0.91,45.5,★★★☆☆,OK
127120,제이에스링크,,28500.0,189369,0.92,↓,31160.0,33625.83,42.91,-1222.21,-974.0,2135.71,128606620,0.73,36.5,★★☆☆☆,OK
083450,GST,,57400.0,232864,1.58,↑,49255.0,46278.33,78.04,2832.25,1882.61,2571.43,202407376,1.06,53.0,★★★☆☆,OK
033790,피노,,11500.0,6705526,2.86,↑,8462.0,6993.75,80.21,816.21,545.49,770.36,220846788,1.7,85.0,★★★★★,OK
327260,RF머트리얼즈,,53000.0,561949,0.48,↓,47385.0,36001.77,61.55,4472.03,4129.02,4710.71,150333354,0.54,27.0,★★☆☆☆,OK
160190,하이젠알앤엠,,31100.0,431714,1.03,↓,27085.0,20591.83,66.09,3065.54,2701.74,2896.43,185062765,1.02,51.0,★★★☆☆,OK
161580,필옵틱스,,41800.0,315931,0.6,↑,35525.0,29808.33,77.36,3255.58,2460.41,2585.71,468217255,0.41,20.5,★☆☆☆☆,OK
491000,리브스메드,,37450.0,117983,0.57,↑,32562.5,36387.5,68.16,413.36,-794.47,2446.43,25120445,0.55,27.5,★★☆☆☆,OK
295310,에이치브이엠,,74300.0,207864,1.07,↑,59527.5,49545.83,70.69,5897.12,4333.74,5421.43,67863542,0.94,47.0,★★★☆☆,OK
388210,씨엠티엑스,,95300.0,122144,1.85,↑,82165.0,78908.33,76.38,4925.59,3475.36,5571.43,2023987,1.32,66.0,★★★★☆,OK
445680,큐리옥스바이오시스템즈,,52800.0,143225,1.96,↓,51165.0,46219.17,55.78,2561.98,1925.92,4400.0,80180831,2.56,100.0,★★★★★,OK
100790,미래에셋벤처투자,,16990.0,414001,0.71,↓,16990.0,15496.33,55.43,394.38,392.1,1126.43,538993622,0.83,41.5,★★★☆☆,OK
031330,에스에이엠티,,8600.0,272312,0.73,↓,8318.0,8965.67,69.15,24.58,-77.38,347.14,389456423,0.61,30.5,★★☆☆☆,OK
065350,신성델타테크,,32450.0,71356,0.82,↓,31287.5,30105.0,61.79,531.73,329.26,1221.43,631531251,0.97,48.5,★★★☆☆,OK
074600,원익QnC,,32350.0,260540,1.33,→,28925.0,27775.83,73.88,1362.66,906.33,1414.29,69843343,1.07,53.5,★★★☆☆,OK
328130,루닛,,11300.0,995250,1.07,↑,9775.0,9724.83,67.52,511.13,302.45,889.29,415322180,1.03,51.5,★★★☆☆,OK
041960,코미팜,,11340.0,341066,1.31,↑,9881.0,8803.33,79.35,419.47,311.07,497.86,156375517,0.83,41.5,★★★☆☆,OK
281740,레이크머티리얼즈,,12870.0,513591,1.2,↑,11399.5,11740.17,74.26,268.33,-13.75,640.71,936104852,0.94,47.0,★★★☆☆,OK
115180,큐리언트,,22350.0,203122,1.92,↓,22605.0,21578.0,52.97,323.02,198.44,1585.71,44023650,2.36,100.0,★★★★★,OK
053800,안랩,,75200.0,157946,1.15,↓,69460.0,60801.67,63.37,5499.12,4792.4,5650.0,76372164,1.25,62.5,★★★★☆,OK
032500,케이엠더블유,,19800.0,128397,0.44,↓,18322.5,16380.5,68.86,1155.49,995.15,1249.29,150500535,0.41,20.5,★☆☆☆☆,OK
059090,미코,,24350.0,850138,1.94,↑,21376.5,18257.83,73.51,1418.57,1221.07,1317.14,954182823,1.56,78.0,★★★★☆,OK
388720,유일로보틱스,,69400.0,26362,0.81,↓,68790.0,67011.67,48.85,569.97,395.99,2592.86,134904221,1.22,61.0,★★★★☆,OK
425420,티에프이,,63800.0,140195,0.94,↓,61020.0,45792.5,62.4,5445.38,5656.87,4742.86,64506560,0.92,46.0,★★★☆☆,OK
064290,인텍플러스,,60600.0,209929,0.54,↑,52077.5,39637.5,69.82,5650.21,5205.92,5082.14,89607901,0.48,24.0,★★☆☆☆,OK
121600,나노신소재,,63200.0,84166,1.02,↑,53747.5,48364.17,80.51,3606.29,2437.68,2639.29,84744750,0.61,30.5,★★☆☆☆,OK
119850,지엔씨에너지,,48050.0,488117,0.73,↓,51820.0,46340.0,47.94,1324.7,1996.38,3764.29,414705409,0.78,39.0,★★☆☆☆,OK
490470,세미파이브,,22350.0,1101562,0.58,↑,17313.0,16753.33,92.93,1538.98,756.64,1481.43,52031909,0.12,6.0,★☆☆☆☆,OK
085660,차바이오텍,,8160.0,166335,0.88,↓,8153.5,8579.17,53.91,-2.41,-83.8,334.29,437687405,1.09,54.5,★★★☆☆,OK
033640,네패스,,33100.0,399805,1.5,↑,27132.5,21609.33,78.62,2812.16,2351.95,2221.43,154101019,0.96,48.0,★★★☆☆,OK
171090,선익시스템,,74700.0,60318,1.37,↑,70545.0,65380.0,60.09,1916.77,1580.62,3828.57,275418070,1.66,83.0,★★★★★,OK
476830,알지노믹스,,26350.0,299283,1.03,↓,26845.0,28915.0,47.99,-601.57,-999.96,2453.57,36034691,1.09,54.5,★★★☆☆,OK
099320,쎄트렉아이,,69200.0,98367,1.59,↓,75945.0,74803.33,45.66,632.31,942.05,4971.43,43381761,1.35,67.5,★★★★☆,OK
213420,덕산네오룩스,,29800.0,118352,0.69,↓,30127.5,31195.83,42.64,-564.41,-653.96,1092.86,28147413,0.68,34.0,★★☆☆☆,OK
036810,에프에스티,,33500.0,100676,0.74,↓,29765.0,25016.33,72.47,2516.11,2110.26,1925.0,194187507,0.62,31.0,★★☆☆☆,OK
090360,로보스타,,75400.0,100239,1.12,↓,77930.0,74311.67,38.43,237.78,311.46,3239.29,304634687,0.99,49.5,★★★☆☆,OK
053610,프로텍,,81200.0,70788,1.79,↓,71305.0,64997.5,77.62,5513.76,4265.16,4585.71,45249946,1.21,60.5,★★★☆☆,OK
090710,휴림로봇,,6070.0,956145,0.78,↓,6289.5,6570.17,44.89,-82.82,-107.59,353.93,4099194835,0.79,39.5,★★☆☆☆,OK
102710,이엔에프테크놀로지,,50000.0,108771,1.44,↑,44882.5,44148.33,83.22,1618.4,832.35,2382.14,40076212,0.74,37.0,★★☆☆☆,OK
253590,네오셈,,16130.0,709689,0.75,↑,13173.0,11052.67,80.66,1261.71,947.63,887.86,747826100,0.44,22.0,★★☆☆☆,OK
044490,태웅,,35800.0,95304,0.4,↓,37585.0,32157.5,37.6,955.82,1432.34,1835.71,138290060,0.34,17.0,★☆☆☆☆,OK
466100,클로봇,,22550.0,258422,1.09,↓,23217.5,25315.0,43.2,-667.57,-841.7,907.14,624885549,1.09,54.5,★★★☆☆,OK
456160,지투지바이오,,42050.0,205775,0.92,↓,35977.5,35649.17,72.65,1627.77,315.42,2825.0,56249619,0.75,37.5,★★☆☆☆,OK
032190,다우데이타,,18540.0,49215,0.95,↓,19646.0,19323.5,29.72,-229.93,-81.53,566.43,59324408,0.55,27.5,★★☆☆☆,OK
476060,온코닉테라퓨틱스,,14750.0,177272,0.73,↓,15246.5,14157.17,51.02,103.74,164.35,690.0,548422428,0.82,41.0,★★★☆☆,OK
041830,인바디,,51500.0,68465,0.95,↓,55555.0,57080.83,22.14,-1826.16,-1439.05,2785.71,43946765,0.4,20.0,★☆☆☆☆,OK
122640,예스티,,32200.0,209267,0.58,↓,31317.5,27786.0,64.29,1325.59,1324.21,1782.14,57126287,0.63,31.5,★★☆☆☆,OK
189300,인텔리안테크,,63800.0,102996,1.48,↓,67085.0,66042.5,50.0,677.28,546.69,3778.57,37137477,1.68,84.0,★★★★★,OK
092870,엑시콘,,52900.0,262307,0.71,↓,40092.5,26391.67,91.64,7401.62,6342.15,3585.71,236337715,0.18,9.0,★☆☆☆☆,OK
048410,현대바이오,,6900.0,1092913,0.68,↓,6875.0,6701.5,60.28,92.65,53.44,428.57,2350387788,0.81,40.5,★★☆☆☆,OK
225570,넥슨게임즈,,9990.0,242479,1.67,↓,11064.0,9992.67,21.55,-28.9,138.67,540.0,321272527,0.68,34.0,★★☆☆☆,OK
024850,HLB이노베이션,,18550.0,436355,1.04,↑,16116.0,13229.67,58.21,934.1,786.81,1865.71,165365200,1.26,63.0,★★★★☆,OK
126340,비나텍,,87800.0,127202,0.79,↓,80650.0,69135.83,72.75,6862.14,5902.28,6550.0,11513002,0.64,32.0,★★☆☆☆,OK
077360,덕산하이메탈,,14110.0,787443,0.82,→,12187.0,10322.0,73.95,1098.18,940.28,975.0,302324251,0.64,32.0,★★☆☆☆,OK
144960,뉴파워프라즈마,,14000.0,1514328,1.38,↑,11223.0,10359.83,81.97,1076.27,803.83,881.79,235912617,0.75,37.5,★★☆☆☆,OK
124500,아이티센글로벌,,26200.0,272648,1.08,↓,29895.0,27896.0,34.77,-778.48,-360.74,1496.43,342461875,0.71,35.5,★★☆☆☆,OK
093320,케이아이엔엑스,,129200.0,4388,0.41,↑,134900.0,138256.67,36.22,-3009.95,-2310.61,6185.71,9582589,0.28,14.0,★☆☆☆☆,OK
219130,타이거일렉,,97000.0,42317,0.91,↑,79420.0,72685.0,92.12,7554.98,5442.78,7071.43,109764831,0.21,10.5,★☆☆☆☆,OK
050890,쏠리드,,9760.0,750687,0.44,↓,9405.0,9313.0,62.8,264.57,167.04,641.43,1219830963,0.49,24.5,★★☆☆☆,OK
078350,한양디지텍,,38950.0,323356,0.6,↑,26447.0,22513.67,93.18,4410.11,2978.48,3336.43,97087401,0.12,6.0,★☆☆☆☆,OK
214430,아이쓰리시스템,,79200.0,33668,1.14,↓,67255.0,63870.0,74.88,4638.57,2878.47,5257.14,20818521,0.86,43.0,★★★☆☆,OK
080580,오킨스전자,,27600.0,302713,0.66,↓,23864.0,17995.33,74.49,2487.14,2213.25,2139.29,133840278,0.5,25.0,★★☆☆☆,OK
399720,가온칩스,,47400.0,205841,1.49,↓,44347.5,45487.5,70.03,980.67,493.35,2275.0,194816393,1.36,68.0,★★★★☆,OK
047920,HLB제약,,12960.0,6729960,4.43,↑,8779.0,8146.63,73.94,1295.53,720.28,1385.71,374894631,3.34,100.0,★★★★★,OK
045100,한양이엔지,,33100.0,58744,0.74,↓,31607.5,30911.67,67.9,936.38,696.24,1360.71,47633894,0.73,36.5,★★☆☆☆,OK
069540,빛과전자,,4890.0,15676338,0.6,↑,4212.0,3130.23,66.24,438.2,373.14,410.36,1525224423,0.6,30.0,★★☆☆☆,OK
067630,HLB생명과학,,4520.0,663843,0.58,↑,3102.0,2684.88,75.98,424.09,247.05,447.5,992171931,0.41,20.5,★☆☆☆☆,OK
089890,코세스,,32850.0,204602,0.95,↓,29402.5,25240.0,71.59,2685.4,2240.06,2664.29,257749597,0.8,40.0,★★☆☆☆,OK
358570,지아이이노베이션,,8450.0,318784,0.97,↓,8761.0,8241.17,41.83,88.34,111.92,729.29,117611755,0.9,45.0,★★★☆☆,OK
042000,카페24,,22250.0,245427,0.79,↑,17668.0,17164.67,78.83,1461.3,744.56,1764.29,182497629,0.5,25.0,★★☆☆☆,OK
383310,에코프로에이치엔,,25200.0,93147,0.65,↓,23230.0,23929.17,63.37,374.89,-69.15,1310.71,88231010,0.72,36.0,★★☆☆☆,OK
060250,NHN KCP,,13260.0,110283,0.49,↓,13744.0,13675.5,40.79,-229.49,-211.82,602.86,396946694,0.38,19.0,★☆☆☆☆,OK
101160,월덱스,,32050.0,30817,0.69,↓,31107.5,29757.5,64.63,827.03,710.87,1116.07,67216134,0.75,37.5,★★☆☆☆,OK
079940,가비아,,38700.0,11322,0.12,↓,40142.5,42571.67,46.8,-1032.57,-944.59,1875.0,120868060,0.11,5.5,★☆☆☆☆,OK
112040,위메이드,,15480.0,202739,1.0,↓,15396.5,15777.0,43.55,-24.59,-111.85,539.29,213156014,1.18,59.0,★★★☆☆,OK
094170,동운아나텍,,24700.0,85686,1.28,↓,26910.0,29471.67,33.6,-1243.64,-1138.74,1117.86,233271849,0.82,41.0,★★★☆☆,OK
052020,에스티큐브,,7550.0,115659,0.72,↓,7721.5,7915.67,52.55,-106.03,-136.58,450.71,182006090,0.77,38.5,★★☆☆☆,OK
356680,엑스게이트,,17930.0,1331781,0.22,↓,17092.0,13124.83,54.34,1599.6,1619.0,1740.0,868534427,0.26,13.0,★☆☆☆☆,OK
104830,원익머트리얼즈,,40650.0,68464,0.89,↓,35710.0,34105.83,76.84,2172.26,1442.49,2403.57,11593735,0.62,31.0,★★☆☆☆,OK
290550,디케이티,,25350.0,551388,1.4,↑,20168.0,19021.67,81.83,1839.96,1323.74,1764.29,126062105,0.76,38.0,★★☆☆☆,OK
174900,앱클론,,25200.0,186983,1.13,↓,22079.5,23854.83,64.07,666.65,-273.03,2007.86,130986837,1.2,60.0,★★★☆☆,OK
468530,프로티나,,44750.0,185095,1.21,↓,39817.5,31891.17,69.46,4640.3,4399.9,5521.43,91750919,1.05,52.5,★★★☆☆,OK
348340,뉴로메카,,21300.0,697744,1.87,↓,19737.0,19442.98,70.58,677.48,369.37,1373.57,247454648,1.65,82.5,★★★★★,OK
037460,삼지전자,,31050.0,25385,0.57,↓,30937.5,32552.5,56.33,-29.13,-232.78,1105.36,134061568,0.67,33.5,★★☆☆☆,OK
099190,아이센스,,16620.0,19603,0.55,↓,16383.0,16826.33,56.87,-96.26,-211.69,612.86,48729541,0.64,32.0,★★☆☆☆,OK
211050,인카금융서비스,,9880.0,32475,0.51,↑,10173.0,10327.67,32.39,-211.94,-173.77,402.86,52905988,0.32,16.0,★☆☆☆☆,OK
365340,성일하이텍,,37450.0,27064,0.83,↓,36105.0,34159.17,58.85,506.16,232.18,1932.14,31317906,1.04,52.0,★★★☆☆,OK
033160,엠케이전자,,19710.0,1540714,1.47,↑,15803.0,15466.17,85.17,1329.13,713.52,1507.14,257918647,0.65,32.5,★★☆☆☆,OK
098120,마이크로컨텍솔,,57600.0,102490,0.59,↓,55177.5,38475.67,63.18,4966.44,5389.18,3907.14,103255389,0.57,28.5,★★☆☆☆,OK
348370,엔켐,,21800.0,370723,1.86,↓,21357.5,20874.0,56.9,356.17,73.11,1241.43,41749272,2.43,100.0,★★★★★,OK
417840,저스템,,20850.0,3356621,2.89,↑,16443.0,13395.5,83.1,1641.47,1290.66,1263.57,388867820,1.47,73.5,★★★★☆,OK
086900,메디톡스,,66100.0,17091,1.13,↓,67880.0,70596.67,30.3,-1041.26,-1110.67,1528.57,15513079,0.8,40.0,★★☆☆☆,OK
056080,유진로봇,,12690.0,1040142,2.17,↑,12245.5,12201.83,53.66,56.64,-33.41,858.57,1049681900,3.01,100.0,★★★★★,OK
082270,젬백스,,10650.0,108213,0.96,↓,10480.0,10688.17,54.71,53.98,-44.09,507.14,149458356,1.16,58.0,★★★☆☆,OK
089010,켐트로닉스,,28200.0,136136,0.83,↓,24555.0,22535.33,81.68,1599.29,1073.51,1617.86,197673502,0.46,23.0,★★☆☆☆,OK
200470,에이팩트,,10890.0,1916271,1.69,↑,7960.0,6310.0,83.24,1110.9,814.6,732.86,581790340,0.85,42.5,★★★☆☆,OK
025980,아난티,,4905.0,651592,0.44,↓,5109.75,4584.5,43.31,12.14,65.9,259.64,1094638231,0.43,21.5,★★☆☆☆,OK
278280,천보,,38900.0,35859,1.32,↑,37395.0,36301.67,55.5,128.69,-148.25,1721.43,24392020,1.8,90.0,★★★★★,OK
041190,우리기술투자,,5970.0,1013003,0.32,↓,5823.5,5283.67,57.19,149.9,143.93,386.43,4861375460,0.41,20.5,★☆☆☆☆,OK
376900,로킷헬스케어,,26850.0,106526,0.72,↓,28355.0,32756.67,39.13,-695.19,-841.73,2014.29,157857481,0.63,31.5,★★☆☆☆,OK
034950,한국기업평가,,103500.0,674,0.94,↑,103430.0,102583.33,50.0,81.56,169.76,1257.14,712644,1.3,65.0,★★★★☆,OK
125490,한라캐스트,,12670.0,876546,0.44,↓,11788.0,10090.17,58.98,653.69,568.61,996.43,581594492,0.54,27.0,★★☆☆☆,OK
376300,디어유,,19480.0,118469,1.68,↑,17942.5,18990.67,67.44,91.28,-197.53,756.43,24077540,1.68,84.0,★★★★★,OK
159010,아스플로,,34750.0,163730,0.93,↑,26567.5,21171.17,89.6,3132.18,2349.69,2671.43,37924048,0.29,14.5,★☆☆☆☆,OK
015750,성우하이텍,,5820.0,121856,0.74,↓,5922.5,5893.5,40.43,-28.77,-30.83,152.86,1004718952,0.7,35.0,★★☆☆☆,OK
475960,토모큐브,,33200.0,48341,1.13,↓,30177.5,32317.5,68.36,1068.63,266.25,2292.86,67371474,1.07,53.5,★★★☆☆,OK
033500,동성화인텍,,15190.0,76968,0.98,↓,16295.5,16628.17,32.71,-354.06,-283.81,570.71,109081905,0.62,31.0,★★☆☆☆,OK
018290,브이티,,13040.0,344148,1.81,↑,12032.5,12285.83,68.69,170.56,-36.24,530.0,211680740,1.74,87.0,★★★★★,OK
019210,와이지-원,,12130.0,386702,0.8,↓,12813.5,15821.17,43.22,-667.73,-783.04,700.71,77391901,0.78,39.0,★★☆☆☆,OK
336570,원텍,,4955.0,597959,1.5,↓,4971.5,5026.33,47.8,-0.92,-22.11,192.86,127214875,1.66,83.0,★★★★★,OK
368770,파이버프로,,13550.0,154949,0.75,↓,13112.5,12653.5,62.76,361.23,249.89,830.0,346269390,0.84,42.0,★★★☆☆,OK
340570,티앤엘,,27450.0,47062,0.77,↓,27800.0,29167.73,52.07,-417.06,-527.47,946.43,40568742,0.86,43.0,★★★☆☆,OK
079370,제우스,,14100.0,333505,0.65,↓,11889.0,10245.67,78.59,1147.19,893.69,939.64,129477072,0.42,21.0,★★☆☆☆,OK
460930,현대힘스,,12320.0,101353,0.93,↓,13162.0,13483.5,35.43,-242.15,-203.07,374.64,172542542,0.64,32.0,★★☆☆☆,OK
035890,서희건설,,2105.0,199230,0.85,↓,2283.75,2150.27,18.92,-19.15,7.55,98.21,675141318,0.31,15.5,★☆☆☆☆,OK
107640,한중엔시에스,,47350.0,201616,1.89,↑,42267.5,36666.67,69.4,1828.47,1382.01,2142.86,21447838,1.77,88.5,★★★★★,OK
170920,엘티씨,,40900.0,198844,1.0,↓,37415.0,38989.17,73.41,1643.16,912.29,2546.43,63065012,0.8,40.0,★★☆☆☆,OK
027360,아주IB투자,,3565.0,1290901,0.34,↓,3675.5,3467.83,54.7,69.65,76.08,302.86,2197661385,0.34,17.0,★☆☆☆☆,OK
441270,파인엠텍,,9950.0,1195012,1.0,↑,8915.5,7994.0,61.74,374.61,319.32,540.71,221842964,1.16,58.0,★★★☆☆,OK
030520,한컴,,17320.0,335738,2.18,↓,17207.0,17312.33,48.42,23.56,-51.99,693.57,254165502,3.25,100.0,★★★★★,OK
475830,오름테라퓨틱,,18930.0,355101,0.65,↓,34194.0,48930.5,9.36,-9777.5,-8922.2,4103.57,16569430,0.1,5.0,★☆☆☆☆,OK
078130,에스엠국일,,3730.0,84334,1.0,↑,3519.25,3655.5,69.57,40.22,-5.21,243.57,812790593,0.91,45.5,★★★☆☆,OK
348210,넥스틴,,39700.0,94167,1.0,↑,34257.5,33738.33,76.67,1638.59,785.14,2146.43,7180952,0.71,35.5,★★☆☆☆,OK
114810,한솔아이원스,,14650.0,158280,0.75,↓,13754.5,12296.17,72.49,706.74,636.96,803.57,78438535,0.63,31.5,★★☆☆☆,OK
486990,노타,,18900.0,318262,0.79,↓,18878.5,18864.83,57.96,405.17,277.76,1477.14,96935713,0.99,49.5,★★★☆☆,OK
052710,아모텍,,22050.0,453866,0.37,↑,17582.5,14267.27,73.59,2357.45,1913.83,1795.0,91969965,0.29,14.5,★☆☆☆☆,OK
013030,하이록코리아,,34400.0,19375,0.61,↓,35640.0,33299.17,53.5,551.54,871.03,1375.0,20154237,0.65,32.5,★★☆☆☆,OK
187660,페니트리움바이오,,6340.0,904524,0.39,↓,7086.0,5255.58,32.45,363.67,519.3,631.43,956928730,0.28,14.0,★☆☆☆☆,OK
241770,메카로,,38900.0,5797,0.3,↓,40282.5,37409.17,50.79,391.14,595.91,2128.57,19128974,0.34,17.0,★☆☆☆☆,OK
215200,메가스터디교육,,38700.0,60177,1.71,↑,36020.0,37379.17,83.96,483.74,56.3,1082.14,3311903,0.85,42.5,★★★☆☆,OK
330860,네패스아크,,32750.0,327307,1.36,↑,27827.5,27903.5,73.75,1758.04,1047.77,2417.86,80351622,1.06,53.0,★★★☆☆,OK
204620,글로벌텍스프리,,5720.0,388050,0.57,↑,5730.5,5247.0,48.44,92.16,136.21,294.29,286197100,0.63,31.5,★★☆☆☆,OK
101730,위메이드맥스,,4710.0,793479,0.92,↓,4603.75,4239.67,45.44,150.41,140.2,316.43,234665463,1.25,62.5,★★★★☆,OK
372320,큐로셀,,26350.0,72080,2.11,↑,22600.0,23850.83,79.58,145.27,-486.62,1317.86,23977996,1.31,65.5,★★★★☆,OK
397030,에이프릴바이오,,14460.0,386672,1.39,↓,17651.5,21496.33,38.87,-1195.08,-1109.33,1370.0,108193818,0.99,49.5,★★★☆☆,OK
393890,더블유씨피,,11420.0,1102889,3.87,↑,10192.0,8984.0,64.98,371.38,315.87,758.21,82566311,4.07,100.0,★★★★★,OK
039440,에스티아이,,25250.0,168554,1.48,↓,21569.0,21806.0,74.67,1215.74,615.24,1440.0,98641742,1.13,56.5,★★★☆☆,OK
332570,PS일렉트로닉스,,8380.0,1207309,0.48,↓,8580.5,8029.0,46.55,211.71,242.21,573.57,666897013,0.5,25.0,★★☆☆☆,OK
200710,에이디테크놀로지,,28100.0,112500,1.18,↓,26290.0,26909.17,75.96,808.27,385.37,1300.0,180588681,0.87,43.5,★★★☆☆,OK
092190,서울바이오시스,,8290.0,93921,0.51,↓,8256.0,7270.5,52.97,161.55,201.6,747.86,236142284,0.62,31.0,★★☆☆☆,OK
236200,슈프리마,,54600.0,19027,0.7,↓,53420.0,53306.67,58.22,809.7,520.57,2735.71,23392820,0.89,44.5,★★★☆☆,OK
138080,오이솔루션,,30750.0,213130,0.42,↓,27335.0,23318.67,72.76,2235.92,1814.32,2678.57,86836209,0.34,17.0,★☆☆☆☆,OK
477850,마키나락스,,21050.0,277101,0.63,↓,22002.5,24412.5,47.22,-667.35,-788.38,1591.07,35136274,0.66,33.0,★★☆☆☆,OK
095660,네오위즈,,17570.0,41378,1.11,↓,17908.5,18122.83,30.2,-50.82,-63.99,490.71,104799998,0.78,39.0,★★☆☆☆,OK
078160,메디포스트,,9600.0,57801,1.26,↓,9129.5,9023.5,63.49,203.32,78.15,417.86,68693800,1.41,70.5,★★★★☆,OK
025900,동화기업,,7370.0,123428,1.79,↓,7102.0,6782.33,59.41,76.27,25.76,270.71,107741792,2.24,100.0,★★★★★,OK
354320,알멕,,56000.0,384180,1.92,↑,40667.5,32780.0,70.64,4472.98,2967.46,4769.64,27903970,1.66,83.0,★★★★★,OK
092730,네오팜,,23200.0,34268,0.63,↓,22812.5,22004.17,56.8,265.99,258.82,1282.14,33132977,0.83,41.5,★★★☆☆,OK
046970,우리로,,8320.0,2157505,0.31,↑,7461.0,5496.25,64.97,738.11,724.57,792.14,1961427634,0.32,16.0,★☆☆☆☆,OK
025320,시노펙스,,3965.0,265357,0.89,↓,3857.75,3876.83,62.39,5.97,-21.65,107.5,2660101836,1.04,52.0,★★★☆☆,OK
110990,디아이티,,18890.0,77251,1.0,↓,17097.0,16531.17,70.81,726.41,473.6,873.57,76602207,0.89,44.5,★★★☆☆,OK
036800,나이스정보통신,,8150.0,37139,0.28,↓,7880.0,6823.67,53.59,292.33,293.69,424.29,35530131,0.35,17.5,★☆☆☆☆,OK
168360,펨트론,,15800.0,221490,1.5,↓,14061.0,13367.67,72.38,686.09,413.05,1000.71,229474220,1.25,62.5,★★★★☆,OK
060280,큐렉소,,8580.0,231125,1.16,↓,8203.0,8432.33,62.07,55.34,-48.09,460.71,250933493,1.34,67.0,★★★★☆,OK
389470,인벤티지랩,,26700.0,141934,1.18,↓,25977.5,28745.0,53.39,-134.14,-700.94,2682.14,184008443,1.4,70.0,★★★★☆,OK
456010,아이씨티케이,,23800.0,755898,0.59,↓,21527.0,17496.0,62.12,2325.02,2108.13,2798.93,331783107,0.64,32.0,★★☆☆☆,OK
078020,LS증권,,6340.0,29754,0.82,↓,6549.5,6518.33,39.05,-38.11,-15.58,193.57,60284159,0.62,31.0,★★☆☆☆,OK
482630,삼양엔씨켐,,15880.0,347412,1.81,↑,13710.0,13277.17,78.59,644.03,361.78,832.86,103375598,1.18,59.0,★★★☆☆,OK
003800,에이스침대,,32800.0,1882,1.18,↑,32575.0,32609.17,56.06,-73.14,-69.78,639.29,18748,1.42,71.0,★★★★☆,OK
425040,티이엠씨,,15650.0,822795,0.7,↑,11953.5,9943.83,88.17,1625.68,1233.77,1045.71,148151747,0.25,12.5,★☆☆☆☆,OK
006910,보성파워텍,,6940.0,715170,0.63,↓,7379.5,6947.75,43.53,20.29,66.96,332.14,3528208039,0.52,26.0,★★☆☆☆,OK
093520,매커스,,28450.0,7751,0.46,↓,27855.0,24678.67,60.4,933.26,1003.8,1250.0,383182685,0.49,24.5,★★☆☆☆,OK
091580,상신이디피,,25300.0,523506,1.62,↑,22002.5,18539.17,63.22,1151.35,900.0,1600.0,173176239,1.79,89.5,★★★★★,OK
064260,다날,,4445.0,489754,0.48,↓,4614.5,4691.08,37.5,-114.95,-118.76,240.0,3267168066,0.41,20.5,★☆☆☆☆,OK
036620,감성코퍼레이션,,3740.0,133201,0.69,↓,3757.0,3959.25,48.51,-47.69,-67.87,117.86,447339123,0.78,39.0,★★☆☆☆,OK
036200,유니셈,,10780.0,238905,0.88,↓,9679.5,8802.33,71.71,518.18,387.69,515.0,329924614,0.76,38.0,★★☆☆☆,OK
017890,한국알콜,,16090.0,133129,1.71,↑,15015.5,14202.0,83.72,533.1,424.58,560.0,233158215,0.86,43.0,★★★☆☆,OK
121440,골프존홀딩스,,7770.0,6415,0.24,↑,7795.0,7307.0,44.66,63.9,98.58,266.43,61783989,0.25,12.5,★☆☆☆☆,OK
061970,LB세미콘,,4675.0,281175,0.82,↓,4336.5,4220.08,72.98,153.79,98.11,256.43,1058978925,0.67,33.5,★★☆☆☆,OK
018000,유니슨,,1117.0,1143801,0.79,↓,1203.65,1032.92,38.55,11.15,30.98,62.71,2342696653,0.69,34.5,★★☆☆☆,OK
448900,한국피아이엠,,53100.0,45510,0.77,↓,53427.5,53681.67,45.61,419.89,134.72,3460.71,64698011,0.79,39.5,★★☆☆☆,OK
215600,신라젠,,2320.0,527281,0.83,↓,2295.75,2264.2,56.58,3.36,-5.87,84.29,502495086,1.11,55.5,★★★☆☆,OK
117730,티로보틱스,,14280.0,54208,0.4,↓,13771.5,13248.17,64.39,439.81,325.84,782.14,398006104,0.43,21.5,★★☆☆☆,OK
446540,메가터치,,11030.0,819432,0.75,↓,9632.5,7833.67,66.57,984.89,874.43,965.71,331828870,0.74,37.0,★★☆☆☆,OK
234340,헥토파이낸셜,,22800.0,179934,0.38,↓,22241.5,20323.67,54.72,455.02,400.86,1486.43,119826217,0.52,26.0,★★☆☆☆,OK
455900,엔젤로보틱스,,21050.0,197019,4.0,↓,21300.0,20394.67,52.42,262.98,209.84,942.86,48130245,5.1,100.0,★★★★★,OK
265520,AP시스템,,20550.0,37340,0.86,→,19212.0,19293.5,72.42,332.21,112.96,741.43,51551671,0.73,36.5,★★☆☆☆,OK
206650,유바이오로직스,,8480.0,302094,3.39,↓,8468.5,8463.67,54.08,-53.0,-69.08,307.14,415166982,4.81,100.0,★★★★★,OK
424870,이뮨온시아,,3275.0,489563,0.33,↓,3251.75,3064.92,43.37,95.03,86.9,271.07,343549658,0.42,21.0,★★☆☆☆,OK
900290,GRT,,3295.0,179172,0.74,↓,3527.75,3424.5,40.56,-84.23,-56.07,232.5,45964350,0.56,28.0,★★☆☆☆,OK
086390,유니테스트,,14430.0,167516,0.78,↓,12736.5,10750.33,75.03,1090.42,907.66,850.0,210924512,0.59,29.5,★★☆☆☆,OK
199800,툴젠,,32450.0,27600,0.8,↓,33680.0,36755.83,54.52,-414.03,-582.9,2364.29,8455513,0.81,40.5,★★☆☆☆,OK
115450,HLB테라퓨틱스,,3175.0,9167959,7.87,↑,2279.45,2066.68,85.89,215.22,114.13,304.79,263594429,3.24,100.0,★★★★★,OK
160980,싸이맥스,,27100.0,123089,1.0,↓,25445.0,28334.17,67.94,480.27,11.11,1757.14,52962565,0.84,42.0,★★★☆☆,OK
049070,인탑스,,18650.0,58847,0.94,↓,18450.5,18150.67,53.51,148.17,88.74,533.57,77074451,1.36,68.0,★★★★☆,OK
042520,한스바이오메드,,20450.0,144803,1.26,↓,19899.5,20361.17,56.34,425.85,65.91,1440.0,19858773,1.64,82.0,★★★★★,OK
025770,한국정보통신,,7830.0,12073,0.54,→,7966.0,7918.17,31.25,-40.73,-22.98,316.43,196858136,0.32,16.0,★☆☆☆☆,OK
054950,제이브이엠,,24200.0,15713,1.04,→,23567.5,23386.67,75.0,193.0,84.09,475.0,16587722,0.82,41.0,★★★☆☆,OK
452430,사피엔반도체,,35300.0,29389,0.56,↓,37510.0,30949.17,44.63,1362.39,2121.46,3053.57,30105176,0.55,27.5,★★☆☆☆,OK
488900,비츠로넥스텍,,9970.0,130633,0.73,↓,10664.5,9496.67,47.07,294.87,360.25,916.43,95854083,0.76,38.0,★★☆☆☆,OK
084110,휴온스글로벌,,23000.0,25717,0.83,↓,22427.5,23949.17,54.62,-273.54,-522.78,760.71,45496538,1.02,51.0,★★★☆☆,OK
092460,한라IMS,,16700.0,18780,1.42,↓,16618.0,16853.67,56.98,-47.62,-116.15,531.43,93570008,1.66,83.0,★★★★★,OK
484590,삼양컴텍,,7100.0,135921,0.69,↓,6933.5,6498.33,58.02,174.64,148.76,379.29,46277256,0.88,44.0,★★★☆☆,OK
035810,이지홀딩스,,4415.0,87913,0.73,↓,4560.0,4479.42,32.63,-23.67,-1.57,117.5,652674089,0.46,23.0,★★☆☆☆,OK
200670,휴메딕스,,25250.0,29995,1.06,↓,25372.5,25660.83,50.62,-63.75,-180.36,728.57,37024886,1.22,61.0,★★★★☆,OK
314130,지놈앤컴퍼니,,5490.0,643488,0.94,↓,4253.0,3967.83,74.94,486.57,309.25,515.71,71918971,0.69,34.5,★★☆☆☆,OK
136480,하림,,2680.0,195575,1.23,↑,2664.5,2671.25,52.0,-0.06,-3.17,38.93,1425730268,1.86,93.0,★★★★★,OK
228760,지노믹트리,,11150.0,98955,0.94,↓,11044.5,11648.67,58.19,134.38,9.0,827.86,44823670,1.02,51.0,★★★☆☆,OK
085910,네오티스,,20500.0,272433,1.14,↑,15576.0,16423.83,79.98,936.32,230.07,1495.0,114337883,0.68,34.0,★★☆☆☆,OK
012210,삼미금속,,12160.0,2241160,0.38,↓,11955.5,8753.33,52.92,891.79,958.34,1287.14,122873122,0.45,22.5,★★☆☆☆,OK
448280,에코아이,,9470.0,3043,0.41,→,9313.0,8409.33,61.54,177.6,194.91,437.14,60646213,0.42,21.0,★★☆☆☆,OK
386380,스카이랩스,,14390.0,780497,0.14,↓,21508.0,,32.43,-2152.08,-1350.51,2648.57,-17840374,0.08,4.0,★☆☆☆☆,OK
389500,에스비비테크,,41250.0,62948,0.59,↓,41520.0,37122.5,46.52,1296.97,1355.04,2526.79,77987940,0.62,31.0,★★☆☆☆,OK
493280,아이엠바이오로직스,,18620.0,76131,0.4,↑,16641.5,16864.17,58.88,538.21,177.0,1524.29,-5013161,0.49,24.5,★★☆☆☆,OK
203650,드림시큐리티,,2785.0,2978775,0.29,↓,2689.5,2225.45,50.0,178.82,182.1,218.57,3056355979,0.38,19.0,★☆☆☆☆,OK
352480,씨앤씨인터내셔널,,20100.0,15416,1.19,↓,21427.5,20710.5,33.02,-209.82,-5.16,828.57,7936263,0.75,37.5,★★☆☆☆,OK
378340,필에너지,,12670.0,68610,1.5,↓,12153.0,11018.83,64.92,437.55,377.19,540.71,121937771,1.62,81.0,★★★★★,OK
042370,비츠로테크,,10580.0,490981,0.31,↓,10210.0,8889.5,63.44,630.62,623.82,876.43,424491798,0.33,16.5,★☆☆☆☆,OK
317330,덕산테코피아,,13420.0,92482,0.76,→,13111.0,11436.17,53.56,403.32,397.03,708.21,83751496,1.07,53.5,★★★☆☆,OK
394280,오픈엣지테크놀로지,,10370.0,77763,0.71,↓,9279.0,9473.83,82.21,359.97,183.54,542.86,268715157,0.38,19.0,★☆☆☆☆,OK
094360,칩스앤미디어,,12660.0,94825,0.71,↓,11598.5,10809.0,78.7,569.45,441.06,579.29,771800340,0.46,23.0,★★☆☆☆,OK
254490,미래반도체,,18890.0,178224,1.8,↑,16518.0,15783.33,80.64,810.67,480.19,925.71,186166523,1.06,53.0,★★★☆☆,OK
304360,에스바이오메딕스,,21950.0,42751,1.69,↓,20981.5,19450.33,60.31,625.17,428.1,1106.43,24614436,2.04,100.0,★★★★★,OK
452280,한선엔지니어링,,14060.0,484964,0.38,↓,12792.5,11576.33,72.08,805.87,652.84,1101.43,202296011,0.31,15.5,★☆☆☆☆,OK
101930,인화정공,,5940.0,47179,1.93,↓,6337.5,6708.0,31.4,-164.94,-157.15,397.86,143640855,1.14,57.0,★★★☆☆,OK
036710,심텍홀딩스,,5020.0,197076,0.55,→,4366.75,3920.42,76.11,291.9,204.6,316.79,337226161,0.4,20.0,★☆☆☆☆,OK
100120,뷰웍스,,30300.0,29474,1.68,↑,26837.5,25724.17,88.15,877.54,416.48,1164.29,9012228,0.61,30.5,★★☆☆☆,OK
468670,브릴스,,23000.0,2106525,,↓,,,,-978.31,-227.52,,5867558,,,☆☆☆☆☆,Data Missing
060720,KH바텍,,11340.0,54622,0.64,↓,11057.0,10586.83,65.84,192.6,146.82,385.71,159022414,0.68,34.0,★★☆☆☆,OK
309710,아이티켐,,21000.0,0,,→,21000.0,21000.0,,-0.59,-0.87,21000.0,7886144,,,☆☆☆☆☆,Data Missing
267980,매일유업,,34600.0,4410,1.03,↑,33937.5,33977.5,59.46,50.67,-75.25,871.43,-608331,1.3,65.0,★★★★☆,OK
472850,폰드그룹,,4650.0,70077,2.39,↓,4863.75,4711.25,12.24,-60.62,-19.58,181.07,17589638,0.56,28.0,★★☆☆☆,OK
035600,KG이니시스,,9730.0,18517,0.59,→,9953.5,9891.83,20.63,-96.86,-59.81,139.29,97769937,0.24,12.0,★☆☆☆☆,OK
182400,엔케이젠바이오텍코리아,,3670.0,0,,→,3670.0,3670.0,,-0.0,-0.0,3670.0,89903542,,,☆☆☆☆☆,Data Missing
266690,덕산넵코어스,,13290.0,16603950,,↓,,,,-563.72,-192.73,,-10414127,,,☆☆☆☆☆,Data Missing
051500,CJ프레시웨이,,21900.0,7952,1.33,↑,22197.5,22946.67,35.14,-455.74,-459.3,589.29,4724975,1.09,54.5,★★★☆☆,OK
294570,쿠콘,,26000.0,55622,0.35,↓,27445.0,23437.5,42.27,253.36,588.52,1817.86,34839462,0.33,16.5,★☆☆☆☆,OK
272110,케이엔제이,,33000.0,82334,0.93,↑,28640.0,27038.33,80.42,1819.75,1295.13,1739.29,19670996,0.55,27.5,★★☆☆☆,OK
287840,인투셀,,17330.0,36130,1.18,↓,17291.0,18781.5,58.78,-191.94,-382.59,1021.43,26057831,1.29,64.5,★★★★☆,OK
416180,신성에스티,,28600.0,75663,1.91,↑,25102.5,22151.33,77.07,1113.82,822.31,1467.86,21608678,1.33,66.5,★★★★☆,OK
071200,인피니트헬스케어,,10850.0,98740,0.49,↓,11367.5,9915.17,27.69,445.2,613.55,741.43,285242811,0.3,15.0,★☆☆☆☆,OK
089980,상아프론테크,,16090.0,16374,0.35,↓,15661.0,14583.17,62.43,426.01,374.26,825.0,104608002,0.4,20.0,★☆☆☆☆,OK
099440,스맥,,3765.0,189572,0.65,↓,4114.0,3801.5,25.0,-35.82,25.49,181.07,1056989499,0.31,15.5,★☆☆☆☆,OK
091700,파트론,,5130.0,144944,1.67,↓,5288.5,5495.0,27.12,-81.99,-84.28,173.57,152178516,1.05,52.5,★★★☆☆,OK
098070,한텍,,23050.0,72355,0.74,↓,24502.5,24666.67,43.41,-439.69,-321.27,1155.36,86147997,0.61,30.5,★★☆☆☆,OK
445090,에이직랜드,,23300.0,84903,3.09,↑,21577.5,20638.17,73.88,646.26,428.54,987.14,98668916,2.48,100.0,★★★★★,OK
151860,KG에코솔루션,,5400.0,31468,0.34,↑,5499.0,5504.33,29.58,-56.77,-42.9,182.14,495455995,0.19,9.5,★☆☆☆☆,OK
121800,비덴트,,3320.0,0,,→,3320.0,3320.0,,-0.0,-0.0,3320.0,1190361089,,,☆☆☆☆☆,Data Missing
068930,디지털대성,,9250.0,37231,0.39,↓,9135.5,8338.17,60.57,249.64,297.07,481.43,61476433,0.41,20.5,★☆☆☆☆,OK
484120,도우인시스,,23250.0,66291,1.0,↓,21696.0,19139.83,71.59,1171.16,1172.03,1907.14,-1251373,0.74,37.0,★★☆☆☆,OK
005160,동국산업,,4635.0,23042605,5.24,↑,3349.0,2763.25,74.11,378.13,280.76,496.43,586498681,3.92,100.0,★★★★★,OK
024840,KBI메탈,,5880.0,1019613,0.38,↓,5940.0,5265.42,59.29,220.04,254.29,512.14,2629040431,0.34,17.0,★☆☆☆☆,OK
377460,큐에이드,,4080.0,0,,→,4080.0,4080.0,,-0.0,-0.0,4080.0,2794846,,,☆☆☆☆☆,Data Missing
043150,바텍,,17190.0,42024,1.82,↓,17667.0,18209.33,42.51,-268.63,-276.23,347.86,21069074,1.82,91.0,★★★★★,OK
112290,와이씨켐,,12370.0,246442,1.16,↓,10863.0,10179.33,77.24,646.3,426.53,705.0,325069138,0.8,40.0,★★☆☆☆,OK
032580,피델릭스,,7570.0,460736,0.59,↓,6341.5,5046.25,79.33,821.29,714.87,681.07,1370884808,0.36,18.0,★☆☆☆☆,OK
073490,LIG아큐버,,32900.0,40159,0.75,↓,31785.0,30006.67,64.0,993.33,832.96,1532.14,33027731,0.83,41.5,★★★☆☆,OK
243840,신흥에스이씨,,6520.0,972230,5.02,↑,5742.0,5161.75,67.67,177.69,115.64,317.86,170153520,4.95,100.0,★★★★★,OK
439090,마녀공장,,15150.0,85204,0.59,↓,15698.0,16406.83,32.62,-297.16,-322.65,515.71,162064739,0.45,22.5,★★☆☆☆,OK
0035S0,빅웨이브로보틱스,,23000.0,1193006,,↓,,,,243.73,588.46,,6571438,,,☆☆☆☆☆,Data Missing
389650,넥스트바이오메디컬,,29700.0,58218,2.09,↓,30480.0,33730.83,48.35,-471.13,-719.68,1953.57,47983322,2.28,100.0,★★★★★,OK
023410,유진기업,,3220.0,153623,0.76,↓,3250.0,3291.67,50.0,-13.21,-16.8,105.0,342769049,0.88,44.0,★★★☆☆,OK
461300,아이스크림미디어,,18190.0,20170,0.95,↑,18652.0,17741.67,38.13,-113.67,45.75,747.14,10010720,0.84,42.0,★★★☆☆,OK
036030,케이티알파,,5040.0,33001,0.97,↑,4886.25,4704.5,67.5,80.63,72.01,132.5,234773632,0.98,49.0,★★★☆☆,OK
0011T0,채비,,5190.0,139629,0.51,↓,5382.0,5032.33,40.15,65.15,82.91,344.29,-12911228,0.46,23.0,★★☆☆☆,OK
061090,세나테크놀로지,,43300.0,24520,1.44,↑,38635.0,41224.17,76.72,535.47,-314.02,1817.86,-1814362,1.03,51.5,★★★☆☆,OK
450950,아스테라시스,,6240.0,85114,1.4,↓,5534.5,5653.67,71.49,218.54,88.67,378.57,89186736,1.2,60.0,★★★☆☆,OK
389260,대명에너지,,13510.0,58447,0.66,→,13179.5,13410.33,58.04,27.01,-65.07,476.43,166428832,0.86,43.0,★★★☆☆,OK
377450,리파인,,13780.0,11846,0.14,↓,15181.0,14196.17,44.91,-334.97,-124.43,961.43,50650698,0.12,6.0,★☆☆☆☆,OK
114190,강원에너지,,9050.0,98381,0.98,↓,8788.5,8632.0,55.2,50.23,-25.68,387.86,336989075,1.35,67.5,★★★★☆,OK
099430,바이오플러스,,3830.0,167138,0.99,↑,3431.25,3522.17,84.83,88.91,17.12,167.14,81506260,0.46,23.0,★★☆☆☆,OK
108860,셀바스AI,,8760.0,124648,0.6,↓,8902.0,8824.33,48.13,-19.08,-44.32,319.29,764354154,0.67,33.5,★★☆☆☆,OK
083310,엘오티베큠,,13300.0,189495,1.83,↑,10824.5,9468.5,82.25,914.29,627.18,718.57,82528119,0.99,49.5,★★★☆☆,OK
043370,피에이치에이,,11270.0,9716,0.66,→,11223.0,11066.67,67.03,34.91,34.7,363.57,48349904,0.67,33.5,★★☆☆☆,OK
340450,지씨지놈,,9920.0,520447,0.9,↑,7629.0,6025.33,84.27,1107.24,852.98,782.86,15972351,0.42,21.0,★★☆☆☆,OK
036890,진성티이씨,,10640.0,118302,1.88,↓,12000.5,12883.67,7.84,-502.72,-407.97,355.0,155300221,0.29,14.5,★☆☆☆☆,OK
064850,에프앤가이드,,20350.0,24207,0.64,↓,19016.0,18376.83,70.49,822.25,625.05,1522.86,18679152,0.56,28.0,★★☆☆☆,OK
067390,아스트,,5620.0,41674,0.5,↓,5907.5,5247.17,34.26,102.71,180.13,297.86,14152005,0.39,19.5,★☆☆☆☆,OK
462350,이노스페이스,,6910.0,1749613,3.74,↑,6330.5,6418.92,65.0,49.67,-22.7,641.43,18633648,3.83,100.0,★★★★★,OK
064820,케이프,,7580.0,48857,1.35,↓,7798.0,8106.83,43.68,-64.77,-79.94,245.71,270709144,1.37,68.5,★★★★☆,OK
011560,세보엠이씨,,23000.0,96601,1.44,↓,24132.5,23017.17,44.44,57.87,209.79,1257.14,37493576,1.21,60.5,★★★☆☆,OK
376270,HEM파마,,31900.0,14443,1.66,↓,33950.0,38252.5,39.51,-1510.16,-1626.85,1721.43,5293579,1.49,74.5,★★★★☆,OK
126600,BGF에코머티리얼즈,,3660.0,1329414,4.75,↑,3113.5,2959.25,81.0,116.43,57.02,161.43,297028719,2.77,100.0,★★★★★,OK
144510,지씨셀,,14690.0,32547,0.76,↓,14352.0,14011.5,58.6,143.81,68.62,682.86,108662536,0.96,48.0,★★★☆☆,OK
180400,DXVX,,2330.0,32869,0.94,↓,2344.5,2404.38,45.33,-31.97,-36.32,131.79,321143138,0.97,48.5,★★★☆☆,OK
243070,휴온스,,19030.0,29355,1.21,↓,19674.0,23098.83,31.36,-939.57,-1117.25,390.71,32905292,0.89,44.5,★★★☆☆,OK
298830,슈어소프트테크,,4265.0,115699,0.71,↓,4263.75,4110.42,47.59,17.88,5.62,178.21,462372040,1.04,52.0,★★★☆☆,OK
382800,지앤비에스 에코,,7130.0,2877962,2.31,↑,5554.75,5033.92,90.14,454.13,248.98,391.79,104170940,0.69,34.5,★★☆☆☆,OK
486510,글로벌테크놀로지,,11120.0,2908564,,↓,,,,-279.89,56.43,,19855889,,,☆☆☆☆☆,Data Missing
215000,골프존,,35800.0,6248,0.43,→,35800.0,36756.67,60.0,-119.37,-172.54,639.29,1408133,0.41,20.5,★☆☆☆☆,OK
078150,HB테크놀러지,,2380.0,3901144,1.89,↑,2136.0,1989.18,68.57,98.22,65.42,142.93,1348570668,1.79,89.5,★★★★★,OK
293780,압타바이오,,7800.0,81641,1.48,↓,6811.0,5904.67,84.75,465.29,338.59,467.86,170052755,0.68,34.0,★★☆☆☆,OK
419530,SAMG엔터,,21850.0,175139,1.87,↑,18057.0,22401.33,83.36,-172.15,-888.54,1033.57,71219069,0.83,41.5,★★★☆☆,OK
067080,대화제약,,13960.0,753442,8.33,↑,11433.0,10447.0,82.84,517.01,334.22,467.86,305700570,4.43,100.0,★★★★★,OK
0008Z0,에스엔시스,,23300.0,19853,1.29,↓,23635.0,23026.17,44.94,-40.55,-7.4,778.57,8563059,1.35,67.5,★★★★☆,OK
018310,삼목에스폼,,14980.0,7214,0.42,↓,14619.5,14160.67,65.56,233.14,199.17,300.71,28239913,0.45,22.5,★★☆☆☆,OK
065710,서호전기,,42950.0,6727,0.94,↓,44885.0,44019.17,19.79,-431.5,-107.69,1185.71,10848097,0.36,18.0,★☆☆☆☆,OK
237880,클리오,,12140.0,99893,1.71,↓,12163.5,11815.17,44.93,-18.11,-5.89,407.14,46094169,1.78,89.0,★★★★★,OK
023760,한국캐피탈,,1404.0,31182,0.74,↓,1413.35,1386.33,39.17,5.19,8.12,29.07,109115925,0.68,34.0,★★☆☆☆,OK
216080,제테마,,6010.0,81494,0.41,↓,6674.5,5327.67,26.3,120.4,315.87,479.29,62194526,0.24,12.0,★☆☆☆☆,OK
095500,미래나노텍,,7020.0,92923,1.32,→,6722.5,6891.0,63.58,25.07,-46.66,218.57,822367293,1.49,74.5,★★★★☆,OK
064550,바이오니아,,8440.0,124040,0.27,↓,8954.0,8009.0,30.55,-68.82,21.82,392.14,371437966,0.19,9.5,★☆☆☆☆,OK
187870,디바이스,,15930.0,645550,5.1,↑,11460.0,11617.67,88.12,768.13,263.55,988.57,54030399,1.82,91.0,★★★★★,OK
0001A0,덕양에너젠,,8450.0,36650,0.28,↓,8716.5,8526.5,43.56,-83.02,-70.04,300.71,-12045051,0.24,12.0,★☆☆☆☆,OK
065680,우주일렉트로,,24150.0,6806,0.34,↓,23795.0,24379.0,59.92,185.36,125.95,1682.14,20938595,0.36,18.0,★☆☆☆☆,OK
365270,큐라클,,9870.0,94503,1.81,↓,9691.5,9796.33,60.84,8.25,-82.04,575.71,119391842,2.14,100.0,★★★★★,OK
190510,나무가,,15330.0,44368,0.34,↓,15589.0,14181.0,53.62,354.39,445.59,680.0,117400191,0.36,18.0,★☆☆☆☆,OK
126730,코칩,,24200.0,163040,0.23,↓,22663.0,18298.5,63.0,1411.95,1405.18,1957.14,105251080,0.25,12.5,★☆☆☆☆,OK
094480,갤럭시아머니트리,,5550.0,213618,0.61,↓,5665.0,5400.17,49.55,35.91,46.85,287.14,1069555358,0.69,34.5,★★☆☆☆,OK
176750,듀켐바이오,,7530.0,39978,0.51,↑,6515.0,6340.67,72.91,336.39,177.92,415.0,-14100606,0.42,21.0,★★☆☆☆,OK
405100,큐알티,,17630.0,61383,1.11,↑,14737.0,12344.0,89.57,1228.27,899.96,851.43,53683694,0.35,17.5,★☆☆☆☆,OK
439960,코스모로보틱스,,6480.0,1422861,0.57,↓,10251.0,13059.67,20.31,-1673.26,-1357.82,1010.71,55438220,0.2,10.0,★☆☆☆☆,OK
206640,바디텍메드,,9790.0,19104,0.74,→,9567.0,10359.5,60.48,-96.19,-190.65,244.29,323800701,0.8,40.0,★★☆☆☆,OK
382900,범한퓨얼셀,,24400.0,57228,0.23,↓,24419.5,18915.0,43.0,1458.26,1662.87,1507.14,88484457,0.22,11.0,★☆☆☆☆,OK
263860,지니언스,,24000.0,419314,0.71,↑,19068.5,15724.83,70.09,1888.38,1384.76,1827.14,98417384,0.63,31.5,★★☆☆☆,OK
241520,DSC인베스트먼트,,8070.0,86030,0.82,↓,8151.5,7994.0,58.22,43.83,31.93,317.86,1202855714,0.92,46.0,★★★☆☆,OK
307180,아이엘,,5630.0,454710,1.73,↓,5661.0,5142.42,60.74,96.82,121.29,340.71,191170106,1.54,77.0,★★★★☆,OK
053300,한국정보인증,,5260.0,189946,0.32,↓,5196.0,4755.25,39.53,114.89,113.05,216.79,861467494,0.39,19.5,★☆☆☆☆,OK
045390,대아티아이,,2990.0,387224,0.5,↓,3203.25,2942.75,34.13,-44.46,-1.25,147.14,2890669329,0.39,19.5,★☆☆☆☆,OK
452450,피아이이,,5840.0,991660,1.17,↑,5208.75,3848.0,68.99,471.69,460.95,403.21,371208872,1.09,54.5,★★★☆☆,OK
256840,한국비엔씨,,3065.0,2050117,0.39,↓,2949.5,2646.92,56.55,152.75,139.21,253.21,1335850230,0.5,25.0,★★☆☆☆,OK
475400,씨메스로보틱스,,17620.0,55162,0.53,↓,18444.5,18224.5,39.28,-35.62,-26.18,747.14,49101374,0.4,20.0,★☆☆☆☆,OK
950170,JTC,,4300.0,21204,2.26,↑,4301.0,4440.33,43.75,-31.16,-36.71,171.43,17857819,2.28,100.0,★★★★★,OK
005710,대원산업,,10400.0,6018,0.55,↓,10590.0,10817.5,47.02,-97.24,-75.03,440.0,20564412,0.5,25.0,★★☆☆☆,OK
084990,헬릭스미스,,4355.0,4217243,9.56,↑,3301.25,3247.17,88.76,223.8,93.58,317.86,83725513,3.2,100.0,★★★★★,OK
125020,티씨머티리얼즈,,5920.0,462185,0.56,↓,6096.0,5592.75,52.54,76.91,113.47,360.0,183881712,0.6,30.0,★★☆☆☆,OK
019010,베뉴지,,4300.0,54236,0.25,↓,4711.25,4416.17,25.97,-63.69,15.47,205.36,104096855,0.12,6.0,★☆☆☆☆,OK
462860,더즌,,2935.0,1681136,0.46,↑,2960.0,2498.13,47.52,44.68,79.84,248.93,738896468,0.48,24.0,★★☆☆☆,OK
380540,옵티코어,,8450.0,0,,→,8450.0,8450.0,,0.02,0.02,8450.0,202278714,,,☆☆☆☆☆,Data Missing
481070,에이유브랜즈,,14850.0,3297,0.26,↑,15275.0,16877.5,47.88,-686.11,-645.63,935.0,498025,0.23,11.5,★☆☆☆☆,OK
049430,코메론,,22900.0,55398,1.74,↑,22615.0,20957.33,50.86,307.92,425.43,1083.93,24023213,2.29,100.0,★★★★★,OK
053030,바이넥스,,6390.0,46133,0.79,↓,6384.0,6683.83,50.0,-84.78,-135.5,225.71,759130731,1.07,53.5,★★★☆☆,OK
459510,나우로보틱스,,15320.0,27152,0.25,↓,15784.5,15119.83,33.95,76.39,107.83,520.71,125588575,0.2,10.0,★☆☆☆☆,OK
036170,에이치엠넥스,,3225.0,182730,0.62,↑,2683.75,2611.42,75.88,166.18,91.65,204.5,1505678830,0.45,22.5,★★☆☆☆,OK
403850,더핑크퐁컴퍼니,,13540.0,250838,2.92,↑,12485.0,11735.33,60.86,170.93,135.75,686.43,-5266508,3.48,100.0,★★★★★,OK
014940,오리엔탈정공,,4300.0,114604,0.97,↓,4539.25,4574.58,40.43,-59.01,-48.44,170.36,493568092,0.75,37.5,★★☆☆☆,OK
058970,엠로,,15920.0,17658,0.87,↓,16244.5,15668.17,45.48,139.01,140.68,604.29,17839595,0.91,45.5,★★★☆☆,OK
234690,녹십자웰빙,,10850.0,223707,0.74,↓,9791.0,9020.0,68.65,421.34,276.17,585.71,146207337,0.7,35.0,★★☆☆☆,OK
036190,금화피에스시,,33050.0,6543,1.83,↓,34185.0,33254.17,40.76,-19.12,136.06,1082.14,2311140,1.44,72.0,★★★★☆,OK
119610,인터로조,,17150.0,43467,1.12,↑,15033.5,14542.0,79.32,622.04,323.38,839.29,10407182,0.71,35.5,★★☆☆☆,OK
217730,강스템바이오텍,,2050.0,354101,1.51,↓,2167.25,2284.15,38.51,-30.77,-42.2,145.0,475914434,1.3,65.0,★★★★☆,OK
314930,바이오다인,,6690.0,32336,1.46,↓,6764.5,7531.5,41.18,-184.28,-234.58,291.43,145207725,1.38,69.0,★★★★☆,OK
351320,넥사다이내믹스,,4445.0,260056,0.46,↓,4174.0,2385.3,57.23,452.06,493.02,441.79,162060899,0.5,25.0,★★☆☆☆,OK
353810,이지바이오,,5800.0,55433,0.79,↓,6093.0,6208.17,39.33,-95.49,-59.52,156.43,348345748,0.61,30.5,★★☆☆☆,OK
080720,한국유니온제약,,2410.0,0,,→,2410.0,2410.0,,-0.0,-0.0,2410.0,65170686,,,☆☆☆☆☆,Data Missing
194700,노바렉스,,10370.0,48314,1.13,↓,10263.0,12094.5,58.29,-312.45,-462.81,273.57,26902139,1.29,64.5,★★★★☆,OK
163730,핑거,,14810.0,181000,1.13,↑,11764.5,9979.0,91.63,1424.58,1067.26,1308.57,216546194,0.28,14.0,★☆☆☆☆,OK
051160,지어소프트,,14220.0,208212,0.51,↑,11640.5,9831.17,74.42,1013.9,812.72,1144.64,265113066,0.39,19.5,★☆☆☆☆,OK
143240,사람인,,17760.0,9979,0.97,↑,17313.5,16901.83,65.68,135.56,120.84,565.71,8552231,1.03,51.5,★★★☆☆,OK
083930,아바코,,13020.0,56761,1.75,↑,12141.0,11293.67,92.02,364.73,296.73,341.43,132600371,0.44,22.0,★★☆☆☆,OK
372170,윤성에프앤씨,,23900.0,42934,2.86,↑,21216.5,19175.83,76.74,675.13,372.17,1276.43,18731347,2.02,100.0,★★★★★,OK
388050,지투파워,,10100.0,320782,0.21,↓,10427.5,8916.17,45.19,155.82,250.09,612.14,973638206,0.21,10.5,★☆☆☆☆,OK
394800,쓰리빌리언,,5860.0,1217157,1.2,↓,5307.25,5470.75,63.4,277.0,171.18,686.79,532106082,1.26,63.0,★★★★☆,OK
066620,국보디자인,,25200.0,7610,1.85,↑,25152.5,24672.5,51.96,-78.85,-14.83,957.14,10804929,2.4,100.0,★★★★★,OK
013120,동원개발,,2075.0,70088,1.15,↓,2112.0,2168.75,39.66,-24.4,-25.94,56.43,-47367,1.07,53.5,★★★☆☆,OK
016790,현대사료,,994.0,0,,→,994.0,994.0,,-0.0,-0.0,994.0,709961924,,,☆☆☆☆☆,Data Missing
086670,비엠티,,18840.0,38223,0.73,↓,18187.0,16614.0,67.96,701.39,700.83,827.86,137442725,0.72,36.0,★★☆☆☆,OK
041920,메디아나,,10070.0,60559,0.84,↓,9026.0,9058.17,85.97,364.07,173.32,495.71,349903246,0.36,18.0,★☆☆☆☆,OK
036560,KZ정밀,,11860.0,7220,1.5,↓,12096.0,12031.67,36.67,-59.68,-34.95,246.43,69752083,1.08,54.0,★★★☆☆,OK
126700,하이비젼시스템,,12470.0,82009,1.94,↑,11231.5,10703.0,80.38,276.41,108.0,524.29,141343073,1.17,58.5,★★★☆☆,OK
102940,코오롱생명과학,,14190.0,62631,1.3,↓,14276.5,17489.5,51.13,-603.51,-903.36,503.57,50814664,1.47,73.5,★★★★☆,OK
199430,케이엔알시스템,,16560.0,53641,0.4,↓,18198.0,15423.67,19.5,245.92,574.61,933.57,97578815,0.18,9.0,★☆☆☆☆,OK
052330,코텍,,10560.0,5341,0.4,↑,10842.5,11595.17,33.33,-328.99,-332.4,306.43,14738665,0.31,15.5,★☆☆☆☆,OK
464080,에스오에스랩,,10100.0,77781,0.79,↓,10114.5,9348.17,53.12,201.15,185.64,766.43,202740327,0.96,48.0,★★★☆☆,OK
034810,해성산업,,5900.0,2633,0.28,→,5958.0,6115.17,50.0,-53.67,-52.79,160.71,9845631,0.27,13.5,★☆☆☆☆,OK
024060,흥구석유,,12490.0,1145054,0.29,↑,12987.5,11712.0,28.63,152.48,309.55,787.86,1904040675,0.19,9.5,★☆☆☆☆,OK
082800,비보존 제약,,2990.0,101399,0.67,→,2923.25,2801.5,60.18,8.94,-2.4,134.29,385889908,0.82,41.0,★★★☆☆,OK
068790,DMS,,8270.0,36479,0.69,↑,7523.0,7515.83,89.3,288.76,194.88,378.57,60746249,0.23,11.5,★☆☆☆☆,OK
214180,헥토이노베이션,,14010.0,40172,0.95,↓,14062.5,14139.67,45.89,-81.33,-108.0,512.86,17982376,1.01,50.5,★★★☆☆,OK
220100,퓨쳐켐,,7020.0,62495,0.5,↓,6702.1,6774.88,52.81,87.34,-4.02,485.5,137604006,0.71,35.5,★★☆☆☆,OK
355150,코스텍시스,,23500.0,160377,1.18,↓,21357.0,19861.5,67.59,999.57,634.74,1849.29,53671016,1.13,56.5,★★★☆☆,OK
054210,이랜텍,,7140.0,143144,1.3,↑,6874.5,7026.5,56.93,-9.49,-73.06,282.86,364593103,1.72,86.0,★★★★★,OK
092070,디엔에프,,15560.0,119041,2.87,↑,13014.0,12776.17,88.87,632.24,301.03,842.86,31872394,0.97,48.5,★★★☆☆,OK
484810,티엑스알로보틱스,,11590.0,66915,0.47,↓,12449.5,13246.83,30.58,-474.47,-474.76,555.0,70998622,0.33,16.5,★☆☆☆☆,OK
012860,모베이스전자,,2450.0,566328,1.13,↓,2337.25,2307.22,60.1,44.13,18.22,145.14,1318725213,1.36,68.0,★★★★☆,OK
251370,와이엠티,,10060.0,223841,1.73,↑,8056.0,8129.5,89.69,531.78,211.18,611.43,10709056,0.54,27.0,★★☆☆☆,OK
192440,슈피겐코리아,,28550.0,1969,0.49,↓,29660.0,29428.33,34.95,-202.65,-7.93,853.57,4026694,0.33,16.5,★☆☆☆☆,OK
094820,일진파워,,11860.0,78853,0.77,↓,12141.5,11645.0,48.21,63.44,75.59,506.43,492064575,0.85,42.5,★★★☆☆,OK
138610,나이벡,,15600.0,21641,0.62,↓,15131.0,15273.33,63.54,165.51,15.99,626.43,147169415,0.7,35.0,★★☆☆☆,OK
230240,에치에프알,,13250.0,109208,0.55,↓,13017.0,14116.17,62.52,116.29,-53.39,926.79,98281457,0.54,27.0,★★☆☆☆,OK
260970,에스앤디,,61500.0,10694,0.88,→,57325.0,54356.67,70.15,1925.27,1409.31,2935.71,5525228,0.8,40.0,★★☆☆☆,OK
104480,티케이케미칼,,1963.0,472799,2.49,↑,1803.1,1682.27,79.63,48.44,39.75,91.79,1451754974,1.55,77.5,★★★★☆,OK
357550,석경에이티,,32400.0,1969,0.83,↓,31505.0,33422.5,63.64,-271.9,-634.17,1182.14,65175443,0.82,41.0,★★★☆☆,OK
304100,솔트룩스,,13930.0,76769,1.07,↓,15181.0,14756.17,33.88,-190.85,-109.83,572.14,214462668,0.7,35.0,★★☆☆☆,OK
488280,에스투더블유,,15910.0,735112,0.62,↓,14707.0,11614.83,54.71,1314.78,1253.3,1275.71,41043137,0.83,41.5,★★★☆☆,OK
308430,셀비온,,13590.0,20165,0.58,↓,13650.0,13279.17,52.87,215.12,207.34,932.86,15469654,0.72,36.0,★★☆☆☆,OK
0015G0,그린광학,,14850.0,39483,0.62,↓,14746.0,14847.33,55.62,211.26,88.76,965.71,109176225,0.83,41.5,★★★☆☆,OK
264850,이랜시스,,5790.0,158655,0.3,↓,5759.5,5525.75,49.67,33.6,19.15,276.43,970230878,0.46,23.0,★★☆☆☆,OK
084850,아이티엠반도체,,7700.0,12511,0.77,↓,8112.5,8316.67,31.48,-179.36,-152.4,240.0,32273656,0.47,23.5,★★☆☆☆,OK
489460,바이오비쥬,,11740.0,67300,0.99,↑,11475.0,10464.67,54.55,207.49,237.76,576.43,42546201,1.2,60.0,★★★☆☆,OK
013990,아가방컴퍼니,,5240.0,159399,1.83,↑,4909.5,4531.0,76.92,176.13,141.95,166.07,994083687,1.31,65.5,★★★★☆,OK
123330,제닉,,21900.0,169125,0.71,↓,24255.0,26930.0,15.48,-1811.84,-1575.64,1151.79,87967453,0.21,10.5,★☆☆☆☆,OK
119830,아이텍,,6590.0,90976,0.69,↓,6265.5,6065.58,69.33,92.92,54.48,404.29,80110927,0.64,32.0,★★☆☆☆,OK
149950,아바텍,,12610.0,61652,0.31,↑,11500.5,9655.0,62.84,835.08,809.15,865.71,37035271,0.34,17.0,★☆☆☆☆,OK
088800,에이스테크,,2270.0,187679,0.27,↓,2159.15,1936.37,60.46,105.57,91.94,257.57,333677851,0.31,15.5,★☆☆☆☆,OK
092130,이크레더블,,14210.0,2927,1.01,↓,14296.0,14262.33,47.09,-22.96,-13.05,475.71,-66529,0.92,46.0,★★★☆☆,OK
143160,아이디스,,16050.0,2741,0.83,→,16063.0,15832.67,48.2,24.51,43.81,611.43,16423634,0.92,46.0,★★★☆☆,OK
042510,라온시큐어,,15510.0,2615949,0.96,↑,11605.5,9193.67,67.76,1444.77,1017.0,1312.86,323144299,0.91,45.5,★★★☆☆,OK
039860,나노엔텍,,4500.0,157884,0.52,↓,4305.25,3974.17,73.21,154.92,135.91,215.0,727124583,0.43,21.5,★★☆☆☆,OK
086820,바이오솔루션,,6550.0,85460,1.5,↓,6590.5,6367.83,45.34,54.69,48.58,463.57,87644599,1.78,89.0,★★★★★,OK
270660,에브리봇,,13260.0,19554,0.85,↓,13580.5,13465.83,42.34,-99.05,-93.65,407.14,274282397,0.7,35.0,★★☆☆☆,OK
264450,유비쿼스,,11590.0,38791,0.53,↓,10877.5,10362.67,76.6,347.37,263.33,502.14,32182120,0.38,19.0,★☆☆☆☆,OK
445180,퓨릿,,9800.0,34600,0.49,↓,8599.0,8122.33,84.75,499.07,324.14,556.79,41455292,0.23,11.5,★☆☆☆☆,OK
108380,대양전기공업,,17750.0,13523,0.55,↓,18605.0,17769.83,40.05,39.34,150.21,537.86,26093780,0.43,21.5,★★☆☆☆,OK
199820,제일일렉트릭,,7520.0,88937,0.68,↓,7627.5,7333.67,54.23,71.62,67.59,343.57,429782081,0.83,41.5,★★★☆☆,OK
032620,GC메디아이,,3220.0,52933,1.39,→,3125.5,3037.5,70.89,45.23,34.87,80.71,740466039,1.26,63.0,★★★★☆,OK
418550,제이오,,5280.0,46634,0.79,↑,4965.75,4537.25,65.53,159.37,125.52,237.14,64999214,0.83,41.5,★★★☆☆,OK
478340,나라스페이스테크놀로지,,14450.0,283538,0.17,↓,13087.0,11269.17,65.55,1213.2,994.77,1741.43,108420191,0.17,8.5,★☆☆☆☆,OK
046120,오르비텍,,4945.0,302777,0.2,↓,5623.75,4911.5,31.83,29.69,122.67,378.57,1050069247,0.14,7.0,★☆☆☆☆,OK
318060,그래피,,14880.0,119785,2.35,↓,16497.5,17807.17,24.06,-665.76,-637.26,735.0,46170065,1.08,54.0,★★★☆☆,OK
038390,레드캡투어,,9960.0,4382,0.55,→,9995.5,9936.0,45.83,1.89,9.27,192.86,13538794,0.59,29.5,★★☆☆☆,OK
245620,EDGC,,741.0,0,,→,741.0,741.0,,-0.0,-0.0,741.0,1059688889,,,☆☆☆☆☆,Data Missing
141000,비아트론,,13260.0,4474966,10.73,↑,10024.0,8988.33,78.3,1006.57,546.48,793.57,43287442,7.03,100.0,★★★★★,OK
042420,네오위즈홀딩스,,21000.0,11447,1.35,↓,23180.0,23332.5,22.4,-540.37,-247.4,1153.57,44671595,0.57,28.5,★★☆☆☆,OK
051370,인터플렉스,,7080.0,163788,0.62,↓,6694.5,6594.83,64.63,209.65,141.04,412.14,110688153,0.66,33.0,★★☆☆☆,OK
432720,퀄리타스반도체,,11580.0,115122,0.42,↓,10568.0,9121.67,70.81,736.82,621.75,835.0,190482113,0.37,18.5,★☆☆☆☆,OK
0082N0,카나프테라퓨틱스,,12080.0,52311,0.73,↓,12591.0,13348.67,45.94,-421.24,-511.62,999.29,-3820901,0.74,37.0,★★☆☆☆,OK
194480,데브시스터즈,,13630.0,46794,0.96,↓,14463.0,16503.33,22.58,-676.57,-712.2,475.0,37126289,0.5,25.0,★★☆☆☆,OK
156100,엘앤케이바이오,,7360.0,594150,2.61,↑,5961.0,4656.0,79.52,570.26,487.41,410.71,97373674,1.62,81.0,★★★★★,OK
950140,잉글우드랩,,8240.0,10568,0.84,↑,8217.0,8422.33,54.0,-81.58,-94.65,242.86,163997797,1.05,52.5,★★★☆☆,OK
086890,이수앱지스,,4040.0,48416,0.56,↑,3692.75,3452.0,86.67,152.87,113.97,211.07,398240215,0.23,11.5,★☆☆☆☆,OK
289080,SV인베스트먼트,,2685.0,611675,0.28,↓,2665.75,2244.18,57.86,104.81,120.71,163.21,1927544021,0.31,15.5,★☆☆☆☆,OK
065660,안트로젠,,16170.0,17239,0.86,↑,15065.5,15844.0,64.63,-23.29,-240.74,762.86,40890929,0.93,46.5,★★★☆☆,OK
267320,나인테크,,2780.0,12646644,3.82,↓,2406.75,2161.72,72.92,168.42,119.89,203.57,1501769288,3.08,100.0,★★★★★,OK
039830,오로라,,15020.0,21039,0.42,↓,15173.5,18009.5,52.87,-496.3,-625.96,1003.57,88425876,0.45,22.5,★★☆☆☆,OK
049630,재영솔루텍,,6950.0,166182,0.86,↓,7109.5,6755.33,48.48,27.87,43.05,318.57,343274507,0.96,48.0,★★★☆☆,OK
307750,국전,,2920.0,18617274,9.96,↑,2357.5,2229.02,83.85,104.14,46.07,171.79,863840256,4.86,100.0,★★★★★,OK
158430,아톤,,6530.0,3963280,1.05,↑,5595.5,4702.25,52.78,442.73,339.24,511.43,418896893,1.47,73.5,★★★★☆,OK
417500,제이아이테크,,4870.0,739334,2.31,↑,4104.25,3661.0,87.59,243.68,164.68,247.5,138304762,0.87,43.5,★★★☆☆,OK
290690,아리바이오홀딩스,,3005.0,829313,0.8,↓,3708.75,4048.5,26.36,-282.08,-202.82,332.86,516025423,0.38,19.0,★☆☆☆☆,OK
066410,버킷스튜디오,,1153.0,0,,→,1153.0,1153.0,,-0.0,-0.0,1153.0,1723260812,,,☆☆☆☆☆,Data Missing
122990,와이솔,,6290.0,43290,0.56,↓,6612.5,6168.17,28.81,65.39,123.27,202.86,73716688,0.38,19.0,★☆☆☆☆,OK
388790,라이콤,,5210.0,362215,0.32,↓,5045.0,4352.17,63.25,292.32,284.14,492.14,635257555,0.34,17.0,★☆☆☆☆,OK
093190,빅솔론,,8350.0,6532,0.57,↑,8295.0,8382.83,51.28,-44.19,-48.74,315.0,11155924,0.75,37.5,★★☆☆☆,OK
274090,켄코아에어로스페이스,,11330.0,559877,0.38,↓,11647.0,10494.0,57.72,565.37,576.0,1549.29,232157690,0.34,17.0,★☆☆☆☆,OK
204610,티쓰리,,2820.0,38006,0.45,↓,3028.25,3113.42,16.52,-92.81,-71.78,109.29,365177330,0.14,7.0,★☆☆☆☆,OK
032940,원익,,8630.0,120110,0.08,↓,9448.5,7244.33,29.97,284.04,495.78,586.43,297267954,0.05,2.5,★☆☆☆☆,OK
396300,HT로보틱스,,5830.0,5290055,1.41,↓,5264.0,4497.92,63.4,343.33,294.96,537.36,567217287,1.51,75.5,★★★★☆,OK
146320,비씨엔씨,,12290.0,89140,2.89,↑,10200.5,9911.33,83.01,555.01,309.49,847.86,20042344,1.47,73.5,★★★★☆,OK
226590,엠디바이스,,14670.0,30088,0.39,↓,13897.0,12447.0,70.97,641.83,587.35,880.71,87056078,0.34,17.0,★☆☆☆☆,OK
123860,아나패스,,13030.0,5511,0.49,↑,13330.0,13245.83,39.2,-157.25,-104.48,497.86,4896271,0.37,18.5,★☆☆☆☆,OK
101360,에코앤드림,,8980.0,410528,5.11,↑,8045.5,7598.5,68.08,204.34,81.12,528.57,108938455,4.93,100.0,★★★★★,OK
093640,케이알엠,,4755.0,9390,0.32,↑,4701.0,4151.92,48.89,108.5,128.82,307.5,288947088,0.41,20.5,★☆☆☆☆,OK
041520,이엘씨,,12890.0,8807,0.52,↓,12304.0,10997.67,77.03,455.25,445.81,480.0,32529795,0.37,18.5,★☆☆☆☆,OK
255220,SG,,1043.0,1992036,1.01,↓,1149.4,1223.18,37.5,-38.93,-34.55,72.79,1002373300,0.71,35.5,★★☆☆☆,OK
011040,경동제약,,5080.0,14399,0.62,↑,5059.0,5030.67,50.0,-1.17,-4.34,81.79,180101032,0.98,49.0,★★★☆☆,OK
078070,유비쿼스홀딩스,,9150.0,23585,1.14,→,8748.5,8721.83,68.25,114.0,41.59,435.0,26847319,1.11,55.5,★★★☆☆,OK
102120,어보브반도체,,8630.0,215140,0.99,↓,7689.0,7306.17,78.22,407.22,268.5,490.36,450906636,0.65,32.5,★★☆☆☆,OK
072870,메가스터디,,13150.0,10281,0.7,↓,13189.0,13151.33,54.26,-5.97,7.67,342.14,37671059,0.62,31.0,★★☆☆☆,OK
023910,대한약품,,25850.0,4505,1.11,↓,26345.0,26337.5,19.35,-175.12,-113.81,617.86,12679579,0.42,21.0,★★☆☆☆,OK
402030,코난테크놀로지,,12260.0,14335,0.82,↓,13013.0,13282.17,36.69,-266.49,-245.25,438.57,109106564,0.58,29.0,★★☆☆☆,OK
489500,엘케이켐,,23900.0,37285,2.06,↓,22477.5,20633.67,67.74,842.33,752.15,1132.14,3160452,2.03,100.0,★★★★★,OK
024800,유성티엔에스,,4355.0,47110,1.41,→,4542.5,4388.25,27.03,-43.42,-1.38,258.21,263825216,0.72,36.0,★★☆☆☆,OK
123410,코리아에프티,,5510.0,70783,1.32,↓,5818.5,5635.25,40.0,6.96,48.06,219.29,759474193,1.02,51.0,★★★☆☆,OK
067280,멀티캠퍼스,,26050.0,5682,0.56,↓,24687.5,24285.0,82.76,628.6,453.15,801.79,3038454,0.3,15.0,★☆☆☆☆,OK
054450,텔레칩스,,10210.0,46265,0.81,↓,9858.0,9600.67,71.16,202.62,155.01,414.29,350205030,0.72,36.0,★★☆☆☆,OK
067290,JW신약,,2750.0,1906145,0.16,↓,3287.25,2528.65,8.26,20.9,127.63,202.86,1411216661,0.03,1.5,★☆☆☆☆,OK
322310,오로스테크놀로지,,16180.0,84124,0.87,↓,14011.5,14494.83,77.17,674.11,277.9,882.14,25744843,0.6,30.0,★★☆☆☆,OK
475040,스트라드비젼,,2850.0,244078,0.12,↓,3241.25,3161.67,13.79,-101.83,-68.25,169.64,-28463166,0.03,1.5,★☆☆☆☆,OK
118990,모트렉스,,6150.0,28133,0.39,↓,6468.5,5817.75,32.14,53.26,145.04,227.86,768300960,0.29,14.5,★☆☆☆☆,OK
220260,켐트로스,,4765.0,133113,0.82,→,4173.5,3785.75,79.35,260.27,185.14,252.5,1259266698,0.51,25.5,★★☆☆☆,OK
041020,폴라리스오피스,,3050.0,102422,0.71,↓,3078.75,2972.08,53.52,41.97,37.01,144.29,1564153266,0.88,44.0,★★★☆☆,OK
452190,한빛레이저,,6290.0,14322359,2.92,↑,5356.75,4175.08,71.81,570.96,485.06,528.21,828411054,2.43,100.0,★★★★★,OK
142210,유니트론텍,,7320.0,634786,3.21,↑,6287.5,5901.0,92.0,289.6,175.21,271.43,230984183,0.79,39.5,★★☆☆☆,OK
007330,푸른저축은행,,10000.0,4533,0.61,↑,10055.5,10085.17,27.27,-36.26,-29.7,123.57,163163382,0.33,16.5,★☆☆☆☆,OK
179290,엠아이텍,,4635.0,31330,0.96,↓,4776.75,4891.5,28.03,-94.33,-97.41,177.5,327932331,0.62,31.0,★★☆☆☆,OK
0088M0,메쥬,,15140.0,98341,0.79,↑,13263.0,13001.33,71.73,542.87,269.97,937.86,10276766,0.67,33.5,★★☆☆☆,OK
080160,모두투어,,7860.0,37840,0.31,↓,8833.0,8789.67,7.42,-276.9,-161.14,326.43,53198516,0.04,2.0,★☆☆☆☆,OK
494120,큐리오시스,,9670.0,71674,0.69,↓,8782.0,9990.15,65.52,166.27,-126.61,757.86,7266712,0.62,31.0,★★☆☆☆,OK
054800,아이디스홀딩스,,14400.0,2217,0.32,↓,14861.5,14838.17,38.65,-112.74,-60.0,542.86,2416955,0.24,12.0,★☆☆☆☆,OK
069510,에스텍,,13460.0,3473,0.85,↑,13120.5,12734.0,57.46,181.45,157.76,515.71,9979224,1.11,55.5,★★★☆☆,OK
042600,새로닉스,,11980.0,21248,0.99,↑,11996.5,10819.33,45.85,59.9,122.93,759.29,225791900,1.02,51.0,★★★☆☆,OK
205500,넥써쓰,,1801.0,75357,0.49,↑,1818.65,1712.1,33.63,3.37,11.6,110.07,319973689,0.37,18.5,★☆☆☆☆,OK
0161M0,네오사피엔스,,11840.0,1679056,,↓,,,,-6331.14,-4471.61,,-40998294,,,☆☆☆☆☆,Data Missing
474650,링크솔루션,,25550.0,45199,1.22,↓,27142.5,24480.83,36.48,543.64,719.99,1835.71,23307048,1.0,50.0,★★★☆☆,OK
413630,씨피시스템,,4025.0,601581,0.18,↓,4231.75,3856.83,34.36,60.07,101.98,321.07,665671805,0.14,7.0,★☆☆☆☆,OK
0039P0,매드업,,7690.0,423000,0.18,↓,8303.0,7646.58,43.87,-52.42,13.6,676.43,83487270,0.17,8.5,★☆☆☆☆,OK
052260,현대바이오랜드,,4750.0,894440,0.44,↓,4420.75,3952.0,62.18,306.16,252.6,442.14,440733236,0.49,24.5,★★☆☆☆,OK
950250,테라뷰,,4080.0,416127,0.17,↓,3613.5,2741.98,61.91,400.42,354.63,478.93,49118148,0.19,9.5,★☆☆☆☆,OK
046440,KG파이낸셜,,4015.0,29584,0.72,↓,4099.0,4079.75,29.31,-31.63,-21.91,68.57,289066514,0.41,20.5,★☆☆☆☆,OK
264660,씨앤지하이테크,,14890.0,25946,0.82,↓,13833.5,13204.17,82.65,467.56,316.82,591.07,62006239,0.44,22.0,★★☆☆☆,OK
105330,케이엔더블유,,8900.0,78506,0.16,↑,8044.0,7019.67,68.52,497.59,410.6,611.43,33514403,0.15,7.5,★☆☆☆☆,OK
256940,킵스파마,,7290.0,25527,0.52,↑,6259.5,5943.33,77.06,366.66,216.91,367.14,51720232,0.36,18.0,★☆☆☆☆,OK
049960,쎌바이오텍,,15520.0,4575,0.63,↑,15390.5,15456.17,46.98,-45.4,-59.83,428.57,6996828,0.92,46.0,★★★☆☆,OK
232680,라온로보틱스,,10980.0,71270,0.67,↓,10044.5,9432.5,79.21,405.42,281.94,550.36,85791088,0.42,21.0,★★☆☆☆,OK
101970,우양에이치씨,,9720.0,134471,12.26,↓,9847.0,9966.5,50.29,-99.55,-134.48,745.71,1878023,13.58,100.0,★★★★★,OK
115310,인포바인,,9590.0,3356,0.69,↓,9513.0,8368.0,47.34,230.59,286.32,455.71,55614720,0.87,43.5,★★★☆☆,OK
023600,삼보판지,,9080.0,15039,1.71,↑,9142.5,8923.5,51.18,-23.24,2.62,210.0,46754841,1.96,98.0,★★★★★,OK
147830,제룡산업,,7250.0,109801,0.97,↓,7060.5,6754.83,65.0,105.2,84.4,210.0,708597090,1.06,53.0,★★★☆☆,OK
083500,에프엔에스테크,,16880.0,662993,7.02,↑,12552.0,12455.5,98.44,946.22,443.46,877.14,79620267,0.33,16.5,★☆☆☆☆,OK
469610,이노테크,,15870.0,26683,0.31,↓,15766.0,14610.83,51.63,189.99,195.33,775.71,-5049764,0.4,20.0,★☆☆☆☆,OK
048870,시너지이노베이션,,1600.0,136559,0.62,→,1556.9,1594.97,67.59,-1.02,-12.65,57.93,872713624,0.62,31.0,★★☆☆☆,OK
071280,로체시스템즈,,9070.0,103320,0.7,↑,7705.5,6919.5,89.14,572.16,408.05,474.29,118040873,0.23,11.5,★☆☆☆☆,OK
212560,네오오토,,10360.0,99200,0.33,↓,10763.0,10435.0,48.18,66.56,77.68,605.0,272080314,0.3,15.0,★☆☆☆☆,OK
228850,레이언스,,8330.0,57855,0.78,↓,7826.0,6920.0,67.13,375.91,368.92,562.86,13744206,0.77,38.5,★★☆☆☆,OK
037070,파세코,,6920.0,88002,1.51,↑,6411.5,6348.83,87.16,195.37,143.89,197.86,382892496,0.6,30.0,★★☆☆☆,OK
089600,KT나스미디어,,12430.0,4710,0.26,↑,12584.5,11773.83,32.54,-17.98,54.31,366.43,14068375,0.2,10.0,★☆☆☆☆,OK
005990,매일홀딩스,,10300.0,8037,2.52,↓,10759.5,10726.83,27.21,-102.75,-42.79,358.57,18117739,1.33,66.5,★★★★☆,OK
115500,케이씨에스,,11410.0,286997,0.4,↓,10425.0,9088.83,58.11,663.89,533.97,915.0,541026928,0.5,25.0,★★☆☆☆,OK
052860,아이앤씨,,7710.0,55259,0.71,↑,7183.5,5639.0,65.18,461.22,480.52,502.14,113888658,0.65,32.5,★★☆☆☆,OK
054920,한컴위드,,4855.0,1033290,0.32,↓,4672.25,3946.75,42.51,297.31,289.94,457.86,667885281,0.4,20.0,★☆☆☆☆,OK
0007C0,아크릴,,17030.0,111901,0.35,↓,18485.0,16707.17,43.26,383.84,607.01,1917.86,20146890,0.33,16.5,★☆☆☆☆,OK
265740,엔에프씨,,7780.0,278973,0.5,↑,7287.0,6528.92,60.98,244.98,239.02,498.57,96067559,0.59,29.5,★★☆☆☆,OK
060150,인선이엔티,,2990.0,20875,0.62,→,2928.0,3020.08,52.94,-12.01,-32.2,88.21,171527842,0.79,39.5,★★☆☆☆,OK
059120,아진엑스텍,,7440.0,274458,0.53,↓,7309.5,6604.75,55.02,244.53,238.61,343.57,592575406,0.73,36.5,★★☆☆☆,OK
148150,세경하이테크,,3830.0,46651,0.79,↓,4083.75,3562.5,32.18,45.06,103.22,165.36,179808306,0.58,29.0,★★☆☆☆,OK
321550,티움바이오,,4595.0,109369,1.12,↓,4602.75,4379.83,49.01,53.44,48.98,298.21,145850236,1.44,72.0,★★★★☆,OK
172670,에이엘티,,15120.0,151341,1.74,↑,12899.5,10734.83,75.15,1132.88,933.77,985.71,52287598,1.3,65.0,★★★★☆,OK
126640,화신정공,,3795.0,459247,0.58,↓,3924.0,4113.17,51.05,-116.03,-113.14,205.71,1281317133,0.54,27.0,★★☆☆☆,OK
035610,솔본,,4965.0,93613,1.5,↑,5042.0,4852.83,46.06,11.26,49.08,190.0,428854181,1.6,80.0,★★★★☆,OK
003100,선광,,20450.0,4743,0.8,→,20490.0,20335.0,56.52,-23.57,-7.54,353.57,18267456,0.82,41.0,★★★☆☆,OK
114840,아이패밀리에스씨,,8040.0,57765,2.17,↓,8448.0,8621.67,37.2,-178.64,-159.69,240.0,14001650,1.57,78.5,★★★★☆,OK
387690,레메디,,17320.0,428252,0.25,↓,17899.5,,52.76,1108.92,1267.55,2218.57,41141781,0.21,10.5,★☆☆☆☆,OK
217190,제너셈,,10200.0,1361677,5.55,↑,7457.5,6211.58,94.91,764.17,545.55,663.57,142824585,0.85,42.5,★★★☆☆,OK
297090,씨에스베어링,,4865.0,47042,0.43,↓,4667.5,4100.0,51.83,210.64,197.05,240.71,317547403,0.63,31.5,★★☆☆☆,OK
136540,윈스테크넷,,10800.0,15030,0.92,↓,10821.5,10607.5,43.62,70.66,70.2,351.43,33113928,1.09,54.5,★★★☆☆,OK
095700,제넥신,,2885.0,182019,0.73,↑,2840.75,2704.75,52.76,10.61,4.44,219.64,167464379,1.03,51.5,★★★☆☆,OK
240550,동방메디컬,,6310.0,58834,0.13,↓,6004.0,5899.83,68.53,138.04,94.31,355.71,102127820,0.12,6.0,★☆☆☆☆,OK
001540,안국약품,,10080.0,18813,0.63,↑,10085.5,10871.33,47.41,-196.15,-235.6,281.43,103945062,0.7,35.0,★★☆☆☆,OK
322510,제이엘케이,,5150.0,107008,0.66,↓,5018.0,5036.67,49.72,76.69,42.76,310.0,209985736,0.99,49.5,★★★☆☆,OK
038290,마크로젠,,12180.0,20372,1.4,↓,12134.0,12067.0,56.73,51.75,17.77,415.0,69424257,1.87,93.5,★★★★★,OK
047770,코데즈컴바인,,3515.0,264168,0.28,↓,3627.5,3197.08,48.24,26.49,68.84,231.43,1227911466,0.3,15.0,★☆☆☆☆,OK
457550,우진엔텍,,14130.0,0,,→,14241.0,14129.17,46.55,-33.05,-47.55,4495.71,123203971,,,☆☆☆☆☆,Data Missing
419050,삼기에너지솔루션즈,,2305.0,24750661,5.41,↑,1725.45,1573.65,79.27,101.09,61.18,166.43,434383169,3.35,100.0,★★★★★,OK
408920,메쎄이상,,3005.0,17786,0.97,→,2955.25,3026.17,51.08,-18.65,-35.92,102.86,30847512,1.28,64.0,★★★★☆,OK
285490,노바텍,,12340.0,25776,1.23,↓,12193.5,11705.5,55.26,185.75,148.59,359.29,85781374,1.71,85.5,★★★★★,OK
282880,코윈로보틱스,,11120.0,23655,0.52,↓,10688.5,10020.17,64.18,280.71,250.87,450.0,84352688,0.57,28.5,★★☆☆☆,OK
049720,고려신용정보,,9160.0,16439,0.95,↑,9096.5,9265.5,64.15,-21.61,-33.41,167.86,65027774,0.94,47.0,★★★☆☆,OK
039840,디오,,9650.0,35475,0.6,↓,10096.0,11348.83,31.93,-431.8,-488.95,399.29,39380089,0.44,22.0,★★☆☆☆,OK
140670,알에스오토메이션,,10210.0,42032,0.66,↓,10389.5,9873.83,45.53,94.86,103.75,492.14,284572286,0.69,34.5,★★☆☆☆,OK
009780,엠에스씨,,7330.0,7493,0.6,↓,6953.5,6675.67,73.48,159.02,93.12,203.57,47583027,0.5,25.0,★★☆☆☆,OK
072950,빛샘전자,,16010.0,810079,0.17,↓,13253.5,9812.67,71.3,1890.76,1645.49,1974.29,287355193,0.14,7.0,★☆☆☆☆,OK
0010S0,와이즈플래닛컴퍼니,,12740.0,1079197,,↓,,,,-8152.96,-5242.29,,-15685203,,,☆☆☆☆☆,Data Missing
451760,컨텍,,7900.0,77456,0.49,↓,7947.0,7549.0,57.57,208.68,197.76,695.0,95648148,0.54,27.0,★★☆☆☆,OK
094840,슈프리마에이치큐,,13150.0,18176,1.07,↓,12554.0,13040.83,69.61,135.54,14.27,580.71,127761475,1.0,50.0,★★★☆☆,OK
300080,플리토,,7860.0,48507,0.63,↓,8919.0,8373.5,28.67,-91.68,47.48,382.14,241141618,0.34,17.0,★☆☆☆☆,OK
402490,그린리소스,,7640.0,85705,0.46,↓,7131.5,6904.33,66.39,272.93,188.95,477.14,185505317,0.47,23.5,★★☆☆☆,OK
035080,그래디언트,,11580.0,42151,1.36,↑,11900.0,11013.0,32.57,-2.87,102.89,432.14,305998454,1.02,51.0,★★★☆☆,OK
417010,나노팀,,6390.0,148534,0.58,↓,6376.5,5557.5,54.82,151.28,174.46,488.57,173639435,0.68,34.0,★★☆☆☆,OK
037350,성도이엔지,,8400.0,136887,1.01,↓,7665.5,7670.83,80.0,235.83,108.14,342.86,104168728,0.62,31.0,★★☆☆☆,OK
259630,엠플러스,,10570.0,218253,2.14,↑,9509.0,9385.5,70.66,246.52,84.58,490.71,82974712,1.92,96.0,★★★★★,OK
222040,코스맥스엔비티,,6130.0,103312,0.42,↓,7211.0,7960.17,30.4,-475.01,-352.18,420.71,43455167,0.24,12.0,★☆☆☆☆,OK
0015N0,아로마티카,,9810.0,633949,0.56,↓,11322.5,8781.67,29.34,160.02,509.86,1030.71,38979649,0.36,18.0,★☆☆☆☆,OK
950190,고스트스튜디오,,9780.0,12272,0.09,↑,9851.0,9517.67,21.79,66.41,111.31,500.71,28877002,0.04,2.0,★☆☆☆☆,OK
290720,푸드나무,,3285.0,110690,1.52,↑,2944.25,2975.58,72.83,95.71,53.59,317.86,57632999,1.2,60.0,★★★☆☆,OK
080420,모다이노칩,,1599.0,3710,1.52,↑,1632.95,1577.85,41.98,-11.56,-3.84,73.14,305306433,1.46,73.0,★★★★☆,OK
036690,코맥스,,2885.0,0,,→,2885.0,2885.0,,-0.0,-0.0,2885.0,307001644,,,☆☆☆☆☆,Data Missing
053260,금강철강,,6580.0,191325,0.05,↓,7330.0,5885.5,36.68,219.7,363.95,764.29,465951856,0.04,2.0,★☆☆☆☆,OK
473980,노머스,,11300.0,120392,3.76,↑,10629.5,10924.17,60.47,-174.08,-244.28,425.0,8367196,4.58,100.0,★★★★★,OK
361390,제노코,,12720.0,55600,1.72,↓,12782.0,12696.33,56.19,142.86,111.83,790.0,30778460,1.99,99.5,★★★★★,OK
047310,파워로직스,,3440.0,355449,3.2,↑,3128.75,3033.67,81.51,74.83,42.65,142.14,535041645,1.82,91.0,★★★★★,OK
056090,시지메드텍,,5920.0,140829,3.08,↓,5949.25,5534.5,44.44,71.67,87.81,5159.29,42083261,1.76,88.0,★★★★★,OK
079960,동양이엔피,,16420.0,28418,1.21,↓,17050.5,18660.5,32.24,-490.94,-541.55,530.71,21390898,0.91,45.5,★★★☆☆,OK
166480,코아스템켐온,,2340.0,130024,1.34,↑,2188.5,2062.23,78.57,59.14,37.07,139.29,80598234,0.87,43.5,★★★☆☆,OK
086980,쇼박스,,1978.0,1878526,11.51,↑,1842.7,1952.65,52.78,-45.54,-55.04,75.79,1025897775,16.75,100.0,★★★★★,OK
321370,센서뷰,,1779.0,2800318,0.28,↓,1582.7,1399.32,66.91,153.14,125.11,246.93,659079392,0.26,13.0,★☆☆☆☆,OK
417030,니어스랩,,21900.0,686194,1.66,↓,30207.5,,37.33,-734.02,205.31,3546.43,1877725,1.07,53.5,★★★☆☆,OK
027710,팜스토리,,1113.0,69917,0.34,↑,1129.65,1090.65,33.33,1.7,7.01,24.93,3635295104,0.27,13.5,★☆☆☆☆,OK
105740,디케이락,,11780.0,1171711,2.42,↑,9025.0,7769.17,88.76,1041.47,681.04,745.0,152001002,0.82,41.0,★★★☆☆,OK
458650,성우,,8090.0,7779,0.93,↑,7706.0,7871.67,69.17,8.42,-66.58,250.71,19223233,0.89,44.5,★★★☆☆,OK
293580,나우IB,,1286.0,205644,0.35,↑,1282.65,1359.85,69.23,-32.53,-40.92,97.64,1017787317,0.28,14.0,★☆☆☆☆,OK
108230,톱텍,,3160.0,60236,0.22,↓,3233.5,3091.75,43.66,15.27,24.49,146.07,198533509,0.22,11.0,★☆☆☆☆,OK
418420,라온텍,,3945.0,113164,0.8,↓,4118.75,3839.75,47.27,46.59,66.96,308.21,284026670,0.84,42.0,★★★☆☆,OK
331920,셀레믹스,,10440.0,79666,1.35,↑,11590.0,10828.17,29.78,-406.28,-214.86,1114.29,68873647,0.73,36.5,★★☆☆☆,OK
073010,케이에스피,,3015.0,151816,0.22,↓,3309.75,2942.25,26.09,41.42,96.01,171.79,385789321,0.13,6.5,★☆☆☆☆,OK
299030,하나기술,,15200.0,56235,1.42,↓,14240.5,13618.17,65.17,392.53,166.67,716.43,38831500,1.51,75.5,★★★★☆,OK
211270,AP위성,,8070.0,236450,1.75,↓,8945.5,8208.67,42.76,138.02,228.26,629.29,351398035,1.39,69.5,★★★★☆,OK
039560,다산네트웍스,,2765.0,324830,0.85,↓,2569.25,2442.75,66.28,103.62,64.28,180.0,352012020,0.86,43.0,★★★☆☆,OK
308080,바이젠셀,,5840.0,63309,0.59,↓,6017.5,5737.42,35.29,-64.96,-48.61,420.71,115885237,0.47,23.5,★★☆☆☆,OK
053080,케이엔솔,,9190.0,33571,0.81,↓,8983.0,8773.67,60.73,119.36,55.38,478.57,128296000,0.97,48.5,★★★☆☆,OK
101170,우림피티에스,,8810.0,41745,0.66,↓,8519.5,8027.17,52.25,195.92,142.88,448.21,628766927,0.96,48.0,★★★☆☆,OK
095190,신화프리텍,,1856.0,68417,0.74,↓,1871.1,1912.1,48.1,-6.13,-8.75,87.21,660419660,0.82,41.0,★★★☆☆,OK
115440,우리넷,,10910.0,374203,0.13,↓,10256.5,8158.0,64.84,1051.77,1026.47,1249.29,292031637,0.13,6.5,★☆☆☆☆,OK
297890,HB솔루션,,1633.0,176125,0.65,↓,1633.55,1667.18,39.58,-14.34,-19.75,65.07,281738458,0.59,29.5,★★☆☆☆,OK
474610,RF시스템즈,,8130.0,61424,0.69,↓,7617.0,6994.58,72.07,336.92,273.08,492.14,161133059,0.58,29.0,★★☆☆☆,OK
336680,탑런토탈솔루션,,3030.0,10306,0.56,↑,2973.25,2699.33,56.63,68.95,74.38,113.93,18343122,0.66,33.0,★★☆☆☆,OK
443670,에스피소프트,,4945.0,588003,0.22,↓,4881.25,3711.92,47.79,327.21,384.19,451.07,305556878,0.27,13.5,★☆☆☆☆,OK
338840,와이바이오로직스,,7660.0,52129,2.01,↓,8368.5,9088.67,34.44,-271.82,-297.74,456.43,73556703,1.57,78.5,★★★★☆,OK
021320,KCC건설,,5540.0,25401,1.07,↓,5853.5,5621.17,26.42,-9.27,44.66,300.71,40278766,0.54,27.0,★★☆☆☆,OK
067990,도이치모터스,,4040.0,64445,1.32,↑,3844.5,3833.42,84.62,52.79,25.58,86.07,108330390,0.64,32.0,★★☆☆☆,OK
008830,대동기어,,6100.0,198735,0.71,↓,6308.0,6496.32,47.97,-42.71,-58.49,236.43,690194166,0.79,39.5,★★☆☆☆,OK
129920,대성하이텍,,6980.0,141711,0.81,↓,5889.75,5452.58,81.79,460.0,291.69,589.29,171688306,0.44,22.0,★★☆☆☆,OK
255440,야스,,9100.0,101665,1.33,↑,7509.5,7161.58,90.07,446.6,254.6,483.57,73086182,0.4,20.0,★☆☆☆☆,OK
041590,플래스크,,2370.0,0,,→,2370.0,2370.0,,-0.0,-0.0,2370.0,69446925,,,☆☆☆☆☆,Data Missing
138360,앤로보틱스,,1321.0,718072,1.09,↓,1595.85,1775.63,15.66,-110.37,-79.57,87.93,467420541,0.32,16.0,★☆☆☆☆,OK
290740,액트로,,11450.0,20278,0.32,↑,12300.5,9713.67,29.35,230.21,533.91,898.57,47861843,0.21,10.5,★☆☆☆☆,OK
411080,샌즈랩,,7760.0,1473098,0.55,↑,6450.5,4792.5,59.53,837.3,701.32,779.29,348262009,0.65,32.5,★★☆☆☆,OK
396470,워트,,7140.0,71495,0.65,↓,6849.5,6175.83,66.1,228.84,207.38,258.57,216262089,0.68,34.0,★★☆☆☆,OK
493330,지에프아이,,13830.0,62925,1.13,↑,12603.0,11415.33,62.22,249.43,136.05,798.57,4942843,1.29,64.5,★★★★☆,OK
017510,세명전기,,7490.0,93578,0.5,↓,7676.0,7207.5,53.81,100.26,124.97,362.14,762422173,0.53,26.5,★★☆☆☆,OK
474170,루미르,,6360.0,78353,1.1,↓,6936.0,6445.17,45.05,106.21,153.57,590.0,179105205,0.91,45.5,★★★☆☆,OK
333430,일승,,3680.0,113334,0.56,↓,3803.0,3737.17,46.46,-5.7,-1.45,191.43,852036163,0.49,24.5,★★☆☆☆,OK
049520,유아이엘,,3685.0,57052,1.55,↓,3788.0,3742.75,23.33,-22.15,-7.7,77.14,29832027,0.71,35.5,★★☆☆☆,OK
134580,엔키AX,,2270.0,571744,0.85,↓,3316.0,2383.97,11.39,-107.18,98.51,392.0,230619796,0.17,8.5,★☆☆☆☆,OK
311320,지오엘리먼트,,9000.0,43846,1.21,↑,8479.5,8224.17,66.77,130.97,62.84,532.14,85254851,1.21,60.5,★★★☆☆,OK
054050,NH농우바이오,,7010.0,11169,0.66,↓,7080.5,6920.67,47.06,51.91,63.64,127.86,40603590,0.73,36.5,★★☆☆☆,OK
125210,아모그린텍,,6730.0,387622,1.44,↑,6090.0,5822.08,70.76,207.19,137.62,458.57,205089193,1.26,63.0,★★★★☆,OK
063570,NICE인프라,,3300.0,6018,0.52,↓,3316.5,3265.83,41.67,-11.0,-10.91,95.0,304288308,0.51,25.5,★★☆☆☆,OK
217270,넵튠,,2455.0,51534,1.07,↑,2468.0,2411.75,35.14,-6.81,-6.71,128.93,258029521,0.86,43.0,★★★☆☆,OK
131030,옵투스제약,,6450.0,39391,1.05,→,5932.0,5767.58,77.62,181.42,100.5,290.0,164077854,0.72,36.0,★★☆☆☆,OK
217820,원익피앤이,,2340.0,251984,0.23,↓,2368.25,2052.75,43.5,80.3,88.71,132.14,285289014,0.23,11.5,★☆☆☆☆,OK
041440,현대에버다임,,6230.0,58357,1.04,↓,6646.0,6406.5,32.0,-30.81,24.27,200.71,537311979,0.64,32.0,★★☆☆☆,OK
209640,와이제이링크,,3895.0,448382,0.3,↓,3563.25,3335.5,66.08,183.65,135.6,391.43,319711545,0.3,15.0,★☆☆☆☆,OK
018120,진로발효,,16780.0,686,1.1,→,16718.0,16613.5,54.27,42.85,44.2,387.86,216925,1.38,69.0,★★★★☆,OK
338220,뷰노,,7940.0,174588,0.38,↓,6209.0,6896.33,73.98,576.63,217.82,703.93,73903523,0.29,14.5,★☆☆☆☆,OK
278650,HLB바이오스텝,,6310.0,5619620,5.64,↑,3012.75,2431.35,83.5,593.57,283.33,564.64,115890743,2.73,100.0,★★★★★,OK
334970,프레스티지바이오로직스,,1387.0,24272,0.15,↓,1460.35,1702.08,33.41,-87.49,-99.91,140.57,229804110,0.11,5.5,★☆☆☆☆,OK
122450,KX,,2495.0,31882,1.2,↓,2602.25,2640.17,28.4,-50.86,-38.2,156.07,87301860,0.64,32.0,★★☆☆☆,OK
317770,엑스페릭스,,2920.0,120808,0.75,↓,2654.75,2540.75,67.46,108.88,70.45,174.29,239088921,0.74,37.0,★★☆☆☆,OK
310200,애니플러스,,2095.0,311007,1.48,↓,2023.65,2370.47,63.09,-31.85,-72.11,93.5,536253126,1.46,73.0,★★★★☆,OK
051360,토비스,,11550.0,7252,0.62,↓,11761.5,11269.83,32.77,66.78,114.72,367.14,133483716,0.47,23.5,★★☆☆☆,OK
036630,세종텔레콤,,7790.0,961,0.11,→,8339.5,7806.17,27.9,-141.68,-75.45,517.86,639272721,0.06,3.0,★☆☆☆☆,OK
053350,이니텍,,4920.0,66086,1.05,↑,4534.0,4054.75,72.49,228.0,214.96,237.5,131453751,0.88,44.0,★★★☆☆,OK
090850,현대이지웰,,4830.0,45444,1.87,↓,4969.5,5328.42,27.08,-73.04,-76.29,83.93,49258592,1.19,59.5,★★★☆☆,OK
389020,자람테크놀로지,,15650.0,57154,0.49,↓,17405.0,19700.83,44.44,-1205.87,-1293.13,1039.29,54407610,0.49,24.5,★★☆☆☆,OK
123040,엠에스오토텍,,1736.0,54256,0.84,↑,1682.9,1655.97,62.94,-0.12,-5.43,84.71,664869910,0.95,47.5,★★★☆☆,OK
038540,상상인,,1966.0,8427,0.2,→,1946.15,2003.17,49.43,-15.63,-24.65,96.86,109057655,0.26,13.0,★☆☆☆☆,OK
201490,미투온,,3255.0,1106139,0.13,↓,3469.25,2648.62,34.77,181.74,271.59,315.36,994965992,0.1,5.0,★☆☆☆☆,OK
051980,중앙첨단소재,,9710.0,63761,0.62,↓,10313.5,10008.67,0.0,-36.41,36.83,7567.14,167464162,0.0,0.0,☆☆☆☆☆,OK
040300,YTN,,2265.0,58118,0.08,↓,2235.9,2086.72,16.36,50.81,57.54,175.0,420312960,0.03,1.5,★☆☆☆☆,OK
261780,아리바이오랩,,3695.0,511386,0.39,↑,3630.75,2796.8,49.02,205.6,244.35,436.07,321047296,0.48,24.0,★★☆☆☆,OK
036010,아비코전자,,8000.0,84517,0.85,↓,7365.5,6700.08,79.12,343.63,257.58,432.14,146422738,0.54,27.0,★★☆☆☆,OK
106190,하이텍팜,,10000.0,9673,0.47,→,10116.5,10774.5,34.62,-251.22,-288.85,337.86,33992616,0.38,19.0,★☆☆☆☆,OK
339950,아이비김영,,2370.0,11651,0.31,↓,2420.75,2630.83,34.43,-56.26,-61.89,161.79,526250199,0.24,12.0,★☆☆☆☆,OK
053700,삼보모터스,,4000.0,72459,0.78,↑,3941.0,3986.08,54.13,-10.26,-25.97,121.07,357988971,1.11,55.5,★★★☆☆,OK
039340,한국경제TV,,4815.0,1078,0.14,↓,4908.5,4860.83,16.67,-17.69,-2.14,86.07,152910079,0.05,2.5,★☆☆☆☆,OK
120240,대정화금,,14760.0,6667,0.99,↓,14769.0,14647.5,48.82,36.08,39.9,435.71,185102841,1.13,56.5,★★★☆☆,OK
242040,나무AX,,3075.0,202856,0.72,↓,3122.25,3416.67,52.4,-42.06,-71.44,221.07,1412284306,0.77,38.5,★★☆☆☆,OK
130580,나이스디앤비,,6810.0,23540,0.89,↓,6680.5,5908.33,69.92,273.01,291.63,232.14,19592227,0.72,36.0,★★☆☆☆,OK
439580,블루엠텍,,2425.0,4197246,2.09,↓,2628.25,2038.92,51.52,222.14,245.18,471.07,588129633,2.04,100.0,★★★★★,OK
067900,와이엔텍,,5770.0,10243,0.61,↓,5974.5,5985.33,30.3,-45.6,-29.27,158.57,98511402,0.36,18.0,★☆☆☆☆,OK
246710,티앤알바이오팹,,2165.0,107611,0.99,↓,2252.75,2350.25,39.42,-33.22,-34.47,179.64,142187385,0.86,43.0,★★★☆☆,OK
079650,서산,,5230.0,424502,0.14,↓,6358.5,5365.17,28.17,-93.24,101.0,462.14,323468887,0.07,3.5,★☆☆☆☆,OK
073560,우리손에프앤지,,1507.0,34916,0.63,→,1525.15,1519.35,27.52,-6.24,-3.35,29.36,692542460,0.34,17.0,★☆☆☆☆,OK
453450,그리드위즈,,13100.0,9666,0.57,↓,12918.0,13624.0,60.0,-110.41,-227.06,645.71,40305500,0.61,30.5,★★☆☆☆,OK
289930,웨이비스,,7920.0,41533,0.41,↓,7730.0,7202.67,59.55,300.71,276.92,440.0,21076164,0.5,25.0,★★☆☆☆,OK
0017J0,세미티에스,,3400.0,1142364,1.44,↑,2760.5,2854.5,85.78,134.71,14.95,219.79,-11584371,0.62,31.0,★★☆☆☆,OK
048910,대원미디어,,8200.0,506644,6.48,↑,6873.5,5712.42,94.61,455.37,387.82,424.29,97035796,1.06,53.0,★★★☆☆,OK
175250,아이큐어,,1670.0,80359,0.35,→,1706.05,2440.68,46.23,-198.16,-235.41,122.57,178763620,0.36,18.0,★☆☆☆☆,OK
100590,머큐리,,5870.0,847777,0.38,↑,4982.5,3932.67,70.35,512.11,413.13,573.57,481881161,0.33,16.5,★☆☆☆☆,OK
153890,져스텍,,8590.0,117432,0.32,↓,9963.5,9926.83,34.51,-549.42,-403.4,832.86,11282755,0.2,10.0,★☆☆☆☆,OK
235980,메드팩토,,3000.0,95098,0.84,↓,2868.75,2759.75,62.43,66.95,46.75,206.07,143699673,0.94,47.0,★★★☆☆,OK
136150,원일티엔아이,,12190.0,72825,0.29,↓,9295.5,7997.33,73.58,1200.8,695.03,1142.86,22832771,0.22,11.0,★☆☆☆☆,OK
091440,한울소재과학,,2765.0,131787,0.45,↓,2847.5,2893.25,52.72,-7.13,8.67,200.0,152773693,0.4,20.0,★☆☆☆☆,OK
475230,엔알비,,9300.0,57738,0.63,↓,10167.0,8883.5,16.2,14.14,185.91,631.43,8596494,0.23,11.5,★☆☆☆☆,OK
173130,오파스넷,,7890.0,77410,0.67,↑,7208.5,6319.83,79.01,474.11,426.99,360.0,270905622,0.43,21.5,★★☆☆☆,OK
306620,지아이에스,,2145.0,248808,0.66,↓,1986.25,1817.27,70.35,88.98,71.55,144.0,839440985,0.59,29.5,★★☆☆☆,OK
100700,세운메디칼,,2340.0,33291,0.48,↑,2366.25,2354.5,34.43,-17.12,-13.36,82.14,524481088,0.32,16.0,★☆☆☆☆,OK
091120,이엠텍,,5910.0,42682,1.15,↑,5193.5,4544.75,71.84,315.7,253.49,382.14,42029621,0.97,48.5,★★★☆☆,OK
059210,메타바이오메드,,3790.0,67836,0.96,↑,3762.75,3850.83,55.43,-36.82,-47.16,151.07,530753379,1.15,57.5,★★★☆☆,OK
307930,컴퍼니케이,,6500.0,15938,0.29,↑,6203.0,6131.17,73.53,96.14,64.52,311.43,342152348,0.23,11.5,★☆☆☆☆,OK
109740,디에스케이,,3855.0,16071,0.75,↓,4155.5,4355.67,21.89,-114.94,-97.56,318.57,64107828,0.3,15.0,★☆☆☆☆,OK
366030,나인앤컴퍼니,,4510.0,28200,0.5,→,4513.5,4708.0,57.55,-72.43,-88.99,260.0,436332216,0.48,24.0,★★☆☆☆,OK
045970,코아시아,,3835.0,90105,1.5,↓,3495.75,3083.92,80.53,197.63,167.35,213.07,203659931,0.89,44.5,★★★☆☆,OK
309960,LB인베스트먼트,,4320.0,20527,0.51,→,4273.5,4288.92,69.7,1.47,-9.33,160.36,89297109,0.48,24.0,★★☆☆☆,OK
323990,박셀바이오,,4365.0,54977,0.41,↑,4373.5,4222.67,47.95,4.41,5.54,285.36,328990443,0.44,22.0,★★☆☆☆,OK
033560,블루콤,,5900.0,53047,2.49,↑,4977.75,4713.58,75.62,285.22,178.21,353.57,87727196,1.83,91.5,★★★★★,OK
086960,MDS테크,,2365.0,352688,0.26,↓,2132.25,1999.65,71.09,107.76,75.11,157.14,1017314909,0.23,11.5,★☆☆☆☆,OK
0011A0,액스비스,,10520.0,133739,0.1,↓,11866.0,9827.0,35.82,354.62,578.95,987.14,-910174,0.08,4.0,★☆☆☆☆,OK
006620,동구바이오제약,,3540.0,30501,0.69,↓,3529.25,3660.25,54.88,-20.48,-35.11,139.64,202635963,0.84,42.0,★★★☆☆,OK
246720,아스타,,6070.0,0,,→,6070.0,6070.0,,-0.04,-0.06,6070.0,44643536,,,☆☆☆☆☆,Data Missing
088130,동아엘텍,,5600.0,68925,0.95,↓,5637.0,5376.33,44.36,43.69,55.98,291.43,178382975,0.96,48.0,★★★☆☆,OK
357580,아모센스,,8540.0,211354,0.49,↑,6828.0,6028.0,97.75,707.23,517.0,795.0,170857349,0.03,1.5,★☆☆☆☆,OK
097800,윈팩,,3600.0,1277883,0.99,↓,2668.05,2146.47,76.9,453.09,319.76,360.36,180170559,0.67,33.5,★★☆☆☆,OK
063170,서울옥션,,5530.0,18129,0.84,↓,5739.0,5474.17,33.96,-30.44,12.35,312.14,187636107,0.65,32.5,★★☆☆☆,OK
352090,스톰테크,,3640.0,25419,0.49,↓,3672.25,3618.92,53.66,2.39,8.22,125.36,-11725575,0.53,26.5,★★☆☆☆,OK
250060,모비스,,3050.0,132098,0.73,↓,3094.5,2865.83,51.94,56.26,60.17,163.21,1171438744,0.8,40.0,★★☆☆☆,OK
049950,미래컴퍼니,,11270.0,19187,1.08,↓,10834.0,10446.33,67.86,184.46,123.7,465.71,63480261,1.07,53.5,★★★☆☆,OK
099750,이지케어텍,,7120.0,13575,0.08,↓,7125.0,6752.17,55.32,137.71,145.09,582.14,39753411,0.08,4.0,★☆☆☆☆,OK
192410,오늘이엔엠,,3935.0,257725,3.36,↑,4030.5,4250.08,36.93,-279.16,-254.84,447.5,63204019,2.23,100.0,★★★★★,OK
037030,파워넷,,3810.0,250631,0.57,↓,3611.25,3529.75,63.48,135.25,89.27,267.14,952442905,0.62,31.0,★★☆☆☆,OK
123010,MSDI,,4805.0,486549,1.25,↑,3461.75,2784.15,78.1,552.09,403.17,504.64,477724760,0.79,39.5,★★☆☆☆,OK
322180,LS티라유텍,,4485.0,79434,1.26,↓,4161.75,4098.83,69.2,103.28,40.86,226.07,111731895,1.18,59.0,★★★☆☆,OK
100130,동국S&C,,1695.0,11911265,5.72,↑,1473.95,1463.57,82.62,56.58,28.54,131.57,632802115,2.95,100.0,★★★★★,OK
412350,레이저쎌,,6620.0,361773,0.85,↓,5678.5,4794.92,73.7,569.63,466.1,618.21,321545334,0.65,32.5,★★☆☆☆,OK
021080,에이티넘인베스트,,2025.0,95582,0.72,↓,2104.75,2170.8,31.03,-44.64,-40.05,53.57,1633194078,0.44,22.0,★★☆☆☆,OK
066790,씨씨에스,,2205.0,0,,→,2205.0,2205.0,,0.0,0.0,2205.0,983338171,,,☆☆☆☆☆,Data Missing
475580,에이럭스,,7110.0,49442,0.22,↓,7415.0,7274.0,26.12,-23.9,8.03,285.71,169373004,0.11,5.5,★☆☆☆☆,OK
298540,더네이쳐홀딩스,,6720.0,10264,0.76,↑,6659.5,6594.67,48.42,10.61,15.61,237.14,7615123,1.0,50.0,★★★☆☆,OK
182360,큐브엔터,,6210.0,12311,0.66,↓,6385.0,5840.17,42.37,135.75,186.31,505.71,142528056,0.62,31.0,★★☆☆☆,OK
042500,링네트,,4310.0,94692,1.31,↑,4262.5,4256.0,48.54,-7.23,-18.34,148.21,788933589,1.97,98.5,★★★★★,OK
348350,위드텍,,9760.0,29173,1.23,→,9446.5,9398.67,70.35,85.45,46.31,600.0,52559433,1.1,55.0,★★★☆☆,OK
052900,KX하이텍,,1259.0,778462,1.04,↑,1096.05,1085.23,91.06,54.02,31.59,79.57,1418125450,0.28,14.0,★☆☆☆☆,OK
109670,씨싸이트,,16370.0,302957,1.3,↓,10684.5,6138.92,85.54,3253.25,2649.25,3130.0,26145355,0.5,25.0,★★☆☆☆,OK
357880,SKAI,,1736.0,370463,0.52,↓,1827.05,2007.4,43.0,-46.01,-46.96,133.79,659544872,0.5,25.0,★★☆☆☆,OK
307870,비투엔,,1287.0,643494,1.08,↑,1244.9,1063.93,60.98,32.42,36.99,91.29,257831317,1.1,55.0,★★★☆☆,OK
068240,다원시스,,2530.0,0,,→,2530.0,2530.0,,-0.0,-0.01,2530.0,83232363,,,☆☆☆☆☆,Data Missing
362320,청담글로벌,,4505.0,114012,1.2,↑,4350.5,4665.17,52.41,-98.6,-118.08,226.07,352154335,1.52,76.0,★★★★☆,OK
223250,드림씨아이에스,,3880.0,378078,0.62,↑,3453.0,3278.33,68.58,116.61,59.64,311.07,187026961,0.58,29.0,★★☆☆☆,OK
085670,뉴프렉스,,3875.0,303372,0.87,↑,3232.0,3066.33,84.78,201.13,118.07,266.43,459181983,0.4,20.0,★☆☆☆☆,OK
187790,나노,,3085.0,48128,0.21,↓,3093.5,3021.0,53.92,22.52,9.12,243.93,456432485,0.25,12.5,★☆☆☆☆,OK
002230,피에스텍,,5140.0,25284,0.69,↓,5113.75,5031.83,55.91,20.07,9.02,210.0,59538405,0.94,47.0,★★★☆☆,OK
017650,대림제지,,10800.0,0,,→,10793.5,10198.83,44.44,96.74,133.19,9278.57,338347198,,,☆☆☆☆☆,Data Missing
036220,오상헬스케어,,6780.0,37577,0.12,↑,6563.0,6517.33,41.45,-7.78,-26.26,445.0,87298137,0.15,7.5,★☆☆☆☆,OK
052420,오성첨단소재,,9600.0,20111,0.89,↓,9734.0,9386.83,37.98,27.89,66.75,345.0,305029446,0.78,39.0,★★☆☆☆,OK
101330,모베이스,,4100.0,172596,1.95,↑,3633.25,3475.42,72.54,128.57,64.11,204.64,366820147,1.63,81.5,★★★★★,OK
032300,한국파마,,8440.0,128477,0.66,→,7693.5,7704.83,68.21,180.42,22.5,593.57,189546848,0.63,31.5,★★☆☆☆,OK
074430,아미노로직스,,1052.0,25551,0.22,↑,1055.6,1077.23,44.8,-15.15,-16.65,54.71,1188656971,0.22,11.0,★☆☆☆☆,OK
189330,씨이랩,,9900.0,354481,1.32,↓,11124.0,11798.83,35.06,-540.3,-466.73,804.64,72392001,0.86,43.0,★★★☆☆,OK
282720,금양그린파워,,7650.0,13404,0.75,↓,7575.0,7412.67,51.71,50.49,26.03,395.71,213074028,1.1,55.0,★★★☆☆,OK
246960,SCL사이언스,,2780.0,302576,1.83,↑,2522.75,2095.67,69.29,178.8,164.47,289.29,104803237,1.63,81.5,★★★★★,OK
205100,엑셈,,1380.0,0,,↓,1364.35,1394.42,60.1,11.09,7.38,178.64,1006713936,,,☆☆☆☆☆,Data Missing
330350,위더스제약,,7040.0,72735,0.25,↓,7362.5,7227.83,27.35,-118.68,-89.09,262.14,190001931,0.13,6.5,★☆☆☆☆,OK
432470,케이엔에스,,10420.0,161286,0.53,↑,10105.5,8860.83,56.02,303.86,345.49,693.57,54230170,0.61,30.5,★★☆☆☆,OK
040420,정상제이엘에스,,5830.0,22735,1.99,→,5826.0,5808.17,57.14,7.15,7.74,68.57,3822784,2.36,100.0,★★★★★,OK
109610,에스와이,,1867.0,89649,1.03,↓,1906.75,1897.47,44.12,-11.12,-7.44,77.5,1172114229,0.87,43.5,★★★☆☆,OK
053580,웹케시,,7060.0,9809,1.05,↓,7051.0,6846.67,47.71,45.15,40.1,387.14,101587076,1.52,76.0,★★★★☆,OK
044990,에이치엔에스하이텍,,11780.0,2765,0.24,→,11045.0,11227.67,68.98,139.25,-16.49,692.86,339408,0.23,11.5,★☆☆☆☆,OK
005860,한일사료,,2305.0,238328,0.28,↓,2388.5,2414.33,29.58,-26.66,-18.55,72.14,2410623637,0.16,8.0,★☆☆☆☆,OK
089230,THE E&M,,2270.0,1023092,3.19,↑,1972.9,1862.25,71.29,28.9,15.44,200.86,129280106,2.69,100.0,★★★★★,OK
023900,풍국주정,,7240.0,3132,0.28,↑,7309.0,7285.33,40.46,-40.04,-28.45,350.0,170991139,0.22,11.0,★☆☆☆☆,OK
093920,서원인텍,,4825.0,35096,3.97,→,4849.0,4850.0,47.06,-9.11,-6.51,131.79,33394768,3.64,100.0,★★★★★,OK
047560,이스트소프트,,7710.0,27205,0.71,↓,7776.5,7794.33,47.01,30.44,-9.92,522.86,207799864,0.75,37.5,★★☆☆☆,OK
380550,뉴로핏,,7320.0,116397,0.59,↓,7373.0,7741.83,55.16,27.84,-50.52,692.86,135755503,0.58,29.0,★★☆☆☆,OK
062970,한국첨단소재,,3020.0,1475352,0.23,↓,2826.7,2509.77,39.38,186.55,169.11,302.5,418564839,0.26,13.0,★☆☆☆☆,OK
323350,다원넥스뷰,,11290.0,387121,3.94,↑,9030.0,8269.17,73.71,623.0,428.54,1050.71,11435898,3.03,100.0,★★★★★,OK
142280,녹십자엠에스,,3675.0,8812093,3.91,↑,3292.0,2951.42,60.73,176.52,118.75,292.86,589836276,4.55,100.0,★★★★★,OK
234030,싸이닉솔루션,,3725.0,270657,0.52,↓,3367.5,3167.33,75.36,193.42,144.21,343.21,330361463,0.38,19.0,★☆☆☆☆,OK
013310,아진산업,,2280.0,54945,0.72,↓,2300.75,2438.5,48.28,-31.55,-42.93,61.43,1725514992,0.81,40.5,★★☆☆☆,OK
054540,삼영엠텍,,6850.0,114992,1.41,↓,6764.5,6580.17,56.5,95.99,59.76,390.0,470527558,1.86,93.0,★★★★★,OK
009300,삼아제약,,14000.0,265,0.23,↑,14018.5,13420.67,46.9,77.03,116.17,469.29,17147421,0.25,12.5,★☆☆☆☆,OK
251120,바이오에프디엔씨,,10260.0,33372,1.99,↑,9197.0,8675.0,75.95,354.01,251.19,600.0,13820485,1.45,72.5,★★★★☆,OK
048530,인트론바이오,,2885.0,97571,1.39,↑,2849.75,2712.42,49.07,30.58,36.82,165.0,255150292,1.81,90.5,★★★★★,OK
226400,오스테오닉,,4215.0,43188,0.41,↑,4129.0,4410.33,59.76,-45.72,-75.1,209.29,95075457,0.44,22.0,★★☆☆☆,OK
033290,로젠,,1561.0,60213,3.28,↑,1528.6,1544.5,54.75,-0.66,-3.71,59.21,201647567,4.58,100.0,★★★★★,OK
457370,한켐,,10690.0,278420,0.12,↓,10162.0,8473.0,64.22,683.45,720.55,1237.86,68933279,0.11,5.5,★☆☆☆☆,OK
900260,로스웰,,1898.0,11892,0.3,↓,1932.1,1747.55,43.6,44.73,57.2,178.5,438348037,0.29,14.5,★☆☆☆☆,OK
004650,창해에탄올,,9500.0,16778,1.46,↑,9338.0,9335.83,60.66,14.25,-6.1,198.57,103311273,1.8,90.0,★★★★★,OK
065450,빅텍,,2960.0,298267,0.31,↓,2919.75,2924.42,62.9,37.01,25.86,175.36,2954968779,0.35,17.5,★☆☆☆☆,OK
117670,알파칩스,,13070.0,769108,3.86,↑,10976.0,9343.33,63.41,709.57,564.82,1220.71,4986871,4.13,100.0,★★★★★,OK
357230,에이치피오,,2115.0,16086,0.68,↓,2124.0,2148.83,55.1,-3.43,-3.87,120.71,53833205,0.69,34.5,★★☆☆☆,OK
394420,리센스메디컬,,7870.0,145234,1.7,↓,9238.5,10577.0,33.98,-617.39,-563.16,777.86,6257494,1.05,52.5,★★★☆☆,OK
086710,선진뷰티사이언스,,7100.0,10371,1.76,↑,6889.5,7351.83,62.75,-108.58,-168.07,299.29,106627797,1.76,88.0,★★★★★,OK
330730,스톤브릿지벤처스,,4760.0,17850,0.65,↑,4662.25,4703.25,69.39,-27.94,-42.45,158.21,134813930,0.62,31.0,★★☆☆☆,OK
478560,블랙야크아이앤씨,,3460.0,51868,1.05,↑,3222.25,2897.08,69.1,115.02,104.44,267.86,47108712,0.96,48.0,★★★☆☆,OK
096240,크레버스,,8450.0,3710,0.61,↓,8542.5,8518.0,30.68,-35.33,-23.95,250.0,14810616,0.36,18.0,★☆☆☆☆,OK
066590,스모트로닉,,2205.0,130244,1.74,↓,2329.25,2504.75,23.46,-63.99,-61.5,85.0,1035982801,0.79,39.5,★★☆☆☆,OK
078140,대봉엘에스,,7630.0,24774,0.86,↓,7557.0,7789.33,56.91,-43.32,-75.27,339.29,224223260,0.99,49.5,★★★☆☆,OK
187420,HLB제넥스,,2450.0,4664174,7.27,↑,1936.2,1809.7,70.81,96.75,49.0,258.07,166438996,6.14,100.0,★★★★★,OK
048550,SM C&C,,903.0,2407375,5.09,↓,1056.9,1310.62,22.9,-73.97,-72.28,89.07,1633382771,2.12,100.0,★★★★★,OK
234300,에스트래픽,,3130.0,18610,0.11,↓,3164.25,2947.08,47.24,47.44,60.61,189.64,291697852,0.12,6.0,★☆☆☆☆,OK
303810,동국생명과학,,2665.0,770260,0.2,↓,2579.0,2422.25,58.8,127.07,124.63,299.64,58298671,0.24,12.0,★☆☆☆☆,OK
037760,쎄니트,,2550.0,51583,1.23,↑,2423.75,2404.0,64.79,34.38,18.29,126.43,237486649,1.32,66.0,★★★★☆,OK
263720,디앤씨미디어,,6790.0,9845,1.32,↓,6979.0,6989.33,31.63,-77.8,-65.75,399.29,43832679,0.79,39.5,★★☆☆☆,OK
072020,중앙백신,,9200.0,7808,1.09,→,9204.0,9234.17,47.92,-15.26,-21.08,235.0,20830949,1.22,61.0,★★★★☆,OK
147760,피엠티,,4460.0,793180,3.86,↑,3554.25,3411.5,84.2,245.29,148.39,380.0,176633691,1.8,90.0,★★★★★,OK
052460,아이크래프트,,5840.0,149873,0.7,↓,5855.25,5452.17,49.72,144.24,150.96,422.14,675824916,0.78,39.0,★★☆☆☆,OK
006140,피제이전자,,5640.0,375729,1.34,↑,4789.0,4726.0,73.06,206.02,51.91,328.21,97127959,1.09,54.5,★★★☆☆,OK
094860,네오리진,,1584.0,47636,0.45,↑,1523.9,1401.58,58.45,46.48,43.55,128.0,181020109,0.55,27.5,★★☆☆☆,OK
038110,에코플라스틱,,2045.0,85761,0.61,↓,2031.7,1983.12,57.21,12.18,9.33,65.93,2012417666,0.81,40.5,★★☆☆☆,OK
198440,강동씨앤엘,,1382.0,561780,0.25,↓,1733.75,1492.02,21.95,-55.37,4.15,105.71,1715274571,0.1,5.0,★☆☆☆☆,OK
291650,츌립앤사이언스,,2755.0,77827,1.46,↑,1942.55,1884.52,91.32,239.58,119.22,279.43,40974528,0.37,18.5,★☆☆☆☆,OK
049180,셀루메드,,1009.0,0,,→,1009.0,1009.0,,-0.01,-0.01,1009.0,2283802309,,,☆☆☆☆☆,Data Missing
183490,엔지켐생명과학,,990.0,0,,→,990.0,990.0,,-0.0,-0.01,990.0,161006480,,,☆☆☆☆☆,Data Missing
215100,로보로보,,4100.0,41197,0.68,↓,4118.0,4029.33,48.42,8.44,0.57,156.07,1989110803,0.89,44.5,★★★☆☆,OK
066700,테라젠이텍스,,2275.0,17757,0.33,↓,2188.75,2118.75,65.56,43.07,32.25,106.43,301341694,0.35,17.5,★☆☆☆☆,OK
058820,CMG제약,,562.0,0,,→,572.75,654.02,48.53,-19.91,-24.83,215.64,1843007334,,,☆☆☆☆☆,Data Missing
360070,탑머티리얼,,10280.0,13205,0.92,→,9172.0,8663.17,78.8,447.63,277.44,648.57,40803217,0.59,29.5,★★☆☆☆,OK
078890,가온그룹,,4490.0,37718,0.63,↓,4434.0,4241.83,57.69,64.1,51.21,193.93,358883457,0.82,41.0,★★★☆☆,OK
067000,조이시티,,1180.0,233186,0.36,↓,1145.05,1143.4,68.62,11.66,4.26,61.86,610556241,0.34,17.0,★☆☆☆☆,OK
036640,HRS,,5080.0,46985,1.64,↑,4996.5,4895.33,57.89,28.78,29.53,98.57,244541124,1.9,95.0,★★★★★,OK
388870,파로스아이바이오,,6350.0,52519,0.85,↑,5754.0,5400.92,66.38,238.23,156.16,412.86,126353808,0.86,43.0,★★★☆☆,OK
140070,서플러스글로벌,,2245.0,21683,0.33,↓,2154.9,1883.37,66.0,98.72,99.12,123.07,445086997,0.3,15.0,★☆☆☆☆,OK
025950,동신건설,,9830.0,21460,1.3,↓,10029.5,10452.33,44.44,-134.03,-164.41,372.86,189077245,1.34,67.0,★★★★☆,OK
294630,서남,,3090.0,100305,0.49,↓,3091.25,2846.25,56.82,61.07,69.88,148.93,560505468,0.48,24.0,★★☆☆☆,OK
162300,신스틸,,1975.0,204825,0.05,↓,2373.5,1874.1,19.55,1.94,75.5,173.64,433820664,0.02,1.0,★☆☆☆☆,OK
382840,원준,,5300.0,39695,0.59,↓,5138.75,4854.58,57.56,85.37,57.91,270.71,83879260,0.76,38.0,★★☆☆☆,OK
066980,한성크린텍,,1522.0,246230,0.84,↓,1505.4,1550.67,55.9,-5.52,-16.9,86.0,483738937,0.98,49.0,★★★☆☆,OK
107600,새빗켐,,14260.0,20304,1.07,↑,13862.0,14167.5,51.9,-224.66,-384.02,777.86,49192767,1.56,78.0,★★★★☆,OK
412540,제일엠앤에스,,3935.0,0,,→,3935.0,3935.0,,-0.0,-0.0,3935.0,17775366,,,☆☆☆☆☆,Data Missing
029480,광무,,1360.0,51242,0.61,↓,1427.85,1429.25,24.0,-25.53,-19.44,53.57,295288690,0.28,14.0,★☆☆☆☆,OK
104040,디에스엠,,3035.0,46567,1.06,↑,2611.5,2631.58,85.42,132.95,64.58,216.43,435571150,0.46,23.0,★★☆☆☆,OK
032540,TJ미디어,,3855.0,20540,2.12,↑,3788.5,3410.08,54.84,97.93,119.78,272.86,167839540,2.5,100.0,★★★★★,OK
046210,HLB파나진,,1774.0,6719226,8.49,↑,1245.35,1158.87,76.35,84.42,41.59,155.29,159522475,5.91,100.0,★★★★★,OK
185490,아이진,,1889.0,54245,0.62,↓,1969.85,1805.22,27.69,3.32,21.35,102.07,204895572,0.39,19.5,★☆☆☆☆,OK
131370,알서포트,,1516.0,46859,0.84,↑,1501.25,1491.65,45.74,-0.17,-3.12,50.57,1826009320,1.19,59.5,★★★☆☆,OK
063080,컴투스홀딩스,,12080.0,7024,0.34,↓,12249.5,12313.0,47.92,-93.79,-112.0,555.0,54929191,0.37,18.5,★☆☆☆☆,OK
302550,리메드,,2700.0,71841,3.37,↑,2646.25,2726.67,54.74,-22.2,-30.27,134.64,202956977,4.07,100.0,★★★★★,OK
054670,대한뉴팜,,5640.0,4190,0.35,↑,5560.0,5609.5,50.59,-19.79,-37.31,205.71,226047995,0.53,26.5,★★☆☆☆,OK
0015S0,페스카로,,8150.0,26016,0.1,↓,7962.0,7215.67,37.7,244.38,249.33,653.57,46758338,0.1,5.0,★☆☆☆☆,OK
277880,티에스아이,,4070.0,104969,2.41,↑,3638.75,3383.0,70.73,117.65,66.55,164.64,146269222,2.17,100.0,★★★★★,OK
381620,제닉스로보틱스,,5950.0,45397,1.03,↓,6046.5,5963.67,50.3,-0.99,-3.63,265.0,101778992,1.18,59.0,★★★☆☆,OK
418470,KT밀리의서재,,9300.0,14331,0.84,→,9432.5,9762.33,36.17,-110.65,-111.68,277.14,19235226,0.71,35.5,★★☆☆☆,OK
331380,포커스에이아이,,2160.0,35684,1.15,↑,2095.25,2053.13,53.49,22.77,14.49,120.14,79841424,1.62,81.0,★★★★★,OK
004590,한국가구,,5260.0,20355,0.74,↑,5227.0,5153.42,46.15,38.36,38.18,149.29,154517888,1.06,53.0,★★★☆☆,OK
104540,코렌텍,,5970.0,189871,0.84,↑,4452.5,4179.83,86.74,426.8,210.09,348.57,24639212,0.34,17.0,★☆☆☆☆,OK
137950,제이씨케미칼,,3560.0,54186,0.87,↓,3737.0,3418.75,38.69,-8.73,29.13,227.14,307763017,0.76,38.0,★★☆☆☆,OK
0117P0,피스피스스튜디오,,5560.0,35392,0.43,↑,5579.0,5456.83,53.27,0.54,-0.52,258.57,-11748770,0.54,27.0,★★☆☆☆,OK
079810,APS이노베이션,,3695.0,68510,1.19,↑,3702.75,3383.0,49.72,25.38,39.0,177.71,118192517,1.35,67.5,★★★★☆,OK
475430,키스트론,,4430.0,108069,0.83,↓,4293.0,4264.92,72.0,45.57,24.63,163.57,49682434,0.72,36.0,★★☆☆☆,OK
225530,HC보광산업,,2185.0,35144,3.37,↑,2121.5,2039.6,56.25,18.52,15.85,83.21,298632567,4.54,100.0,★★★★★,OK
263600,덕우전자,,4920.0,427251,0.69,↓,3876.75,3594.0,75.0,351.73,163.68,503.57,188469965,0.5,25.0,★★☆☆☆,OK
950130,엑세스바이오,,2260.0,87638,0.91,↑,2324.25,2322.08,33.82,-45.52,-41.12,145.71,994583947,0.58,29.0,★★☆☆☆,OK
365330,에스와이스틸텍,,1585.0,427289,0.91,↓,1602.2,1518.78,50.46,20.54,17.0,84.29,1014510770,1.2,60.0,★★★☆☆,OK
014950,삼익제약,,7850.0,290926,0.07,↓,9151.0,6550.92,21.44,359.11,691.32,841.79,108449706,0.03,1.5,★☆☆☆☆,OK
007820,엠엑스로보틱스,,3325.0,75447,0.68,↓,3502.5,3499.83,37.7,-77.04,-69.91,150.0,175460186,0.49,24.5,★★☆☆☆,OK
066430,아이로보틱스,,2010.0,197377,0.44,↓,2074.5,2100.17,47.22,-26.44,-22.02,105.0,329244227,0.39,19.5,★☆☆☆☆,OK
012790,신일제약,,6520.0,18632,1.13,↑,6188.5,5773.83,80.88,158.56,132.75,199.29,219910214,0.67,33.5,★★☆☆☆,OK
041910,폴라리스AI파마,,5910.0,44866,1.46,↑,5526.0,5441.0,66.67,97.12,51.62,218.57,309021927,1.5,75.0,★★★★☆,OK
058400,KNN,,5980.0,3852,0.17,→,6010.0,5540.5,48.11,69.84,94.64,282.14,297561735,0.19,9.5,★☆☆☆☆,OK
066310,큐에스아이,,8310.0,54040,0.51,↓,8049.5,7445.17,58.53,303.64,261.65,492.14,162878739,0.64,32.0,★★☆☆☆,OK
065510,휴비츠,,7190.0,20497,0.73,↑,6836.5,6904.33,68.1,52.81,-10.2,187.86,15351704,0.73,36.5,★★☆☆☆,OK
038680,에스넷,,3920.0,93578,1.34,↑,3769.0,3748.42,58.1,5.39,-18.18,162.5,499354359,1.73,86.5,★★★★★,OK
011320,유니크,,3960.0,40759,1.88,↓,3827.0,3768.83,72.53,51.78,30.76,182.5,752878228,1.58,79.0,★★★★☆,OK
084730,팅크웨어,,7030.0,12331,0.82,↑,6664.5,6513.33,74.34,127.4,85.2,250.71,71652841,0.65,32.5,★★☆☆☆,OK
047820,초록뱀미디어,,3180.0,19933,1.53,↓,3248.5,3185.42,42.01,-3.27,10.48,155.0,31365613234,1.23,61.5,★★★★☆,OK
389030,지니너스,,1960.0,267810,0.55,↓,2005.75,2043.95,50.72,19.28,11.4,182.93,309107412,0.59,29.5,★★☆☆☆,OK
302430,이노메트리,,7850.0,92535,0.18,↓,7747.0,6526.83,53.33,250.26,267.66,501.43,83718392,0.22,11.0,★☆☆☆☆,OK
000440,중앙에너비스,,12510.0,15500,0.16,↑,12691.0,12594.67,38.1,-10.94,20.77,650.71,226325364,0.12,6.0,★☆☆☆☆,OK
024880,케이피에프,,3850.0,30014,0.7,↓,3861.5,3813.25,45.45,10.1,9.47,189.64,332699031,0.85,42.5,★★★☆☆,OK
040910,아이씨디,,4150.0,7389,0.89,↓,4204.5,4235.67,44.0,-47.15,-53.34,308.93,82015757,0.87,43.5,★★★☆☆,OK
088390,이녹스,,8220.0,2332,0.48,↓,8153.5,7624.83,52.29,131.28,137.1,358.57,64334942,0.61,30.5,★★☆☆☆,OK
303360,프로티아,,5910.0,28150,0.49,↓,5493.5,5087.08,68.71,250.76,206.12,369.29,-3851051,0.46,23.0,★★☆☆☆,OK
389140,포바이포,,5450.0,28948,0.66,↓,5432.5,5118.42,53.68,104.04,103.12,280.0,257926090,0.93,46.5,★★★☆☆,OK
396270,넥스트칩,,2305.0,157826,0.28,↓,2269.0,2143.95,59.68,67.76,62.2,173.07,179756685,0.34,17.0,★☆☆☆☆,OK
049080,기가레인,,9050.0,151735,0.19,↓,9465.5,8801.0,54.26,266.25,340.66,867.14,164221543,0.19,9.5,★☆☆☆☆,OK
208140,정다운,,2330.0,110113,4.67,↑,2271.0,2254.0,63.33,3.95,0.66,45.36,554625294,5.37,100.0,★★★★★,OK
073640,테라사이언스,,654.0,0,,→,654.0,654.0,,-0.0,-0.0,654.0,381235235,,,☆☆☆☆☆,Data Missing
413390,엠오티,,6730.0,16386,1.06,↑,6484.5,6643.5,59.62,-55.99,-117.15,261.43,109610909,1.32,66.0,★★★★☆,OK
168330,내츄럴엔도텍,,2390.0,12608,1.18,→,2328.75,2084.63,62.71,68.45,73.35,79.64,49158933,1.19,59.5,★★★☆☆,OK
253840,수젠텍,,4545.0,427187,1.15,↓,4568.25,4294.0,49.57,70.53,68.83,225.36,725949006,1.52,76.0,★★★★☆,OK
170030,현대공업,,4975.0,13797,1.1,↑,4815.75,4807.17,63.64,30.34,4.82,165.0,638081622,1.24,62.0,★★★★☆,OK
041930,SY동아,,4950.0,10803,0.18,↓,5020.5,4790.42,41.23,18.6,36.6,141.79,394851612,0.17,8.5,★☆☆☆☆,OK
451250,삐아,,7280.0,3511,0.38,↓,7269.5,7340.17,51.24,-31.27,-54.06,285.0,121356642,0.5,25.0,★★☆☆☆,OK
124560,태웅로직스,,1950.0,20350,0.9,↓,1977.2,1918.27,38.64,2.52,7.6,69.36,751809994,0.81,40.5,★★☆☆☆,OK
149980,하이로닉,,4445.0,22497,1.34,↓,4659.75,4768.92,27.88,-108.13,-90.91,288.21,146139914,0.7,35.0,★★☆☆☆,OK
0007J0,인벤테라,,9340.0,68296,0.15,↓,10669.5,8761.83,48.48,387.95,750.83,1601.43,-10529992,0.15,7.5,★☆☆☆☆,OK
102370,케이옥션,,2915.0,21434,0.94,↑,2987.25,3079.42,34.94,-61.27,-53.93,137.86,277224128,0.63,31.5,★★☆☆☆,OK
089790,제이티,,7230.0,388338,2.62,↑,5782.75,4696.33,91.0,623.96,502.37,448.21,108307953,0.71,35.5,★★☆☆☆,OK
011370,서한,,3770.0,15255,0.82,↑,3768.75,3836.42,45.74,-30.29,-39.87,158.57,206393421,1.01,50.5,★★★☆☆,OK
012700,리드코프,,2935.0,4998,0.37,↑,2926.5,2972.17,51.35,-17.66,-20.5,161.79,143060593,0.48,24.0,★★☆☆☆,OK
030960,양지사,,4610.0,71401,2.95,↓,4764.25,4646.0,40.43,-6.54,21.01,211.07,270336053,2.28,100.0,★★★★★,OK
347890,엠엑스온,,4345.0,8870,0.69,↓,4337.5,4388.42,48.87,-31.51,-45.88,145.71,46669803,0.91,45.5,★★★☆☆,OK
451220,아이엠티,,9560.0,67483,1.93,↑,8515.5,8817.67,81.82,162.82,-13.28,548.57,69327257,1.06,53.0,★★★☆☆,OK
299660,셀리드,,2530.0,676668,0.53,↑,2439.5,1987.43,56.3,90.95,107.18,318.21,358609537,0.58,29.0,★★☆☆☆,OK
058630,엠게임,,3930.0,12978,0.29,↓,3968.75,4193.08,48.84,-42.97,-58.81,136.07,606903324,0.33,16.5,★☆☆☆☆,OK
263800,데이타솔루션,,4520.0,89617,0.69,↓,4684.0,5087.0,39.62,-98.37,-107.5,203.57,713816133,0.63,31.5,★★☆☆☆,OK
155650,와이엠씨,,3875.0,120400,1.64,↑,3368.0,3103.75,83.27,181.37,126.19,214.29,111391132,0.83,41.5,★★★☆☆,OK
371950,풍원정밀,,3085.0,518011,2.15,↓,3091.5,4075.42,53.81,-158.8,-239.25,437.86,59934417,2.09,100.0,★★★★★,OK
417790,트루엔,,7170.0,8347,0.62,↑,6868.0,6386.67,60.8,68.95,48.17,287.14,3393660,0.75,37.5,★★☆☆☆,OK
054620,APS,,3960.0,15082,0.2,↑,3833.75,3976.25,63.71,-1.11,-33.52,184.29,106477138,0.19,9.5,★☆☆☆☆,OK
060590,씨티씨바이오,,3030.0,61559,1.96,↓,3065.25,3030.08,47.83,-4.59,0.27,98.57,187748034,1.82,91.0,★★★★★,OK
010280,아이티센엔텍,,5720.0,62889,0.84,↓,5365.0,5173.92,63.16,131.64,74.56,467.14,119680117,0.92,46.0,★★★☆☆,OK
060570,드림어스컴퍼니,,4915.0,3561,0.13,↓,4888.5,4217.25,36.99,238.51,274.18,417.14,77732376,0.12,6.0,★☆☆☆☆,OK
137080,나래나노텍,,6770.0,142306,9.34,↑,6305.0,5955.17,70.75,88.1,49.07,433.57,106068370,8.22,100.0,★★★★★,OK
038460,바이오스마트,,2870.0,95008,0.9,→,2798.0,2747.17,66.36,37.9,31.01,108.21,640600067,0.93,46.5,★★★☆☆,OK
171120,라이온켐텍,,2020.0,19937,0.51,↓,2006.95,2016.68,54.19,2.21,-1.86,33.0,69196805,0.74,37.0,★★☆☆☆,OK
019550,SBI인베스트먼트,,920.0,189940,1.03,→,968.1,993.5,15.15,-26.8,-21.56,52.21,2281865476,0.3,15.0,★☆☆☆☆,OK
080010,이상네트웍스,,7300.0,886,0.33,↓,7407.5,7591.0,52.31,-46.99,-44.81,247.86,11439411,0.3,15.0,★☆☆☆☆,OK
020710,시공테크,,3640.0,35166,0.12,↑,3682.5,3613.33,35.62,-8.34,5.62,158.21,229394064,0.1,5.0,★☆☆☆☆,OK
090470,제이스로보틱스,,4165.0,27980,0.87,↑,4275.0,4280.08,41.01,-90.9,-70.13,311.43,80524893,0.66,33.0,★★☆☆☆,OK
212710,아이에스티이,,7380.0,56141,0.95,↓,7047.5,7741.83,76.92,-24.93,-132.89,410.71,30121437,0.58,29.0,★★☆☆☆,OK
900110,딥커머스,,6430.0,49359,4.59,↑,5888.0,5870.75,56.21,19.75,-58.43,1442.14,4589122,5.25,100.0,★★★★★,OK
017480,삼현철강,,4635.0,6946,0.34,↓,4789.0,4767.58,36.36,-37.4,-16.36,118.93,123408747,0.24,12.0,★☆☆☆☆,OK
234920,자이글,,5310.0,0,,→,5310.0,5310.0,,0.0,0.0,5310.0,141454684,,,☆☆☆☆☆,Data Missing
040160,누리플렉스,,6280.0,4670,0.3,↓,6575.0,5975.5,44.18,-15.09,36.7,703.57,108073008,0.29,14.5,★☆☆☆☆,OK
045660,에이텍,,8680.0,6808,0.65,↑,8797.5,8662.83,36.61,-105.44,-89.17,328.57,346866449,0.55,27.5,★★☆☆☆,OK
039980,폴라리스AI,,4930.0,51504,0.67,↓,5070.25,5162.08,40.28,-89.84,-96.2,238.57,443049542,0.62,31.0,★★☆☆☆,OK
179530,애드바이오텍,,2245.0,310076,1.63,↑,2013.95,2118.33,62.92,-39.83,-86.9,248.14,69775322,1.74,87.0,★★★★★,OK
083790,CG인바이츠,,931.0,118051,0.81,→,961.05,892.98,45.75,6.3,14.98,53.71,144019734,0.84,42.0,★★★☆☆,OK
377480,마음AI,,10170.0,24919,0.52,↓,10121.5,10047.0,54.79,12.29,-15.91,432.14,188311852,0.72,36.0,★★☆☆☆,OK
128660,피제이메탈,,2885.0,44455,0.89,↑,2880.0,2852.42,46.38,-15.33,-15.18,70.71,579446425,1.13,56.5,★★★☆☆,OK
347860,알체라,,1696.0,211324,1.25,↑,1489.1,1420.63,85.31,80.7,52.52,111.36,385910526,0.55,27.5,★★☆☆☆,OK
053280,예스24,,2840.0,13496,0.24,↓,2887.0,3086.33,37.37,-64.29,-67.21,103.57,126482954,0.21,10.5,★☆☆☆☆,OK
417970,모델솔루션,,11070.0,7098,0.72,→,10538.0,10651.67,63.55,96.92,-15.49,560.0,40990149,0.8,40.0,★★☆☆☆,OK
205470,휴마시스,,2890.0,506955,2.54,↑,2785.0,2614.17,46.46,-7.5,-22.37,208.93,345544640,3.52,100.0,★★★★★,OK
104460,디와이피엔에프,,6700.0,5862,0.5,→,6835.0,7813.83,41.96,-276.84,-327.68,242.14,19493550,0.49,24.5,★★☆☆☆,OK
347000,센코,,1821.0,82021,1.34,↓,1883.1,1801.97,38.63,4.35,11.95,72.71,394140898,1.19,59.5,★★★☆☆,OK
024740,한일단조,,2155.0,69412,0.48,↓,2248.5,2148.43,35.82,0.05,15.96,82.14,2494051966,0.4,20.0,★☆☆☆☆,OK
294140,레몬,,2825.0,11601,0.49,↓,2625.75,2268.22,70.56,157.48,149.67,196.43,266707886,0.43,21.5,★★☆☆☆,OK
110790,크리스에프앤씨,,3000.0,3030,0.9,↑,2983.0,2946.5,51.96,7.14,8.18,196.43,6612291,1.14,57.0,★★★☆☆,OK
332370,아이디피,,5530.0,2896,1.25,↑,5323.5,5349.0,51.55,-10.27,-17.65,317.86,17711387,1.83,91.5,★★★★★,OK
228670,레이,,4500.0,79387,2.11,↑,4470.0,4762.83,43.33,-106.34,-118.68,220.93,29031686,2.44,100.0,★★★★★,OK
067170,오텍,,2600.0,371351,0.82,↓,2563.0,2442.3,55.03,55.13,36.73,247.86,270583562,1.08,54.0,★★★☆☆,OK
067570,엔브이에이치코리아,,1655.0,11119,0.22,↓,1660.8,1713.27,46.17,-12.9,-18.09,119.71,290840181,0.23,11.5,★☆☆☆☆,OK
092040,아미코젠,,990.0,136360,0.33,↓,943.05,1029.72,73.8,-2.51,-16.98,53.64,110579077,0.23,11.5,★☆☆☆☆,OK
054040,한국컴퓨터,,4320.0,35285,1.75,↓,4433.25,4686.83,38.1,-59.11,-65.72,90.0,335768290,1.57,78.5,★★★★☆,OK
065530,와이어블,,1451.0,286510,0.4,→,1306.7,1229.68,65.57,60.09,36.46,92.93,1042070165,0.41,20.5,★☆☆☆☆,OK
039010,현대에이치티,,8070.0,42840,1.24,↓,8153.5,7650.83,54.84,117.09,154.91,468.57,55374515,1.27,63.5,★★★★☆,OK
320000,한울반도체,,10020.0,69666,0.29,↓,10375.0,10950.5,43.18,-91.71,-75.11,697.14,69501294,0.23,11.5,★☆☆☆☆,OK
049550,잉크테크,,3455.0,11433,1.74,↑,3483.75,3376.25,43.45,-1.11,11.59,168.07,33678209,1.73,86.5,★★★★★,OK
019540,일지테크,,5050.0,21503,0.92,↓,5097.5,5708.17,51.56,-136.41,-171.52,143.21,302001640,1.04,52.0,★★★☆☆,OK
487580,폴레드,,2710.0,210116,1.05,↓,2955.75,3253.08,24.22,-135.3,-128.89,138.57,-57522717,0.48,24.0,★★☆☆☆,OK
109860,동일금속,,7540.0,743,0.3,↓,7511.0,7414.5,51.02,35.57,28.2,264.29,6188714,0.45,22.5,★★☆☆☆,OK
096350,대창솔루션,,1887.0,90612,0.52,↓,1928.65,1831.12,38.62,-2.23,5.28,80.64,441832835,0.46,23.0,★★☆☆☆,OK
002800,신신제약,,4515.0,52569,2.28,↑,4501.5,4424.83,53.12,-1.25,-2.94,121.79,622944856,3.33,100.0,★★★★★,OK
337930,젝시믹스,,2330.0,45666,0.71,↓,2426.75,2739.42,28.12,-103.2,-112.79,103.57,62573903,0.46,23.0,★★☆☆☆,OK
217330,싸이토젠,,2955.0,107396,1.78,↓,3070.5,3161.83,45.22,-21.87,-29.42,188.21,134580302,1.82,91.0,★★★★★,OK
024830,세원물산,,8170.0,1693,0.63,↓,8376.0,8614.5,29.67,-132.41,-115.36,552.86,3252117,0.35,17.5,★☆☆☆☆,OK
076610,해성옵틱스,,1109.0,585235,0.76,↓,1181.9,1188.1,25.13,-32.23,-28.63,62.5,280549397,0.36,18.0,★☆☆☆☆,OK
039610,화성밸브,,6450.0,111212,0.34,↓,6233.0,5632.25,56.25,227.11,206.61,447.86,656217283,0.45,22.5,★★☆☆☆,OK
026150,특수건설,,3890.0,31418,1.26,↓,3953.5,3833.33,43.15,4.52,16.72,166.43,531729444,1.25,62.5,★★★★☆,OK
0004V0,엔비알모션,,6060.0,79929,0.38,↓,6052.5,5820.0,56.68,73.26,57.24,395.0,61157854,0.49,24.5,★★☆☆☆,OK
067920,이글루,,6130.0,121692,0.68,↓,5859.5,5470.83,57.01,195.51,162.65,397.14,61721412,0.88,44.0,★★★☆☆,OK
460940,피앤에스로보틱스,,5000.0,28394,0.39,↓,5114.75,4956.83,48.73,20.64,19.9,261.07,106787035,0.51,25.5,★★☆☆☆,OK
208370,셀바스헬스케어,,2640.0,140931,0.21,↓,2487.5,2524.67,67.84,62.89,28.95,203.21,787731775,0.2,10.0,★☆☆☆☆,OK
067370,선바이오,,5530.0,2213,0.28,→,5797.0,6044.17,24.58,-176.14,-164.19,252.86,5182610,0.13,6.5,★☆☆☆☆,OK
048430,유라테크,,5810.0,10955,0.09,↓,6127.0,5928.0,37.04,-56.64,2.27,284.29,323058049,0.06,3.0,★☆☆☆☆,OK
241790,티이엠씨씨엔에스,,6640.0,79675,0.9,↑,6372.5,5605.08,74.32,190.65,193.26,337.86,55608812,0.62,31.0,★★☆☆☆,OK
214260,라파스,,7540.0,8795,1.19,↓,7654.0,8292.17,47.86,-169.22,-189.74,347.86,85522675,1.31,65.5,★★★★☆,OK
123420,위메이드플레이,,6410.0,9617,0.3,↓,6457.5,6251.83,40.54,33.42,50.65,295.0,164534242,0.28,14.0,★☆☆☆☆,OK
065170,비엘팜텍,,2380.0,487752,0.55,↑,2283.5,2361.07,51.89,8.34,-5.04,193.57,381226943,0.78,39.0,★★☆☆☆,OK
265560,영화테크,,6210.0,12328,1.11,↓,6451.5,6851.5,29.73,-177.09,-173.63,176.43,134507446,0.64,32.0,★★☆☆☆,OK
095270,웨이브일렉트로,,4650.0,32213,0.89,↑,4334.25,4124.25,66.05,133.89,97.89,285.71,5543218,0.91,45.5,★★★☆☆,OK
060310,3S,,1221.0,183162,1.66,↑,1147.2,1107.57,62.82,14.09,5.55,66.5,850053372,1.87,93.5,★★★★★,OK
004780,대륙제관,,4235.0,13994,0.6,↓,4252.0,4116.33,46.46,27.11,36.25,167.86,96793478,0.64,32.0,★★☆☆☆,OK
273640,와이엠텍,,5940.0,37381,1.97,↑,5344.0,5108.75,72.0,177.62,95.95,305.0,29706839,1.68,84.0,★★★★★,OK
122350,삼기,,1733.0,20688161,10.03,↑,1642.25,1629.37,53.85,9.38,5.5,130.64,1290041686,13.78,100.0,★★★★★,OK
153710,옵티팜,,4560.0,12973,1.6,↑,4682.75,4714.25,34.96,-64.67,-42.57,300.36,120365517,1.05,52.5,★★★☆☆,OK
111710,남화산업,,3185.0,27150,0.55,↑,3179.25,3196.17,52.0,-15.39,-19.14,139.64,97301080,0.71,35.5,★★☆☆☆,OK
331740,아우토크립트,,6760.0,24315,0.43,↓,6663.5,6510.17,41.04,46.54,-13.83,468.57,7625204,0.53,26.5,★★☆☆☆,OK
291230,컴투스엔,,2735.0,25334,0.97,↑,2583.25,2699.67,79.41,28.4,3.62,117.5,166350126,0.61,30.5,★★☆☆☆,OK
096250,와이즈넛,,5650.0,13152,0.62,→,5582.0,5881.67,57.94,-55.7,-95.95,355.71,27867009,0.69,34.5,★★☆☆☆,OK
360350,코셈,,11990.0,13531,0.19,↑,8084.0,6852.17,83.49,1602.21,1052.71,1290.0,19408074,0.09,4.5,★☆☆☆☆,OK
0218L0,네오뷰,,12660.0,7202,0.47,→,12571.5,,43.0,-460.37,-608.98,652.14,-3949774,0.54,27.0,★★☆☆☆,OK
204840,지엘팜텍,,4240.0,25208,0.33,↑,4511.0,4373.42,30.77,-111.72,-60.56,326.79,142134332,0.19,9.5,★☆☆☆☆,OK
262260,에이프로,,4310.0,16059,0.34,↓,4377.75,3500.58,47.08,209.66,260.15,257.14,56943059,0.36,18.0,★☆☆☆☆,OK
091590,남화토건,,5450.0,94044,0.28,↓,6330.0,6068.58,21.39,-216.98,-95.42,488.57,197843497,0.11,5.5,★☆☆☆☆,OK
321820,아티스트컴퍼니,,4190.0,190257,0.52,↑,3214.5,2627.3,67.34,359.89,248.91,428.93,52299958,0.49,24.5,★★☆☆☆,OK
282620,기도산업,,11060.0,47885,0.6,↓,12449.0,,20.16,-1014.99,-1032.64,426.43,-1191612,0.28,14.0,★☆☆☆☆,OK
061040,알에프텍,,7240.0,3920,1.06,↓,7403.5,6897.33,50.93,74.3,120.83,466.43,48847704,1.17,58.5,★★★☆☆,OK
014970,삼륭물산,,4330.0,12678,0.12,↓,4466.0,4385.83,30.93,-22.08,-9.36,211.07,360924195,0.07,3.5,★☆☆☆☆,OK
456070,이엔셀,,5900.0,59026,0.23,↓,5785.0,5943.75,57.52,43.26,1.87,462.86,130837479,0.25,12.5,★☆☆☆☆,OK
950220,네오이뮨텍,,1879.0,234134,0.54,↓,2007.0,1860.35,33.33,-46.4,-28.44,117.14,68833261,0.41,20.5,★☆☆☆☆,OK
032850,비트컴퓨터,,3870.0,64982,0.92,↓,4000.25,3985.92,49.35,21.32,34.39,212.0,716658586,0.86,43.0,★★★☆☆,OK
040350,크레오에스지,,3320.0,38019,0.37,↓,3763.0,5796.75,31.01,-612.36,-673.36,326.07,117879318,0.25,12.5,★☆☆☆☆,OK
382480,지아이텍,,1629.0,49128,0.83,→,1609.4,1686.93,64.83,-12.56,-21.83,91.93,488344115,0.77,38.5,★★☆☆☆,OK
424960,스마트레이더시스템,,3890.0,7953,0.58,→,3865.25,3777.33,55.41,2.16,-1.57,178.21,212926415,0.79,39.5,★★☆☆☆,OK
036000,예림당,,2810.0,33555,2.28,↑,2789.5,2830.92,52.08,-38.34,-40.31,150.71,223282784,2.9,100.0,★★★★★,OK
082210,옵트론텍,,1831.0,38671,0.75,↑,1761.15,1832.02,62.03,14.79,5.69,172.0,257384827,0.73,36.5,★★☆☆☆,OK
033130,디지틀조선,,1712.0,43954,0.95,→,1745.45,1862.28,39.75,-39.83,-40.32,60.71,841685452,0.88,44.0,★★★☆☆,OK
251630,브이원텍,,3995.0,22290,1.35,↑,3596.75,3581.25,77.72,88.33,29.33,336.07,94756991,0.89,44.5,★★★☆☆,OK
0156T0,에이치엘지노믹스,,8140.0,31387,0.42,↓,8521.0,,32.85,-410.48,-466.84,332.86,-1163140,0.32,16.0,★☆☆☆☆,OK
228340,동양파일,,3160.0,131863,0.09,↓,3631.0,3193.25,40.0,-32.22,54.11,335.71,120072587,0.07,3.5,★☆☆☆☆,OK
192250,케이사인,,8880.0,126562,0.67,→,8106.0,7613.0,54.96,364.38,243.3,654.29,299996332,0.9,45.0,★★★☆☆,OK
214680,디알텍,,3850.0,24454,0.11,↓,4068.5,4400.67,40.62,-209.77,-215.26,242.5,343901242,0.1,5.0,★☆☆☆☆,OK
222110,팬젠,,4680.0,592,0.1,↓,4823.5,4851.67,53.21,-38.86,-28.95,265.71,23106102,0.09,4.5,★☆☆☆☆,OK
126880,제이엔케이글로벌,,2740.0,71533,1.58,↓,2603.75,2634.92,72.41,49.18,18.7,127.5,489558418,1.33,66.5,★★★★☆,OK
241690,유니테크노,,2550.0,10158,0.43,↓,2567.75,2573.33,45.28,-8.22,-14.8,139.64,175485092,0.44,22.0,★★☆☆☆,OK
460870,에스엠씨지,,3115.0,68910,1.2,↑,2905.0,2790.25,73.44,74.87,55.48,178.93,87218400,0.96,48.0,★★★☆☆,OK
001840,이화공영,,2215.0,0,,→,2215.0,2215.0,,-0.0,-0.0,2215.0,483380890,,,☆☆☆☆☆,Data Missing
043650,국순당,,3470.0,11403,0.07,↓,3583.5,3590.58,34.12,-34.72,-21.95,112.14,125524977,0.05,2.5,★☆☆☆☆,OK
127710,아시아경제,,1422.0,129423,1.37,↓,1243.85,1098.43,78.83,105.65,90.29,108.86,477751938,0.86,43.0,★★★☆☆,OK
318160,셀바이오휴먼텍,,6790.0,13870,0.31,↑,6943.0,6548.83,40.86,48.36,119.59,437.86,11320165,0.29,14.5,★☆☆☆☆,OK
048770,TPC로보틱스,,3950.0,115343,0.1,↓,4234.25,3419.92,26.32,134.14,203.76,267.14,395379570,0.06,3.0,★☆☆☆☆,OK
008370,원풍,,5150.0,9159,0.72,↓,5210.0,5010.75,44.74,43.85,63.17,170.0,114852354,0.75,37.5,★★☆☆☆,OK
081150,티플랙스,,2565.0,221575,3.48,↓,2621.0,2664.25,31.11,-26.55,-25.03,105.36,2243892047,2.08,100.0,★★★★★,OK
294090,이오플로우,,1490.0,0,,→,1490.0,1490.0,,-0.0,-0.0,1490.0,54930179,,,☆☆☆☆☆,Data Missing
214270,FSN,,1340.0,25578,0.71,↓,1343.0,1355.53,55.16,9.52,6.27,68.21,803910895,0.73,36.5,★★☆☆☆,OK
049480,오픈베이스,,1977.0,201180,0.82,↓,1929.45,1876.63,49.05,28.2,20.09,74.86,2112563738,1.24,62.0,★★★★☆,OK
066670,디티씨,,3310.0,17526,1.05,↓,3251.0,2967.17,58.12,65.96,73.76,183.21,566657573,1.17,58.5,★★★☆☆,OK
089850,유비벨록스,,4260.0,6678,1.0,↓,4244.5,4185.83,49.7,40.22,29.87,197.5,108053556,1.52,76.0,★★★★☆,OK
216050,인크로스,,5000.0,15419,1.69,→,4994.0,4995.58,45.0,-27.08,-33.56,118.93,9716380,2.38,100.0,★★★★★,OK
005670,푸드웰,,6170.0,7510,0.29,→,6235.0,6301.5,43.18,-42.69,-35.39,158.57,127266708,0.24,12.0,★☆☆☆☆,OK
100030,인지소프트,,18750.0,9997,1.54,↓,19952.0,19122.0,33.07,-149.16,50.84,963.57,23960531,0.97,48.5,★★★☆☆,OK
225190,LK삼양,,4300.0,179103,0.32,↓,4185.75,3994.42,53.42,69.9,2.64,2209.64,261627288,0.32,16.0,★☆☆☆☆,OK
355690,에이텀,,6380.0,262298,2.53,↑,5184.0,4690.67,89.77,293.31,192.28,363.93,20554740,0.78,39.0,★★☆☆☆,OK
043610,KT지니뮤직,,1055.0,0,,↓,1140.4,1233.6,4.94,-44.77,-36.88,326.07,596752301,,,☆☆☆☆☆,Data Missing
041460,한국전자인증,,3305.0,28958,0.61,↓,3414.5,3423.67,33.33,-35.09,-27.26,111.07,854153246,0.39,19.5,★☆☆☆☆,OK
299170,더블유에스아이,,1465.0,706252,0.26,↓,1315.1,1279.82,66.4,65.18,44.55,127.0,351645324,0.26,13.0,★☆☆☆☆,OK
203400,에이비온,,3380.0,0,,→,3380.0,3449.08,,-32.72,-46.63,3380.0,3153578,,,☆☆☆☆☆,Data Missing
0155E0,해치텍,,10790.0,136912,0.16,↓,12480.0,,36.4,-578.86,-454.48,982.86,4335563,0.11,5.5,★☆☆☆☆,OK
315640,딥노이드,,2080.0,133628,0.54,↓,1959.65,1688.62,69.08,122.0,109.83,199.14,248066754,0.49,24.5,★★☆☆☆,OK
010470,오리콤,,5120.0,4709,1.09,↑,4983.5,4833.58,60.38,66.13,58.2,111.43,167206972,1.35,67.5,★★★★☆,OK
261520,이지스,,5900.0,53634,0.92,↑,5347.5,4579.67,70.56,285.53,254.27,345.0,11483314,0.82,41.0,★★★☆☆,OK
056360,코위버,,6190.0,88706,0.4,↓,6000.5,5529.08,56.61,264.76,230.56,505.0,194360539,0.51,25.5,★★☆☆☆,OK
010240,흥국,,5150.0,3766,0.35,↓,5285.0,5387.5,26.79,-60.47,-52.22,145.71,194195663,0.18,9.0,★☆☆☆☆,OK
049470,비트플래닛,,2560.0,25430,0.08,↓,2537.75,2053.45,54.92,122.62,149.85,267.5,187741965,0.09,4.5,★☆☆☆☆,OK
263690,디알젬,,5290.0,5822,0.7,↑,5041.75,5040.17,75.0,57.08,22.17,105.71,105446126,0.55,27.5,★★☆☆☆,OK
424980,마이크로투나노,,10070.0,32880,0.89,↓,9251.0,7739.67,61.95,587.41,509.16,780.71,51600925,1.01,50.5,★★★☆☆,OK
003310,대주산업,,1708.0,88592,0.42,↑,1665.9,1652.23,64.16,6.14,-1.38,60.79,2991745430,0.47,23.5,★★☆☆☆,OK
215360,우리산업,,6570.0,11123,1.24,↑,6280.0,6392.67,59.46,15.28,-41.75,325.0,96869172,1.53,76.5,★★★★☆,OK
448710,코츠테크놀로지,,11270.0,16801,0.92,↓,11209.5,11108.0,55.81,12.06,-27.1,590.0,35255827,1.24,62.0,★★★★☆,OK
050960,수산아이앤티,,8760.0,1206,0.44,↓,8736.0,8520.33,47.59,39.92,30.4,325.0,36619327,0.65,32.5,★★☆☆☆,OK
039420,케이엘넷,,2600.0,13348,0.94,↓,2701.75,2708.58,23.19,-26.97,-18.15,75.36,876628981,0.42,21.0,★★☆☆☆,OK
016250,SGC E&C,,11900.0,2044,1.2,↓,12109.0,11824.0,46.67,82.3,91.81,490.0,623466,1.29,64.5,★★★★☆,OK
352910,오비고,,4705.0,11773,1.52,↓,4859.5,4146.25,44.5,117.32,180.55,298.57,72754348,1.53,76.5,★★★★☆,OK
033320,제이씨현시스템,,3080.0,13478,0.1,↓,3092.25,2985.75,50.44,21.34,20.56,102.86,1107781623,0.13,6.5,★☆☆☆☆,OK
483350,딜리셔스,,2605.0,281695,0.48,↓,2950.5,,28.12,-254.92,-266.96,168.57,-16365142,0.3,15.0,★☆☆☆☆,OK
221800,지구홀딩스,,3615.0,28852,0.74,↓,3756.25,4130.83,43.94,-127.5,-160.38,236.07,223408380,0.73,36.5,★★☆☆☆,OK
064240,홈캐스트,,1728.0,30197,0.86,↓,1788.05,1632.53,34.53,14.01,31.05,110.64,437122769,0.67,33.5,★★☆☆☆,OK
175140,아고스,,2365.0,8529,0.38,↑,2370.5,2366.33,35.77,-30.7,-33.87,115.36,15281843,0.31,15.5,★☆☆☆☆,OK
487400,케이앤에스아이앤씨,,5690.0,141630,0.52,↓,6972.0,,28.52,-1035.76,-1130.17,550.0,-10694557,0.32,16.0,★☆☆☆☆,OK
036090,위지트,,1388.0,132143,0.24,↓,1373.7,1325.07,58.85,20.77,18.87,78.0,1291334696,0.3,15.0,★☆☆☆☆,OK
039020,이건홀딩스,,2580.0,81620,0.84,↓,2597.5,2604.92,42.96,-14.66,-18.07,130.36,142226724,0.82,41.0,★★★☆☆,OK
025550,한국선재,,2310.0,42357,0.67,↓,2241.25,2185.92,66.34,43.59,31.89,169.64,1410079921,0.67,33.5,★★☆☆☆,OK
463020,뉴엔AI,,6490.0,43321,0.4,↓,7122.0,8052.83,36.73,-473.88,-490.91,450.71,72075623,0.33,16.5,★☆☆☆☆,OK
033170,시그네틱스,,3415.0,281348,0.59,↑,2532.3,2090.28,86.79,377.92,281.88,379.57,382878450,0.22,11.0,★☆☆☆☆,OK
900300,오가닉티코스메틱,,2720.0,83288,0.52,↓,3053.25,2728.48,33.23,-87.33,-44.48,294.64,24084985,0.31,15.5,★☆☆☆☆,OK
053620,태양,,6870.0,44190,5.95,↑,6836.5,6711.83,49.58,-23.2,2.26,347.86,22410857,7.86,100.0,★★★★★,OK
099520,DGI,,1284.0,0,,→,1284.0,1284.0,,0.0,0.0,1284.0,96662326,,,☆☆☆☆☆,Data Missing
053050,지에스이,,1940.0,142701,0.4,↑,1920.65,1844.38,52.31,10.18,13.44,50.21,2497909204,0.52,26.0,★★☆☆☆,OK
045340,토탈소프트,,6750.0,23759,1.52,↓,6805.5,6656.5,46.24,15.24,24.5,220.71,226521013,1.63,81.5,★★★★★,OK
443250,레뷰코퍼레이션,,5270.0,7403,0.69,↑,5315.5,5718.0,38.21,-168.28,-193.35,364.64,25305711,0.59,29.5,★★☆☆☆,OK
059270,해성에어로보틱스,,5120.0,30767,0.42,↓,5198.5,5470.58,53.03,-42.9,-82.11,277.14,155661366,0.45,22.5,★★☆☆☆,OK
191420,테고사이언스,,7140.0,1245,0.25,↓,7351.5,7114.17,45.35,-47.94,-22.02,577.14,31580393,0.25,12.5,★☆☆☆☆,OK
950200,소마젠,,2970.0,54442,0.7,↓,3108.0,3068.33,34.93,-63.43,-41.45,165.71,216550407,0.46,23.0,★★☆☆☆,OK
333620,엔시스,,5200.0,24697,0.35,↑,5181.0,5332.0,47.31,-48.45,-65.47,260.71,41216540,0.44,22.0,★★☆☆☆,OK
054300,팬스타엔터프라이즈,,997.0,261504,1.32,↓,1068.35,1033.87,27.63,-19.42,-7.24,56.21,450071279,0.69,34.5,★★☆☆☆,OK
094850,참좋은여행,,4100.0,11948,0.47,↓,4328.75,4268.42,17.17,-41.37,-8.91,130.36,159343017,0.16,8.0,★☆☆☆☆,OK
317530,에피소드컴퍼니,,3310.0,62406,2.81,↑,3195.5,2981.67,50.56,58.07,80.36,448.57,127677879,3.43,100.0,★★★★★,OK
014470,부방,,1049.0,36204,0.52,↓,1044.6,985.68,56.6,18.98,20.78,50.86,1071156006,0.6,30.0,★★☆☆☆,OK
088280,쏘닉스,,3275.0,82995,0.58,↑,3025.0,2683.83,69.68,173.35,160.11,343.93,20249139,0.51,25.5,★★☆☆☆,OK
033310,엠투엔,,1410.0,47451,0.99,↓,1452.45,1387.38,51.6,8.3,16.39,52.43,175866452,1.11,55.5,★★★☆☆,OK
037440,희림,,4030.0,52840,0.4,↓,4183.75,4021.83,33.33,-17.53,8.73,155.71,771524748,0.31,15.5,★☆☆☆☆,OK
007370,진양제약,,4020.0,8081,1.1,↑,3979.5,3944.33,57.69,6.64,3.5,76.79,349499364,1.46,73.0,★★★★☆,OK
348150,고바이오랩,,2920.0,15662,0.7,↓,2813.25,2994.0,58.28,-13.36,-48.4,134.29,144823634,0.78,39.0,★★☆☆☆,OK
033230,인성정보,,1090.0,197937,0.95,↓,1059.5,1052.18,61.99,13.02,4.43,57.79,2048774176,1.1,55.0,★★★☆☆,OK
420570,제이투케이바이오,,9490.0,31080,0.51,↑,9104.5,9323.33,60.75,31.77,-23.39,677.86,42598911,0.6,30.0,★★☆☆☆,OK
092300,현우산업,,2735.0,54794,0.67,↑,2523.75,2490.92,72.73,45.31,6.94,130.71,667981202,0.56,28.0,★★☆☆☆,OK
464490,쿼드메디슨,,4790.0,24397,0.46,↓,4774.0,5280.0,50.74,-60.4,-134.75,363.57,34714403,0.59,29.5,★★☆☆☆,OK
340930,성원에너텍,,806.0,0,,→,806.0,806.0,,-0.01,-0.02,806.0,656546684,,,☆☆☆☆☆,Data Missing
459100,위츠,,4140.0,4605,0.55,↑,4036.25,4111.75,55.0,-27.29,-48.93,140.36,68893937,0.77,38.5,★★☆☆☆,OK
170790,파이오링크,,8560.0,23052,0.91,↑,8407.5,8230.33,48.98,63.88,37.65,372.86,25829240,1.37,68.5,★★★★☆,OK
217480,에스디생명공학,,499.0,0,,→,499.0,499.0,,-0.0,-0.0,499.0,48795805,,,☆☆☆☆☆,Data Missing
061250,화일약품,,6500.0,3980,0.08,↑,7054.0,8095.33,10.12,-505.8,-494.25,462.14,210210889,0.02,1.0,★☆☆☆☆,OK
0013V0,삼진식품,,5450.0,127875,1.85,↓,5219.5,5084.0,57.87,84.73,41.22,272.5,15735135,2.38,100.0,★★★★★,OK
145170,노브랜드,,3180.0,132025,0.17,↓,2921.25,2885.08,63.76,136.94,81.56,367.14,69125743,0.18,9.0,★☆☆☆☆,OK
419080,엔젯,,4970.0,29387,1.32,↓,4935.5,4997.0,53.21,-54.45,-81.27,402.5,43290710,1.6,80.0,★★★★☆,OK
040610,SG&G,,3225.0,9561,0.52,↑,3185.75,3140.58,60.66,10.55,7.64,113.21,302545315,0.63,31.5,★★☆☆☆,OK
238090,앤디포스,,1737.0,14845,0.55,↓,1853.4,1969.22,41.4,-38.14,-29.5,253.79,342489979,0.4,20.0,★☆☆☆☆,OK
064800,포니링크,,2135.0,21067,0.42,↑,2262.15,2323.27,30.19,-116.27,-109.44,183.07,241742245,0.23,11.5,★☆☆☆☆,OK
435570,에르코스,,7160.0,1410,0.53,↑,7083.0,7000.83,46.27,8.05,8.21,365.71,49237281,0.65,32.5,★★☆☆☆,OK
105760,포스뱅크,,5290.0,47781,2.42,↑,5076.5,4559.08,63.19,98.78,102.93,170.71,18391833,2.42,100.0,★★★★★,OK
024910,경창산업,,1502.0,44388,1.31,↓,1523.9,1506.38,42.93,-11.16,-9.74,54.86,391544466,1.09,54.5,★★★☆☆,OK
036670,삼양케이씨아이,,5000.0,14266,1.7,↓,5062.5,5105.17,45.45,-14.5,-11.43,97.5,15221528,1.52,76.0,★★★★☆,OK
340810,시선AI,,3835.0,172927,0.58,↑,3956.0,3446.25,41.55,-7.56,63.98,389.64,59619437,0.53,26.5,★★☆☆☆,OK
226340,본느,,6580.0,3098410,4.45,↑,5439.25,4611.57,75.81,264.67,122.44,665.36,177879996,3.13,100.0,★★★★★,OK
081180,쎄크,,6090.0,161941,1.11,↓,6040.5,5617.0,61.4,286.53,245.97,645.71,103320899,1.24,62.0,★★★★☆,OK
288180,케이피항공산업,,7240.0,16819,0.41,↓,7441.0,7573.83,54.67,-47.6,-76.92,656.43,-17425143,0.41,20.5,★☆☆☆☆,OK
457600,벡트,,3865.0,85914,0.9,↓,4323.0,4058.17,37.31,-132.87,-63.08,467.5,49218525,0.6,30.0,★★☆☆☆,OK
109080,옵티시스,,9330.0,17998,0.48,↓,9231.0,8680.33,55.36,259.65,231.72,573.57,85929225,0.65,32.5,★★☆☆☆,OK
393210,토마토시스템,,3405.0,327934,0.14,↓,2876.45,2465.1,69.02,327.66,273.98,526.5,412398466,0.12,6.0,★☆☆☆☆,OK
071670,에이테크솔루션,,5310.0,16422,1.03,↓,5109.0,5058.08,66.15,80.22,30.19,278.57,240839555,1.06,53.0,★★★☆☆,OK
290660,다이나믹솔루션,,1241.0,492583,0.88,↓,1449.8,1624.5,21.67,-122.29,-106.09,84.57,92147323,0.36,18.0,★☆☆☆☆,OK
370090,퓨런티어,,6200.0,16340,0.98,↓,6105.5,6262.33,61.54,-47.97,-83.42,304.29,87185042,1.01,50.5,★★★☆☆,OK
900120,씨엑스아이,,4690.0,2518,1.31,↓,5148.25,5032.92,0.0,-43.57,10.61,4180.71,5999434,0.0,0.0,☆☆☆☆☆,OK
179900,유티아이,,2460.0,286313,1.07,↑,2324.0,2517.57,64.02,-69.32,-129.62,179.29,27837345,1.0,50.0,★★★☆☆,OK
053270,구영테크,,1936.0,43757,1.37,↓,1976.95,1950.4,33.68,-12.42,-7.15,62.57,1097012686,0.89,44.5,★★★☆☆,OK
036120,서울평가정보,,1497.0,188075,2.89,↓,1635.8,1607.08,28.21,-24.25,-4.09,56.71,1052503409,1.57,78.5,★★★★☆,OK
039240,경남스틸,,1933.0,13879,0.29,↓,1923.55,1919.65,51.14,1.66,-1.36,64.36,999752561,0.44,22.0,★★☆☆☆,OK
043710,코스리거글로벌,,3310.0,7779,0.61,↑,3136.25,3192.33,59.18,0.27,-27.33,397.86,41414201,0.71,35.5,★★☆☆☆,OK
054930,유신,,17650.0,2984,0.17,→,18049.0,17534.83,47.19,-131.86,-53.53,1134.29,60801822,0.18,9.0,★☆☆☆☆,OK
317830,에스피시스템스,,4900.0,19232,0.4,↓,4581.0,4661.83,66.98,72.48,5.24,330.0,315475518,0.4,20.0,★☆☆☆☆,OK
027050,코리아나,,1300.0,20934,0.1,↑,1313.15,1369.35,41.98,-21.47,-23.97,51.5,1339148359,0.1,5.0,★☆☆☆☆,OK
053160,프리엠스,,8800.0,9157,1.04,↑,9654.5,9412.5,26.15,-273.1,-132.76,797.5,163974842,0.5,25.0,★★☆☆☆,OK
163280,에어레인,,3765.0,56383,0.41,↓,3749.0,3454.92,41.46,89.2,93.04,253.21,144086344,0.45,22.5,★★☆☆☆,OK
104620,노랑풍선,,3085.0,40755,0.14,↓,3169.75,3133.17,24.24,-21.34,-12.19,126.43,227485371,0.07,3.5,★☆☆☆☆,OK
391710,코닉오토메이션,,1223.0,54227,0.07,↓,1248.85,1204.17,17.02,12.11,16.64,77.64,450704230,0.03,1.5,★☆☆☆☆,OK
019990,에너토크,,5350.0,87852,0.56,↑,5348.0,5010.0,46.15,55.48,52.52,297.14,427675888,0.78,39.0,★★☆☆☆,OK
024950,삼천리자전거,,4130.0,3800,0.12,↓,4413.25,4098.17,9.48,-53.47,3.49,190.0,126068368,0.03,1.5,★☆☆☆☆,OK
046940,우원개발,,2810.0,1687900,11.35,↑,2793.25,2924.42,52.75,-50.65,-60.79,126.43,411741650,14.37,100.0,★★★★★,OK
314140,알피바이오,,5860.0,13330,0.87,↓,5954.0,5948.5,38.3,-40.91,-25.08,214.29,23209494,0.64,32.0,★★☆☆☆,OK
393970,대진첨단소재,,2825.0,0,,→,2825.0,2825.0,,-0.01,-0.02,2825.0,86275113,,,☆☆☆☆☆,Data Missing
015710,코콤,,2940.0,5289,0.7,↑,2935.25,2835.0,45.16,9.49,14.24,95.71,383986020,0.86,43.0,★★★☆☆,OK
042110,에스씨디,,1055.0,229117,1.42,↑,1016.7,1092.23,65.28,-9.64,-20.04,34.43,945496656,1.34,67.0,★★★★☆,OK
094940,푸른로보틱스,,6100.0,26565,0.65,↓,6164.5,6123.92,52.0,-63.46,-66.35,237.5,433592185,0.72,36.0,★★☆☆☆,OK
088910,동우팜투테이블,,1956.0,84308,1.79,→,2012.05,2084.85,21.39,-37.46,-34.14,43.86,121934336,0.75,37.5,★★☆☆☆,OK
347740,피엔케이피부임상연구센타,,1667.0,22479,0.78,→,1739.7,1783.83,24.88,-42.08,-36.17,62.14,166649457,0.37,18.5,★☆☆☆☆,OK
256630,포인트엔지니어링,,4415.0,3440,1.17,↑,4382.75,4363.25,53.72,6.07,9.96,239.29,35469689,1.44,72.0,★★★★☆,OK
311690,CJ 바이오사이언스,,3950.0,9177,1.85,↑,3809.25,3817.5,55.84,-10.97,-31.07,297.14,5909370,2.43,100.0,★★★★★,OK
246690,TS인베스트먼트,,2070.0,28209,0.45,↓,2174.25,1881.23,33.71,31.93,54.7,106.07,961685845,0.35,17.5,★☆☆☆☆,OK
373200,엑스플러스,,2040.0,649886,7.36,↑,1864.7,1773.47,56.23,22.76,0.29,209.57,292900884,9.35,100.0,★★★★★,OK
052790,액토즈소프트,,4580.0,48241,0.52,↓,4362.25,4170.58,59.89,170.67,132.92,280.36,97419396,0.63,31.5,★★☆☆☆,OK
317850,대모,,6050.0,45852,0.17,↓,6167.5,5858.33,53.85,64.53,90.77,309.29,400709755,0.18,9.0,★☆☆☆☆,OK
143540,영우디에스피,,1119.0,1456642,9.9,↑,1024.55,1024.28,76.32,8.39,-1.75,54.21,382727103,7.16,100.0,★★★★★,OK
196300,HLB펩,,5220.0,303999,4.49,↑,4479.25,4356.33,66.16,166.22,82.15,544.64,54093679,4.4,100.0,★★★★★,OK
463480,모티브링크,,4000.0,13214,0.12,↑,4020.25,4021.42,48.6,-27.71,-29.31,370.36,137959829,0.13,6.5,★☆☆☆☆,OK
063440,SM Life Design,,1086.0,61533,0.8,↓,1059.7,1076.15,81.02,9.49,5.47,40.29,1696108851,0.47,23.5,★★☆☆☆,OK
376290,씨유테크,,2765.0,2366,0.37,↓,2810.25,2759.25,55.9,6.27,15.04,198.93,21931605,0.37,18.5,★☆☆☆☆,OK
452400,이닉스,,5400.0,13398,1.24,↑,5622.0,5778.17,37.61,-162.13,-141.24,223.57,61569795,0.9,45.0,★★★☆☆,OK
065130,탑엔지니어링,,3110.0,53404,1.6,↑,2826.25,2857.0,81.21,55.7,8.11,155.36,52391143,0.92,46.0,★★★☆☆,OK
038010,제일테크노스,,5420.0,3169,0.26,↓,5291.5,5383.83,57.93,16.16,-23.27,224.64,252222491,0.34,17.0,★☆☆☆☆,OK
060560,HC홈센타,,1917.0,8215,1.26,↓,1963.45,1927.73,45.74,-6.06,0.28,120.86,286756794,1.08,54.0,★★★☆☆,OK
150900,파수AI,,4120.0,160425,0.44,↓,3996.25,3649.17,48.48,136.13,127.35,286.43,109289219,0.64,32.0,★★☆☆☆,OK
219550,디와이디,,1177.0,34243,1.26,↓,1179.9,1212.07,64.47,-4.88,-9.9,73.21,121176340,1.01,50.5,★★★☆☆,OK
217500,러셀,,1520.0,139742,2.27,↓,1532.2,1530.05,53.2,2.03,-5.25,71.79,1102489440,2.43,100.0,★★★★★,OK
044340,위닉스,,2720.0,36186,0.53,↓,2888.5,3795.42,36.63,-220.34,-255.91,147.14,144947362,0.44,22.0,★★☆☆☆,OK
122310,제노레이,,3390.0,3864,0.6,↑,3353.75,3375.5,53.61,-5.84,-7.65,146.07,24282835,0.85,42.5,★★★☆☆,OK
321260,프로이천,,1715.0,55398,0.41,↓,1684.65,1654.45,61.78,17.1,8.81,90.93,664644604,0.48,24.0,★★☆☆☆,OK
131400,이브이첨단소재,,8120.0,64178,3.05,↓,8453.3,8411.08,22.89,-137.48,-113.89,7432.0,170904315,0.73,36.5,★★☆☆☆,OK
459550,알트,,1888.0,481914,0.2,↓,2216.45,1939.0,18.95,-54.43,-8.2,155.79,316967526,0.07,3.5,★☆☆☆☆,OK
042040,케이피엠테크,,5590.0,19596,2.72,↑,4959.0,4677.0,77.41,149.67,110.54,310.36,26427280,1.86,93.0,★★★★★,OK
199550,레이저옵텍,,3135.0,37401,1.83,↓,3250.5,2902.58,43.01,32.73,60.13,213.93,99715619,1.77,88.5,★★★★★,OK
408470,한패스,,4525.0,32422,0.94,↓,4846.0,5180.83,29.02,-179.04,-170.03,210.71,-3801644,0.52,26.0,★★☆☆☆,OK
479960,위너스일렉,,6670.0,14787,1.1,↑,6193.0,6080.67,77.66,89.7,29.84,274.29,24466066,0.76,38.0,★★☆☆☆,OK
348080,큐라티스,,3760.0,37498,0.13,↓,3665.5,3017.07,61.37,223.83,258.04,590.36,11366842,0.12,6.0,★☆☆☆☆,OK
114450,그린생명과학,,2380.0,502090,1.41,↑,2266.25,2204.1,56.41,33.58,13.97,127.14,940105359,1.87,93.5,★★★★★,OK
418250,시큐레터,,6550.0,0,,→,6550.0,6550.0,,-0.0,-0.0,6550.0,24077559,,,☆☆☆☆☆,Data Missing
382150,온코크로스,,3650.0,16269,0.13,↓,3553.75,3449.83,59.9,69.28,54.68,254.29,195929713,0.16,8.0,★☆☆☆☆,OK
053450,세코닉스,,3270.0,24492,0.78,↓,3100.75,3257.08,75.0,31.1,-11.81,137.86,142256646,0.6,30.0,★★☆☆☆,OK
189860,서전기전,,4920.0,83405,0.12,↓,5168.25,4504.67,38.6,99.64,142.68,323.93,481782121,0.1,5.0,★☆☆☆☆,OK
059100,아이컴포넌트,,6570.0,22427,0.86,↓,6709.5,5987.33,58.18,122.47,183.11,381.43,47268819,0.82,41.0,★★★☆☆,OK
900340,윙입푸드,,1329.0,55094,0.25,↓,1332.45,1363.12,45.71,-29.23,-40.42,82.79,297688429,0.26,13.0,★☆☆☆☆,OK
277070,린드먼아시아,,3435.0,1167,0.16,↓,3295.0,3185.08,55.74,72.32,57.58,220.36,199434479,0.21,10.5,★☆☆☆☆,OK
023440,제이스코홀딩스,,521.0,0,,→,521.0,521.0,,-0.01,-0.01,521.0,129354499,,,☆☆☆☆☆,Data Missing
365660,레몬헬스케어,,3485.0,287305,0.34,↓,4351.5,5160.17,6.05,-367.6,-325.2,234.86,19363443,0.04,2.0,★☆☆☆☆,OK
232830,아이티센피엔에스,,2870.0,162396,0.14,↓,2714.05,2002.97,53.2,265.94,277.75,478.21,171001962,0.16,8.0,★☆☆☆☆,OK
440290,HB인베스트먼트,,1706.0,29974,1.1,↓,1736.9,1715.37,23.08,-6.75,-1.98,37.64,-30003436,0.5,25.0,★★☆☆☆,OK
317870,엔바이오니아,,5500.0,7774,0.73,↑,5075.75,4796.42,65.28,84.17,39.19,446.79,64141132,0.75,37.5,★★☆☆☆,OK
361570,알비더블유,,1602.0,15199,0.17,→,1651.45,1540.43,12.61,2.87,17.54,65.0,106138760,0.05,2.5,★☆☆☆☆,OK
317690,퀀타매트릭스,,2375.0,33856,0.62,↑,2313.0,2337.72,56.25,-12.09,-30.01,144.64,88449418,0.82,41.0,★★★☆☆,OK
384470,코어라인소프트,,2575.0,31470,0.57,↓,2591.0,2669.0,50.0,-5.89,-10.67,145.71,60075291,0.65,32.5,★★☆☆☆,OK
189980,흥국에프엔비,,1147.0,35218,0.95,↓,1162.75,1144.95,48.7,-0.87,2.44,35.14,874700876,1.08,54.0,★★★☆☆,OK
094970,제이엠티,,2760.0,72053,1.06,↓,2716.25,2765.17,58.7,3.18,-12.09,91.43,193745196,1.19,59.5,★★★☆☆,OK
471820,셀로맥스사이언스,,4195.0,2519,0.51,↑,4060.0,4083.42,60.34,13.39,-3.07,184.64,14263777,0.62,31.0,★★☆☆☆,OK
032960,동일기연,,2695.0,60334,1.3,↓,2382.25,2152.25,68.98,178.99,135.53,311.07,144138664,1.16,58.0,★★★☆☆,OK
340360,다보링크,,859.0,303664,1.79,↓,924.35,888.63,40.82,-16.71,-5.23,69.43,267699299,1.35,67.5,★★★★☆,OK
260930,씨티케이,,2380.0,15386,0.68,↑,2361.25,2527.83,36.7,-49.91,-62.56,129.29,127956529,0.66,33.0,★★☆☆☆,OK
073110,엘엠에스,,5410.0,4817,2.02,↑,5195.5,5004.0,57.78,77.69,65.55,187.14,100624287,2.64,100.0,★★★★★,OK
053980,오상자이엘,,2440.0,14001,0.41,↑,2411.0,2464.67,51.85,-11.82,-19.54,58.93,181581595,0.54,27.0,★★☆☆☆,OK
229000,젠큐릭스,,1957.0,0,,→,1955.95,1793.2,,24.39,30.96,1957.0,193350664,,,☆☆☆☆☆,Data Missing
200350,아티스트스튜디오,,4675.0,516284,1.95,↑,2935.75,2440.95,85.66,430.12,226.94,402.86,94563353,0.82,41.0,★★★☆☆,OK
460470,아이빔테크놀로지,,3020.0,26457,1.08,↓,2848.0,2877.5,56.73,48.73,4.98,207.5,17259807,1.4,70.0,★★★★☆,OK
0010V0,제이피아이헬스케어,,9080.0,3158,0.8,↑,8814.5,8692.67,62.41,48.2,24.03,402.86,16711497,0.92,46.0,★★★☆☆,OK
453860,에이에스텍,,7050.0,7861,0.52,↓,7821.0,8690.5,2.33,-398.72,-341.85,366.43,-36434,0.02,1.0,★☆☆☆☆,OK
051390,YW,,3980.0,623,0.14,→,4022.25,3975.2,42.99,-3.86,-0.07,213.21,43904283,0.14,7.0,★☆☆☆☆,OK
198080,캐프,,2090.0,14294,0.4,↓,2128.75,2173.38,27.59,-26.47,-26.18,77.79,135800128,0.21,10.5,★☆☆☆☆,OK
222420,쎄노텍,,939.0,150286,0.58,↓,946.15,903.6,39.18,12.57,11.04,59.43,856528449,0.6,30.0,★★☆☆☆,OK
476040,오가노이드사이언스,,6860.0,20525,0.84,↓,6751.0,7293.83,63.96,-24.94,-126.72,574.29,42009906,0.78,39.0,★★☆☆☆,OK
050120,ES큐브,,3315.0,1119,0.19,↑,3274.5,3176.17,48.24,17.17,14.38,193.21,895913681,0.28,14.0,★☆☆☆☆,OK
072990,에이치시티,,3170.0,29559,0.33,↑,3085.25,3196.08,64.22,6.89,-10.4,172.14,57609138,0.31,15.5,★☆☆☆☆,OK
373160,데이원컴퍼니,,3280.0,512,0.09,↑,3159.75,3107.25,64.8,66.96,55.43,290.36,13724287,0.09,4.5,★☆☆☆☆,OK
082850,우리바이오,,4770.0,41024,0.42,↑,4664.75,4778.58,51.81,-41.93,-60.66,161.43,368025578,0.55,27.5,★★☆☆☆,OK
159580,제로투세븐,,2220.0,36006,0.94,↑,2146.25,2147.52,53.68,-3.11,-16.7,97.14,218313420,1.33,66.5,★★★★☆,OK
227950,엔투텍,,1319.0,109143,1.11,↑,1276.15,1267.18,51.52,-5.99,-13.38,90.0,175427070,1.61,80.5,★★★★☆,OK
068330,일신바이오,,1021.0,34522,0.8,↓,1064.1,1010.42,28.15,-8.73,-1.58,45.29,3298295842,0.52,26.0,★★☆☆☆,OK
072470,우리산업홀딩스,,2315.0,4048,0.63,↓,2361.5,2398.92,40.0,-19.7,-18.48,98.57,314795482,0.48,24.0,★★☆☆☆,OK
037950,엘컴텍,,2615.0,18057,0.81,↓,2784.5,2847.42,38.61,-46.81,-42.56,219.29,654958816,0.58,29.0,★★☆☆☆,OK
033340,좋은사람들,,460.0,0,,→,469.75,432.53,,-5.01,-2.91,460.0,4238584007,,,☆☆☆☆☆,Data Missing
066130,하츠,,3515.0,3234,0.3,↑,3431.25,3428.33,66.18,12.64,0.93,182.14,292912825,0.31,15.5,★☆☆☆☆,OK
178780,일월지엠엘,,2400.0,65143,2.9,↓,2501.25,2349.25,44.21,10.03,32.81,169.29,821205176,2.87,100.0,★★★★★,OK
014190,원익큐브,,1263.0,34421,0.33,↓,1300.6,1216.47,40.71,18.96,27.68,72.79,1150770657,0.3,15.0,★☆☆☆☆,OK
288330,파라택시스코리아,,416.0,0,,→,416.0,416.0,,-0.02,-0.02,416.0,-48742776,,,☆☆☆☆☆,Data Missing
083550,케이엠,,3275.0,40943,2.8,↓,3318.5,3019.17,46.43,50.19,68.37,145.5,256046871,2.99,100.0,★★★★★,OK
466410,사이냅소프트,,8620.0,14088,3.18,↓,8706.0,8412.5,47.12,63.5,71.25,415.71,6102939,3.43,100.0,★★★★★,OK
900250,크리스탈신소재,,1222.0,35919,0.47,↓,1219.8,1149.85,57.89,13.89,14.47,48.29,607747440,0.53,26.5,★★☆☆☆,OK
189690,포시에스,,1610.0,53667,2.1,↑,1528.25,1537.12,57.65,0.57,-6.78,60.79,303311259,2.74,100.0,★★★★★,OK
086060,진바이오텍,,4945.0,22363,1.71,↓,4836.5,4840.42,58.55,52.45,35.51,254.64,354871286,2.16,100.0,★★★★★,OK
129890,앱코,,960.0,55935,0.68,↑,952.15,960.95,49.67,-6.78,-9.48,27.29,315890432,0.92,46.0,★★★☆☆,OK
258610,케일럼,,1168.0,30282,1.35,↓,1201.55,1124.03,44.25,13.49,19.59,89.36,50516510,1.33,66.5,★★★★☆,OK
290670,대보마그네틱,,5450.0,8594,0.85,↓,5653.5,5309.33,35.14,0.05,23.61,375.71,72183777,0.67,33.5,★★☆☆☆,OK
054780,키이스트,,2170.0,191746,1.11,↑,1639.9,1414.15,91.77,219.03,144.3,210.21,1825629039,0.27,13.5,★☆☆☆☆,OK
263020,디케이앤디,,3100.0,26974,1.24,↓,3119.75,3095.08,49.21,3.56,5.81,109.29,106372145,1.41,70.5,★★★★☆,OK
065440,이루온,,1559.0,287033,0.43,↓,1467.25,1432.28,60.3,38.18,17.91,119.07,1857677142,0.51,25.5,★★☆☆☆,OK
022220,티케이지애강,,817.0,5121,0.07,↓,853.15,708.05,26.09,17.82,30.49,30.07,416950399,0.04,2.0,★☆☆☆☆,OK
199480,뱅크웨어글로벌,,4180.0,17440,0.97,↑,3998.25,3449.08,59.2,125.79,133.76,285.36,122685739,1.04,52.0,★★★☆☆,OK
413640,비아이매트릭스,,5850.0,3970,0.34,↓,5895.0,5995.67,54.22,1.39,-6.09,283.57,42393038,0.36,18.0,★☆☆☆☆,OK
307280,원바이오젠,,6050.0,4036,0.23,↑,6023.5,5845.67,45.28,7.91,15.5,271.43,38962283,0.28,14.0,★☆☆☆☆,OK
256150,한독크린텍,,5030.0,534,0.14,→,4950.75,4741.08,59.42,69.75,69.35,165.71,11244696,0.18,9.0,★☆☆☆☆,OK
140520,대창스틸,,1999.0,25569,1.71,→,2007.45,1977.95,43.96,2.96,5.95,41.57,297182143,1.77,88.5,★★★★★,OK
084650,랩지노믹스,,2775.0,60004,0.63,↑,2601.0,2993.0,59.02,-31.5,-87.98,1071.79,951767267,0.52,26.0,★★☆☆☆,OK
056700,신화인터텍,,1411.0,24341,0.61,→,1418.5,1438.6,39.62,-5.61,-6.21,21.29,484223710,0.57,28.5,★★☆☆☆,OK
190650,코리아에셋투자증권,,6480.0,2860,0.71,→,6567.5,6680.17,40.98,-72.39,-71.91,107.5,62046352,0.57,28.5,★★☆☆☆,OK
100660,서암기계공업,,3255.0,16757,0.45,↓,3140.25,3028.08,67.29,56.16,37.96,133.21,635959983,0.45,22.5,★★☆☆☆,OK
452200,민테크,,1679.0,49778,0.86,→,1684.8,1523.77,46.11,21.01,27.41,77.36,109943718,0.91,45.5,★★★☆☆,OK
263700,케어랩스,,2125.0,37329,1.29,↓,2096.35,1960.0,58.28,77.8,77.41,133.5,191440493,1.62,81.0,★★★★★,OK
002290,삼일기업공사,,3325.0,4902,0.52,↓,3339.5,3287.33,46.09,4.61,5.87,103.57,279880899,0.56,28.0,★★☆☆☆,OK
461030,아이엠비디엑스,,2870.0,12275,0.58,↓,2792.25,3004.75,59.57,-13.54,-52.68,175.71,100909906,0.62,31.0,★★☆☆☆,OK
263810,상신전자,,2590.0,21223,0.82,→,2575.5,2550.33,51.47,8.36,7.25,92.86,346682999,1.23,61.5,★★★★☆,OK
261200,덴티스,,2620.0,12714,0.86,↓,2609.75,2583.0,49.25,18.57,14.46,145.36,178597402,1.28,64.0,★★★★☆,OK
136410,아셈스,,3665.0,11782,0.7,↓,3782.5,4273.92,35.71,-139.92,-162.09,250.0,40941569,0.56,28.0,★★☆☆☆,OK
066900,디에이피,,1790.0,2985,0.37,↑,1756.4,1753.57,49.04,14.13,11.2,69.64,51151047,0.56,28.0,★★☆☆☆,OK
286750,나노실리칸첨단소재,,2525.0,11605,0.15,↓,2573.25,2895.92,47.37,-68.18,-77.75,156.43,88435437,0.16,8.0,★☆☆☆☆,OK
099410,동방선기,,2880.0,40504,1.19,↓,3156.5,3120.5,17.43,-67.39,-37.49,122.14,237994362,0.4,20.0,★☆☆☆☆,OK
263770,유에스티,,1712.0,2437,0.31,↓,1665.45,1611.27,64.38,24.55,18.25,69.29,243378687,0.34,17.0,★☆☆☆☆,OK
184230,SGA솔루션즈,,2140.0,123436,0.39,↓,2103.7,1941.53,41.36,67.77,61.73,215.21,222916712,0.47,23.5,★★☆☆☆,OK
007530,와이엠,,1829.0,33867,0.64,↑,1690.75,1636.25,70.01,54.53,45.29,124.71,103947389,0.57,28.5,★★☆☆☆,OK
044960,이글벳,,3190.0,50176,1.42,↑,3134.75,3088.42,65.71,14.18,8.89,77.86,447880724,1.52,76.0,★★★★☆,OK
045510,정원엔시스,,1295.0,122057,1.55,↑,1147.9,1050.15,69.14,43.99,32.48,122.5,411020642,1.4,70.0,★★★★☆,OK
223310,사토시홀딩스,,2930.0,23069,0.48,↑,3038.0,3430.17,41.57,-118.26,-127.9,212.5,17339370,0.45,22.5,★★☆☆☆,OK
104200,NHN벅스,,2710.0,31653,0.56,↑,2384.5,2576.33,73.78,-7.37,-73.49,168.57,460674650,0.44,22.0,★★☆☆☆,OK
446840,지슨,,3625.0,8666,0.38,↑,3280.75,3435.83,77.18,56.97,-11.88,331.43,1266625,0.25,12.5,★☆☆☆☆,OK
037230,한국팩키지,,1364.0,24268,0.39,↑,1379.45,1382.18,37.5,-19.03,-15.12,81.93,1182712983,0.28,14.0,★☆☆☆☆,OK
469750,아이비젼웍스,,5820.0,68215,0.93,↑,5130.5,4481.58,83.14,259.9,174.94,3809.29,75767589,0.3,15.0,★☆☆☆☆,OK
049830,승일,,6480.0,485,0.61,↓,6435.5,6407.67,56.88,49.07,24.74,244.29,58548792,0.81,40.5,★★☆☆☆,OK
450330,하스,,4870.0,11558,1.53,↓,5056.25,4782.5,40.15,-13.29,11.64,385.71,14441646,1.37,68.5,★★★★☆,OK
064090,인크레더블버즈,,798.0,0,,→,798.0,798.0,,-0.0,-0.0,798.0,41495276,,,☆☆☆☆☆,Data Missing
171010,램테크놀러지,,2765.0,59929,2.18,↑,2629.25,2693.92,60.53,3.9,-21.32,124.64,345196297,2.63,100.0,★★★★★,OK
053950,경남제약,,1999.0,115719,0.14,↓,2107.55,1789.18,30.1,38.69,66.11,161.79,218632709,0.09,4.5,★☆☆☆☆,OK
027830,대성창투,,725.0,93808,0.53,↑,803.6,910.1,24.92,-57.0,-53.41,55.07,1977508709,0.25,12.5,★☆☆☆☆,OK
007680,대원,,2925.0,5907,0.75,↓,3188.5,3357.17,12.0,-105.98,-85.05,142.5,11623000,0.17,8.5,★☆☆☆☆,OK
203450,유니온바이오메트릭스,,2750.0,35786,0.45,↓,2722.25,2590.33,58.33,74.45,69.36,227.86,191984729,0.55,27.5,★★☆☆☆,OK
025880,케이씨피드,,2355.0,20514,0.59,↑,2332.75,2440.33,47.06,-22.35,-30.86,48.57,598206771,0.76,38.0,★★☆☆☆,OK
273060,와이즈버즈,,3950.0,2651,0.13,↑,3938.25,4179.83,50.29,-84.44,-109.33,239.64,162027841,0.17,8.5,★☆☆☆☆,OK
224110,에이텍모빌리티,,7630.0,1213,0.41,↓,8478.5,8551.67,21.23,-271.71,-147.1,565.0,193202645,0.16,8.0,★☆☆☆☆,OK
121890,에스디시스템,,2905.0,128533,2.12,↑,2745.0,2396.78,69.92,100.65,101.49,178.21,18912062,1.68,84.0,★★★★★,OK
215380,콜마바이오텍,,2310.0,185669,2.21,↓,2233.25,2284.17,65.89,32.19,10.57,188.57,518302248,2.23,100.0,★★★★★,OK
465480,인스피언,,3780.0,4121,0.34,↓,3840.0,3470.83,47.64,107.79,132.95,266.93,65082049,0.36,18.0,★☆☆☆☆,OK
221840,하이즈항공,,2065.0,7649,0.81,↑,2065.5,1991.35,50.0,9.14,16.24,138.79,112517396,0.91,45.5,★★★☆☆,OK
050860,아세아텍,,1704.0,3200,0.29,↓,1710.2,1685.05,48.14,6.86,7.78,75.5,336313801,0.32,16.0,★☆☆☆☆,OK
352700,씨앤투스,,1480.0,4650,0.32,→,1478.5,1418.68,49.8,15.4,18.35,43.5,23041683,0.43,21.5,★★☆☆☆,OK
046310,백금T&A,,2360.0,7575,0.41,↑,2291.5,2270.12,73.68,21.39,13.78,67.86,318873639,0.34,17.0,★☆☆☆☆,OK
221980,케이디켐,,9420.0,312,0.38,↓,9526.5,9458.33,50.0,35.79,53.12,380.0,6144575,0.37,18.5,★☆☆☆☆,OK
019770,서연탑메탈,,3260.0,3452,0.47,↓,3263.25,3250.42,38.96,-3.36,-6.83,76.79,750160342,0.5,25.0,★★☆☆☆,OK
038070,서린바이오,,4060.0,6423,0.52,↑,4047.75,4260.0,51.0,-66.36,-87.71,230.71,436018944,0.68,34.0,★★☆☆☆,OK
051490,나라엠앤디,,2670.0,13935,0.75,↑,2634.0,2663.0,46.72,-21.89,-29.81,140.36,363986278,1.07,53.5,★★★☆☆,OK
238120,얼라인드,,2645.0,23966,1.14,↓,2902.5,2967.67,35.44,-71.22,-41.89,165.71,95112804,0.76,38.0,★★☆☆☆,OK
239890,피엔에이치테크,,3800.0,7026,0.37,↑,3553.5,3449.83,64.58,83.93,52.96,219.64,11674398,0.4,20.0,★☆☆☆☆,OK
052220,iMBC,,1615.0,20981,0.04,↓,1701.25,1755.83,5.73,-41.11,-35.75,82.79,520132741,0.0,0.0,☆☆☆☆☆,OK
218150,미래생명자원,,1854.0,74449,0.34,↓,1963.2,2052.83,17.86,-43.4,-36.81,61.43,1664392038,0.12,6.0,★☆☆☆☆,OK
101240,씨큐브,,3240.0,4789,0.51,↓,3379.75,3294.0,29.27,-28.04,-12.54,155.71,84840221,0.28,14.0,★☆☆☆☆,OK
290090,트윔,,4665.0,7388,2.33,↓,4551.25,4270.92,43.41,102.94,98.02,396.79,8732783,2.98,100.0,★★★★★,OK
177900,쓰리에이로직스,,3760.0,24167,1.32,↓,3666.5,3861.92,52.88,-24.51,-62.67,273.93,148782054,1.62,81.0,★★★★★,OK
348030,모비릭스,,3885.0,163733,2.62,↑,3006.75,3073.5,67.63,77.58,-25.12,273.93,33546631,2.54,100.0,★★★★★,OK
081580,성우전자,,2385.0,34465,0.72,↓,2362.5,2337.0,58.44,27.67,22.96,168.0,92340256,0.89,44.5,★★★☆☆,OK
250000,보라티알,,5550.0,721,0.29,↑,5694.5,5621.67,35.14,-62.73,-38.2,326.43,117416940,0.19,9.5,★☆☆☆☆,OK
035460,기산텔레콤,,2490.0,196318,0.99,↓,2478.75,2303.08,56.16,60.38,56.96,157.86,581458917,1.31,65.5,★★★★☆,OK
122690,서진오토모티브,,1600.0,12424,0.7,↓,1634.55,1681.68,40.45,-24.87,-23.19,52.07,67605395,0.55,27.5,★★☆☆☆,OK
258790,소프트캠프,,7200.0,36722,0.68,↓,6735.5,5274.75,71.38,589.71,601.07,660.0,156243117,0.5,25.0,★★☆☆☆,OK
097870,효성오앤비,,4370.0,4941,0.48,↓,4482.75,4598.42,38.89,-60.75,-54.27,188.57,293273941,0.36,18.0,★☆☆☆☆,OK
049120,파인디앤씨,,2900.0,3517,0.47,→,2955.0,2552.03,39.46,34.32,63.55,292.86,110824526,0.4,20.0,★☆☆☆☆,OK
046390,삼화네트웍스,,2065.0,9724,0.98,↓,2082.15,2044.3,52.69,8.58,8.91,141.07,418156606,1.04,52.0,★★★☆☆,OK
234100,폴라리스세원,,2600.0,12682,1.35,↓,2703.75,2689.25,40.26,-38.37,-25.42,172.5,233576816,1.02,51.0,★★★☆☆,OK
219420,링크제니시스,,3165.0,17077,0.99,↓,3279.75,3346.67,34.29,-43.75,-39.12,148.21,300128892,0.65,32.5,★★☆☆☆,OK
0010F0,보원케미칼,,3320.0,6555402,3.09,↑,2618.5,2351.1,73.53,217.76,157.74,372.86,879760,2.35,100.0,★★★★★,OK
042940,상지건설,,5320.0,20550,0.72,↓,5513.5,5690.93,43.12,-124.34,-112.03,299.07,57848721,0.59,29.5,★★☆☆☆,OK
026040,제이에스티나,,2200.0,39858,0.41,↑,2217.75,2045.38,48.18,3.86,18.43,137.86,195499938,0.45,22.5,★★☆☆☆,OK
043910,자연과환경,,3220.0,218092,4.22,↑,3287.5,3248.5,25.0,-41.31,-31.87,158.57,353295437,2.01,100.0,★★★★★,OK
434480,모니터랩,,2900.0,144087,0.31,↓,2872.5,2571.25,46.78,86.19,84.99,251.79,282970126,0.43,21.5,★★☆☆☆,OK
208710,포톤,,2705.0,45962,0.37,↓,2761.75,2533.1,39.42,48.84,58.08,222.5,317129311,0.32,16.0,★☆☆☆☆,OK
086040,바이오톡스텍,,2195.0,2112,0.29,↓,2289.75,2261.13,28.57,-22.97,-15.72,87.14,338401454,0.16,8.0,★☆☆☆☆,OK
332290,누보,,4420.0,16642,0.75,↓,4436.75,4376.83,45.41,-0.9,-9.52,263.93,159172089,0.9,45.0,★★★☆☆,OK
037370,EG,,4210.0,7532,0.38,↓,4174.75,3588.33,53.54,165.82,194.56,294.64,170093451,0.46,23.0,★★☆☆☆,OK
284620,카이노스메드,,1087.0,0,,→,1087.0,1087.0,,0.0,0.0,1087.0,44640359,,,☆☆☆☆☆,Data Missing
260660,알리코제약,,2330.0,16135,0.22,↑,2389.5,2410.42,35.8,-40.57,-37.52,107.86,224298364,0.15,7.5,★☆☆☆☆,OK
057540,옴니시스템,,602.0,0,,→,594.7,712.32,87.88,-15.24,-22.78,393.57,1528947493,,,☆☆☆☆☆,Data Missing
045060,오공,,2095.0,16122,0.75,→,2104.25,2133.42,47.62,-8.33,-9.26,75.36,581626143,0.83,41.5,★★★☆☆,OK
065500,오리엔트정공,,1011.0,76200,0.96,→,1050.45,1116.47,33.71,-34.67,-35.03,49.64,699866882,0.74,37.0,★★☆☆☆,OK
068940,셀피글로벌,,778.0,0,,→,778.0,778.0,,-0.0,-0.0,778.0,146054300,,,☆☆☆☆☆,Data Missing
263050,유틸렉스,,959.0,0,,→,959.0,959.0,,0.0,0.0,959.0,149965870,,,☆☆☆☆☆,Data Missing
153460,네이블,,5470.0,8124,1.95,↑,5663.5,6041.83,34.52,-171.0,-164.62,408.57,59122161,1.25,62.5,★★★★☆,OK
207760,미스터블루,,2140.0,6443,0.1,↑,2189.0,2100.83,30.17,-19.51,-12.83,113.29,305965664,0.07,3.5,★☆☆☆☆,OK
387570,파인메딕스,,6250.0,6613,1.14,↓,6338.5,5559.5,47.71,79.91,128.1,357.86,20544353,1.23,61.5,★★★★☆,OK
060850,영림원소프트랩,,4305.0,35251,4.05,↓,4478.5,4795.08,34.04,-113.63,-111.57,152.14,19474789,2.66,100.0,★★★★★,OK
024120,KB오토시스,,3065.0,10849,1.69,→,3063.75,3095.0,48.0,-8.66,-10.33,85.0,99362867,2.21,100.0,★★★★★,OK
014570,고려제약,,3250.0,10645,1.67,↓,3359.0,3397.67,41.9,-44.15,-34.07,148.21,317271057,1.34,67.0,★★★★☆,OK
109820,진매트릭스,,1726.0,290988,1.01,↑,1602.8,1521.82,60.24,32.16,16.76,127.79,580694828,1.2,60.0,★★★☆☆,OK
204020,그리티,,1803.0,4047,0.39,↓,1809.4,1846.33,49.33,-3.81,-7.93,94.21,144349714,0.44,22.0,★★☆☆☆,OK
186230,그린플러스,,3180.0,9303,0.65,↓,3261.25,3282.83,41.18,-47.68,-44.03,178.57,47885217,0.51,25.5,★★☆☆☆,OK
079190,케스피온,,1710.0,132972,0.91,↑,1422.85,1262.28,61.15,87.24,49.51,181.64,118450944,1.02,51.0,★★★☆☆,OK
363250,진시스템,,4200.0,2304,0.23,↑,4228.25,4088.33,47.55,20.13,38.2,367.5,39625269,0.24,12.0,★☆☆☆☆,OK
089140,넥스턴앤롤코리아,,2280.0,53157,1.03,↑,2135.5,2183.42,66.38,26.41,-3.14,105.36,127126051,1.06,53.0,★★★☆☆,OK
123570,이엠넷,,1618.0,5103,1.58,↓,1655.5,1656.67,46.67,-6.21,-1.33,87.93,206955836,1.4,70.0,★★★★☆,OK
452300,캡스톤파트너스,,2450.0,74594,1.56,↓,2420.25,2268.02,62.96,51.38,48.62,146.64,240948954,1.74,87.0,★★★★★,OK
290120,DH오토리드,,2200.0,4189,0.13,↑,2170.0,2280.58,53.57,-24.66,-36.67,126.79,90759973,0.16,8.0,★☆☆☆☆,OK
060540,에스에이티,,1325.0,13534,0.22,↓,1394.75,1241.55,20.0,10.69,29.09,71.0,193100102,0.1,5.0,★☆☆☆☆,OK
431190,케이쓰리아이,,4530.0,83181,0.43,→,3911.75,3038.75,68.28,411.15,378.23,412.5,88688408,0.4,20.0,★☆☆☆☆,OK
318410,비비씨,,6190.0,7652,1.55,↓,6389.0,6191.5,38.82,-26.02,11.28,239.29,5232613,1.16,58.0,★★★☆☆,OK
127980,화인써키트,,2910.0,12845,1.33,↑,2702.25,2854.17,65.96,21.91,-29.12,217.86,17016734,1.35,67.5,★★★★☆,OK
377030,비트맥스,,2380.0,33442,0.82,↑,1991.0,1729.67,79.91,154.1,110.63,183.14,49933336,0.49,24.5,★★☆☆☆,OK
039290,인포뱅크,,3930.0,9179,1.32,↓,4020.0,3739.17,49.0,69.0,86.23,241.07,349743992,1.46,73.0,★★★★☆,OK
065950,웰크론,,1209.0,47920,0.76,↑,1163.5,1096.22,53.51,16.76,15.21,77.14,1669140240,1.06,53.0,★★★☆☆,OK
430690,한싹,,3130.0,137586,0.27,↓,2943.25,2553.03,52.84,157.68,134.96,296.79,326699306,0.37,18.5,★☆☆☆☆,OK
075130,플랜티넷,,2100.0,29279,1.12,↓,2137.0,2071.58,45.16,9.99,17.16,81.43,230780609,1.17,58.5,★★★☆☆,OK
057030,YBM넷,,2100.0,13391,0.6,↓,2097.5,2140.58,45.45,-8.99,-15.23,150.93,946742390,0.71,35.5,★★☆☆☆,OK
106240,파인테크닉스,,1253.0,72611,1.0,↓,1243.2,1237.05,66.67,28.22,25.53,109.5,1006818430,0.98,49.0,★★★☆☆,OK
045300,성우테크론,,3230.0,158383,5.32,↑,2783.5,2595.08,84.21,112.52,67.51,126.79,140984518,2.59,100.0,★★★★★,OK
417860,오브젠,,7310.0,15088,0.3,→,7073.5,7053.67,46.97,52.32,11.43,445.0,32350384,0.43,21.5,★★☆☆☆,OK
066360,체리부로,,1448.0,10406,0.37,↓,1488.0,1393.6,39.79,21.07,28.65,120.29,164371200,0.33,16.5,★☆☆☆☆,OK
099220,SDN,,5350.0,10661,0.78,↑,5210.0,5787.0,59.52,-64.06,-125.06,1013.57,235581422,0.74,37.0,★★☆☆☆,OK
064520,테크엘,,1484.0,4649,0.73,↓,1502.4,1506.78,46.03,-2.62,-0.14,98.07,58139499,0.63,31.5,★★☆☆☆,OK
476080,M83,,4170.0,16767,1.76,↑,4065.5,3895.83,54.9,34.05,25.12,213.36,78870813,2.42,100.0,★★★★★,OK
073570,리튬포어스,,2785.0,131421,1.43,↓,2218.85,1832.48,77.0,283.52,215.96,263.36,143071502,0.96,48.0,★★★☆☆,OK
270520,앱튼,,835.0,711368,0.49,↓,2089.2,2905.32,4.77,-642.27,-504.58,289.21,207103285,0.03,1.5,★☆☆☆☆,OK
131090,시큐브,,4340.0,15198,0.93,→,4291.25,4066.58,59.21,63.47,70.87,137.5,252595582,1.03,51.5,★★★☆☆,OK
296640,이노에이엑스,,6430.0,11650,1.35,↑,6202.5,5562.92,60.61,118.97,128.99,565.0,62098573,1.37,68.5,★★★★☆,OK
270870,뉴트리,,3695.0,530,0.09,↑,3755.25,4123.17,38.25,-103.35,-114.69,185.0,39577189,0.08,4.0,★☆☆☆☆,OK
038060,루멘스바이오스,,689.0,0,,→,709.35,772.98,,-31.47,-34.53,689.0,251047709,,,☆☆☆☆☆,Data Missing
406820,뷰티스킨,,2385.0,1227467,0.65,↓,2294.55,2017.12,60.76,133.86,131.15,355.0,194087174,0.71,35.5,★★☆☆☆,OK
215090,솔디펜스,,1430.0,17418,0.19,↑,1454.55,1376.75,52.37,11.88,19.95,119.21,230483851,0.2,10.0,★☆☆☆☆,OK
432430,와이랩,,1970.0,30370,0.86,↓,2064.0,2072.58,29.41,-24.91,-18.06,179.14,102726655,0.46,23.0,★★☆☆☆,OK
169330,엠브레인,,1830.0,54461,1.33,→,1548.3,1415.4,82.45,136.12,103.07,140.5,35372073,0.69,34.5,★★☆☆☆,OK
032790,엠젠솔루션,,1227.0,81033,0.36,↓,1307.85,1102.7,52.2,18.25,37.76,255.57,117418742,0.34,17.0,★☆☆☆☆,OK
196450,코아시아씨엠,,3620.0,12396,0.96,↓,3897.25,4145.83,29.81,-79.33,-71.8,268.21,29502930,0.53,26.5,★★☆☆☆,OK
335810,프리시젼바이오,,1515.0,3860,0.21,→,1524.45,1456.18,50.5,6.26,12.08,200.71,62452192,0.22,11.0,★☆☆☆☆,OK
310870,디와이씨,,1500.0,83905,0.81,↓,1545.35,1409.77,41.41,25.2,34.8,91.71,91459948,0.76,38.0,★★☆☆☆,OK
006920,모헨즈,,2990.0,24146,0.41,↓,3116.0,3196.25,24.36,-80.75,-77.08,97.86,471035977,0.19,9.5,★☆☆☆☆,OK
397810,애드포러스,,6410.0,1130,0.14,↓,6649.5,6052.83,41.28,20.15,70.73,567.14,4543587,0.13,6.5,★☆☆☆☆,OK
069920,엑시온그룹,,1346.0,358358,1.02,↑,1228.4,1113.57,55.9,50.38,36.8,164.21,20559461,1.28,64.0,★★★★☆,OK
133750,메가엠디,,1392.0,5618,0.58,↑,1403.3,1404.53,38.3,-22.94,-21.32,90.57,1420241022,0.42,21.0,★★☆☆☆,OK
052600,한네트,,2850.0,10556,1.34,↓,2912.75,3000.92,28.0,-42.29,-39.45,103.21,821711899,0.72,36.0,★★☆☆☆,OK
419120,산돌,,2280.0,24733,1.53,→,2299.75,2343.08,41.57,-29.0,-34.96,121.29,134315065,1.45,72.5,★★★★☆,OK
408900,스튜디오미르,,989.0,21565,0.71,↓,1021.0,1038.38,32.26,-22.3,-21.32,51.86,405674523,0.44,22.0,★★☆☆☆,OK
153490,우리이앤엘하루틴,,3175.0,8063,0.7,↑,3122.0,2508.03,54.59,149.83,175.82,218.57,90956723,0.83,41.5,★★★☆☆,OK
220180,폴라리스AI핸디,,1379.0,9518,1.05,↑,1404.65,1411.85,39.55,-16.73,-11.73,98.0,137109082,0.78,39.0,★★☆☆☆,OK
200780,비씨월드제약,,3045.0,1422,0.29,↑,3029.25,3092.67,50.0,-10.83,-17.75,157.86,158069602,0.39,19.5,★☆☆☆☆,OK
038620,위즈코프,,2150.0,2668,0.1,↑,1992.35,1916.73,71.75,60.22,43.0,101.0,380879906,0.09,4.5,★☆☆☆☆,OK
148930,에이치와이티씨,,3230.0,4694,0.6,↑,3146.25,3255.83,54.44,-26.28,-37.8,147.14,49074108,0.73,36.5,★★☆☆☆,OK
364950,에이아이코리아,,3830.0,12050,0.58,↑,3485.75,3673.5,75.14,63.06,-13.23,192.86,17719209,0.44,22.0,★★☆☆☆,OK
033830,티비씨,,1734.0,13117,1.22,↑,1721.4,1659.28,47.97,8.81,10.15,84.14,315886431,1.56,78.0,★★★★☆,OK
091340,S&K폴리텍,,2720.0,48556,1.57,↑,2584.5,2280.43,66.67,110.26,105.36,110.71,98525291,1.61,80.5,★★★★☆,OK
087600,픽셀플러스,,3915.0,335,0.1,↑,3968.0,3972.08,46.74,-17.54,-9.36,335.0,75377794,0.09,4.5,★☆☆☆☆,OK
064480,브리지텍,,2625.0,33764,1.42,↑,2632.0,2714.92,44.44,-50.47,-55.1,68.21,446229597,1.48,74.0,★★★★☆,OK
462980,아이지넷,,1750.0,22612,0.65,↑,1640.6,1490.32,76.32,55.29,48.43,79.21,18511930,0.47,23.5,★★☆☆☆,OK
031510,오스템,,1130.0,10189,0.2,↓,1137.8,1131.52,50.0,0.92,2.9,49.93,441276144,0.19,9.5,★☆☆☆☆,OK
037330,인지디스플레,,726.0,0,,↑,709.5,775.63,57.78,-11.29,-17.79,73.14,564084207,,,☆☆☆☆☆,Data Missing
159910,에코글로우,,3060.0,14032,1.94,↓,3102.75,3162.25,46.96,-32.49,-29.33,182.14,64215984,1.72,86.0,★★★★★,OK
900270,헝셩그룹,,2540.0,33050,0.07,↓,2873.75,2628.75,14.53,-93.11,-33.55,257.5,64511568,0.02,1.0,★☆☆☆☆,OK
021650,한국큐빅,,1943.0,560,0.13,↓,1975.3,2043.12,39.04,-18.16,-17.08,44.86,218080660,0.1,5.0,★☆☆☆☆,OK
012620,원일특강,,7270.0,2488,0.6,↓,7091.0,6962.33,71.79,83.78,59.62,661.43,7909937,0.5,25.0,★★☆☆☆,OK
271830,팸텍,,1099.0,86888,0.33,↓,1087.85,1039.15,52.11,9.11,6.77,66.36,52122162,0.48,24.0,★★☆☆☆,OK
080520,오디텍,,2855.0,8939,0.93,↓,2867.25,2892.83,53.5,4.68,5.64,174.64,187483470,0.81,40.5,★★☆☆☆,OK
383930,디티앤씨알오,,2540.0,261133,2.41,↑,1819.55,1727.97,81.93,145.15,73.62,307.57,66618265,1.24,62.0,★★★★☆,OK
318020,포인트모바일,,2560.0,4747,0.6,↓,2622.25,2463.85,39.06,-4.32,11.39,146.79,152721394,0.53,26.5,★★☆☆☆,OK
356890,싸이버원,,2615.0,23388,0.14,↓,2547.5,2361.17,47.4,71.89,66.03,160.71,300857911,0.2,10.0,★☆☆☆☆,OK
073540,에프알텍,,2710.0,27056,0.77,↑,2552.0,2334.63,62.5,102.1,87.99,153.21,166153184,0.87,43.5,★★★☆☆,OK
258830,세종메디칼,,412.0,0,,→,412.0,412.0,,-0.0,-0.0,412.0,967233328,,,☆☆☆☆☆,Data Missing
016600,큐캐피탈,,2240.0,9446,0.36,↓,2381.5,2388.17,19.28,-63.76,-46.8,167.5,134080028,0.13,6.5,★☆☆☆☆,OK
464280,티디에스팜,,5520.0,6619,0.58,↑,5520.0,5595.42,44.12,-72.93,-80.69,210.0,9793250,0.59,29.5,★★☆☆☆,OK
311390,네오크레마,,2460.0,32195,1.15,↓,2431.0,2422.08,53.49,14.51,2.65,272.14,106628942,1.54,77.0,★★★★☆,OK
208860,다산디엠씨,,9140.0,1962,1.22,↓,11740.5,11071.5,5.69,-715.13,-288.82,6042.86,3483046,0.08,4.0,★☆☆☆☆,OK
025440,DH오토웨어,,3180.0,14000,3.2,↓,3265.75,3398.0,46.15,-53.99,-51.06,146.79,51411837,2.82,100.0,★★★★★,OK
462510,라메디텍,,3395.0,35274,0.25,↓,3028.75,2875.75,67.15,213.65,152.82,371.79,43340610,0.24,12.0,★☆☆☆☆,OK
462310,뉴키즈온,,3810.0,8137,0.83,↓,3855.25,3769.5,39.63,10.84,16.17,221.07,31674626,0.75,37.5,★★☆☆☆,OK
263920,휴엠앤씨,,3140.0,4854,2.37,↓,3225.5,3446.0,45.71,-51.39,-54.6,159.86,3353470,2.47,100.0,★★★★★,OK
376980,원티드랩,,3145.0,9795,1.6,↓,3123.75,3038.75,61.35,23.1,20.44,244.64,37340285,1.84,92.0,★★★★★,OK
075970,동국알앤에스,,1671.0,65188,3.1,↑,1642.9,1622.48,57.74,12.38,9.45,73.29,834873996,4.02,100.0,★★★★★,OK
032860,더라미,,3640.0,92282,6.29,↑,2900.25,3136.83,73.53,36.36,-71.01,353.21,18221172,4.86,100.0,★★★★★,OK
101670,하이드로리튬,,538.0,1830278,2.43,↑,499.9,648.48,62.9,-18.23,-35.1,38.86,1089256069,2.35,100.0,★★★★★,OK
148250,알엔투테크놀로지,,2125.0,132392,2.03,↑,2026.5,1910.98,53.98,52.55,53.81,167.5,13841356,2.42,100.0,★★★★★,OK
197140,디지캡,,2395.0,13605,0.85,↑,2383.25,2257.0,44.94,12.47,22.22,113.57,36690671,1.02,51.0,★★★☆☆,OK
173940,에프엔씨엔터,,1985.0,7748,0.63,↓,2060.65,2180.97,24.93,-59.09,-59.49,63.0,17612145,0.37,18.5,★☆☆☆☆,OK
090410,덕신이피씨,,3310.0,4241,0.3,↓,3506.0,3714.0,16.47,-136.25,-128.82,209.64,344146800,0.09,4.5,★☆☆☆☆,OK
452160,제이엔비,,3160.0,2860,0.32,↑,3045.75,3156.25,87.3,-7.19,-33.44,156.43,91727462,0.12,6.0,★☆☆☆☆,OK
367000,플래티어,,3570.0,3429,0.66,↑,3506.75,3269.58,54.21,50.79,53.63,306.07,41127131,0.78,39.0,★★☆☆☆,OK
300120,라온피플,,3000.0,21927,0.18,↓,3130.0,2697.33,37.63,57.24,97.68,213.57,61557133,0.15,7.5,★☆☆☆☆,OK
464580,닷밀,,1639.0,2607,0.15,→,1576.25,1576.28,56.7,9.2,-2.34,134.79,65597497,0.19,9.5,★☆☆☆☆,OK
246250,에스엘에스바이오,,1969.0,0,,→,1969.0,1969.0,,-0.0,-0.0,1969.0,39947955,,,☆☆☆☆☆,Data Missing
444530,심플랫폼,,4700.0,2869,0.62,↓,4718.5,4573.33,43.96,28.16,29.7,351.43,61836995,0.61,30.5,★★☆☆☆,OK
097780,에코볼트,,1480.0,9258,1.12,→,1528.85,1406.93,38.26,-2.5,14.47,82.36,5526123505,0.97,48.5,★★★☆☆,OK
038870,에코심플렉스,,2180.0,12018,0.22,↑,2068.9,1929.73,65.15,76.13,75.0,188.71,444089755,0.23,11.5,★☆☆☆☆,OK
262840,아이퀘스트,,2915.0,18605,0.87,↑,2760.25,2811.67,68.64,32.8,7.69,126.79,39613500,0.84,42.0,★★★☆☆,OK
070590,인티큐브,,2140.0,7578,0.35,↓,2126.25,1898.73,46.75,62.51,71.12,115.0,75272924,0.43,21.5,★★☆☆☆,OK
369370,블리츠웨이엔터테인먼트,,2975.0,8523,0.86,↓,3218.0,3570.67,26.22,-172.79,-168.79,176.43,7437588,0.43,21.5,★★☆☆☆,OK
351870,차이커뮤니케이션,,2480.0,22942,1.23,↑,2335.75,2093.75,50.36,39.97,34.48,228.57,22764771,1.79,89.5,★★★★★,OK
226330,신테카바이오,,1227.0,59400,0.41,↓,1260.5,1382.07,50.55,-23.28,-27.29,111.07,339844822,0.45,22.5,★★☆☆☆,OK
407400,꿈비,,2045.0,22999,1.08,↑,2007.9,2007.35,50.5,-7.61,-19.98,132.64,251230962,1.61,80.5,★★★★☆,OK
336060,웨이버스,,3070.0,2078,0.2,↓,3062.5,2985.17,54.9,34.35,31.97,137.14,166826639,0.28,14.0,★☆☆☆☆,OK
099390,브레인즈컴퍼니,,3685.0,17151,2.27,→,3799.5,3553.08,39.72,-1.57,32.17,299.64,17236401,2.0,100.0,★★★★★,OK
033540,파라텍,,2815.0,4725,0.17,↑,2836.5,3491.92,49.64,-155.57,-188.41,174.64,50436418,0.19,9.5,★☆☆☆☆,OK
237820,플레이디,,2250.0,18192,0.76,↓,2298.5,2450.75,49.44,-22.23,-30.28,99.64,252563213,0.86,43.0,★★★☆☆,OK
019570,GMI벤처,,2890.0,11461,1.05,↑,2854.75,2682.0,46.33,32.08,28.3,281.43,48936663,1.42,71.0,★★★★☆,OK
020180,대신정보통신,,3865.0,21213,1.1,↓,3971.75,4112.83,18.92,-61.12,-54.86,199.29,400174800,0.4,20.0,★☆☆☆☆,OK
071850,캐스텍코리아,,1210.0,11663,1.52,↓,1242.7,1324.12,37.43,-25.37,-26.94,67.43,93647051,1.29,64.5,★★★★☆,OK
038950,파인디지털,,2830.0,1321,0.52,↓,3003.5,2994.75,42.13,-50.35,-24.52,188.93,131371521,0.41,20.5,★☆☆☆☆,OK
900070,글로벌에스엠,,1084.0,102534,0.17,↓,1032.7,1014.33,62.38,24.52,14.12,104.86,302032639,0.19,9.5,★☆☆☆☆,OK
043340,에쎈테크,,614.0,20089,0.31,↑,716.25,803.48,18.1,-64.84,-53.82,57.5,263857654,0.1,5.0,★☆☆☆☆,OK
317240,TS트릴리온,,974.0,124378,1.45,↓,1024.45,1045.37,25.29,-28.51,-24.59,57.43,130871989,0.69,34.5,★★☆☆☆,OK
188260,세니젠,,2085.0,4284,0.33,↓,2091.15,2031.77,51.33,18.77,21.76,142.14,43631774,0.36,18.0,★☆☆☆☆,OK
109960,앱토크롬,,1927.0,1269,0.45,↑,1867.45,1782.83,71.31,16.91,15.1,70.43,322906073,0.4,20.0,★☆☆☆☆,OK
128540,에코캡,,1120.0,18617,0.3,↑,1107.85,1194.78,56.89,-26.59,-33.58,69.0,716754321,0.34,17.0,★☆☆☆☆,OK
333050,이노테나,,5940.0,8056,0.57,↑,5659.0,5285.5,58.33,172.0,158.66,248.57,29127141,0.73,36.5,★★☆☆☆,OK
031310,아이즈비전,,986.0,47588,0.98,↓,988.0,966.63,43.42,1.05,0.56,35.29,480817146,1.15,57.5,★★★☆☆,OK
079170,한창산업,,5630.0,944,0.14,↑,5908.5,5490.83,33.55,-46.33,24.49,262.14,83649538,0.11,5.5,★☆☆☆☆,OK
351330,이삭엔지니어링,,3440.0,9505,0.22,↓,3413.75,3527.92,50.72,-18.34,-42.75,311.43,103162857,0.28,14.0,★☆☆☆☆,OK
318010,팜스빌,,3560.0,540,0.23,→,3609.5,3637.75,43.51,-24.05,-22.92,220.36,16531535,0.19,9.5,★☆☆☆☆,OK
050110,캠시스,,4930.0,38359,3.24,↓,5362.3,5141.03,0.0,-29.97,29.5,4705.93,65085377,0.0,0.0,☆☆☆☆☆,OK
388610,지에프씨생명과학,,5220.0,24657,1.36,↓,5616.0,5654.5,34.18,-23.37,2.35,338.57,47618339,0.87,43.5,★★★☆☆,OK
043220,티에스넥스젠,,1710.0,0,,→,1710.0,1710.0,,-0.0,-0.0,1710.0,119012138,,,☆☆☆☆☆,Data Missing
130500,GH신소재,,1910.0,24547,2.07,↓,1908.4,1860.38,54.96,13.81,12.21,109.29,883410436,2.82,100.0,★★★★★,OK
365590,하이딥,,1462.0,292230,1.17,↑,1431.75,1654.78,43.37,-60.45,-87.74,190.0,47471774,1.26,63.0,★★★★☆,OK
068050,팬엔터테인먼트,,1023.0,70038,2.29,↓,1156.3,1157.25,25.97,-29.84,-10.34,64.79,245032495,1.12,56.0,★★★☆☆,OK
119500,포메탈,,2350.0,25405,0.68,↓,2392.75,2439.5,44.87,-26.39,-26.94,85.36,445483669,0.71,35.5,★★☆☆☆,OK
239610,에이치엘사이언스,,5200.0,452,0.5,↓,5290.5,5360.0,47.66,-38.84,-33.6,217.86,14167666,0.46,23.0,★★☆☆☆,OK
007770,한일화학,,7990.0,631,0.34,↑,8020.0,7314.83,43.78,76.76,133.79,474.29,41569223,0.34,17.0,★☆☆☆☆,OK
002680,한탑,,3610.0,118991,1.1,↑,3009.0,2447.3,74.1,308.94,231.01,322.86,126421581,0.84,42.0,★★★☆☆,OK
088340,유라클,,6380.0,5001,0.25,↓,6740.5,6734.33,27.27,-146.96,-97.06,510.0,57598662,0.13,6.5,★☆☆☆☆,OK
254120,자비스,,910.0,0,,→,959.45,918.65,4.03,-17.79,-9.61,606.86,359604284,,,☆☆☆☆☆,Data Missing
101400,엔시트론,,1841.0,109330,0.68,↑,1681.4,1738.42,68.87,-10.54,-32.24,115.36,23296040,0.64,32.0,★★☆☆☆,OK
373170,엠아이큐브솔루션,,1844.0,15361,0.26,↓,1898.05,1776.42,43.07,-5.53,2.75,108.07,29853953,0.25,12.5,★☆☆☆☆,OK
067010,이씨에스,,2560.0,22257,0.45,↑,2543.25,2321.32,46.88,40.96,51.03,105.57,499210845,0.57,28.5,★★☆☆☆,OK
160550,NEW,,1004.0,16172,0.29,→,1046.55,1052.28,22.06,-12.54,-5.2,61.86,218962275,0.12,6.0,★☆☆☆☆,OK
187270,신화콘텍,,2745.0,3564,0.54,↓,3005.0,2941.08,29.47,-54.55,-28.36,237.5,192300115,0.29,14.5,★☆☆☆☆,OK
089150,케이씨티,,1601.0,32011,1.17,↓,1685.95,1777.3,29.37,-55.38,-53.95,52.36,924225027,0.67,33.5,★★☆☆☆,OK
068100,케이웨더,,2320.0,7405,1.11,↓,2332.0,2323.33,44.64,6.11,5.92,99.29,57328414,1.14,57.0,★★★☆☆,OK
225220,제놀루션,,1492.0,48306,1.57,↑,1443.85,1383.8,58.24,21.49,20.34,106.29,64741298,1.96,98.0,★★★★★,OK
131220,대한과학,,3705.0,3716,0.75,↑,3629.25,3646.0,54.35,4.33,-9.51,112.5,332687723,1.06,53.0,★★★☆☆,OK
091970,LSK아이로봇,,3695.0,33122,1.79,↑,3743.0,3934.42,40.51,-88.37,-85.5,292.5,46910671,1.34,67.0,★★★★☆,OK
450520,인스웨이브,,1860.0,66393,2.87,↓,1908.1,1860.1,33.94,-4.9,2.5,175.64,127622714,1.78,89.0,★★★★★,OK
398120,에스지헬스케어,,2330.0,36310,0.5,↑,2040.45,1969.47,77.65,106.88,70.36,184.0,58003530,0.33,16.5,★☆☆☆☆,OK
008470,부스타,,1703.0,6860,0.36,↑,1689.05,1766.48,47.12,-20.33,-22.42,90.71,114449999,0.45,22.5,★★☆☆☆,OK
066910,손오공,,1796.0,74957,2.52,↑,1825.95,1950.88,46.41,-51.1,-51.41,101.93,230637089,2.66,100.0,★★★★★,OK
195500,마니커에프앤지,,1732.0,41627,1.24,↑,1723.7,1695.77,49.33,-4.08,-4.16,71.79,360960261,1.88,94.0,★★★★★,OK
038880,아이에이,,3650.0,10484,0.61,↑,3348.5,3421.5,63.64,52.22,7.0,256.43,59279713,0.66,33.0,★★☆☆☆,OK
198940,한주라이트메탈,,1367.0,26036,0.44,↓,1411.15,1353.37,35.25,3.48,8.04,94.07,194585548,0.35,17.5,★☆☆☆☆,OK
093380,풍강,,2750.0,10534,0.33,↓,3100.75,2906.25,33.01,-4.8,42.5,202.86,160609544,0.2,10.0,★☆☆☆☆,OK
376180,피코그램,,1445.0,17847,0.55,↓,1404.5,1435.32,61.28,3.44,-10.01,121.21,645750385,0.63,31.5,★★☆☆☆,OK
288620,에스프리즘,,3825.0,10304,0.23,↓,4074.25,4040.67,37.02,-52.43,-29.9,232.86,100006552,0.16,8.0,★☆☆☆☆,OK
139670,키네마스터,,1940.0,7528,0.58,↑,2017.6,1814.82,39.23,0.31,27.96,181.5,136872955,0.5,25.0,★★☆☆☆,OK
236810,엔비티,,1586.0,18790,0.78,↓,1694.35,1471.27,37.09,7.7,35.27,116.64,329987554,0.65,32.5,★★☆☆☆,OK
114630,폴라리스우노,,1581.0,15181,0.23,↓,1590.9,1544.67,27.43,15.3,19.68,78.07,59701766,0.14,7.0,★☆☆☆☆,OK
048470,대동스틸,,2790.0,13561,0.34,↓,2859.75,2715.83,46.47,19.04,27.27,200.71,359953023,0.35,17.5,★☆☆☆☆,OK
078590,휴림에이텍,,2735.0,40374,0.67,↓,2881.25,2928.3,32.5,-80.34,-63.3,144.29,226952768,0.41,20.5,★☆☆☆☆,OK
215790,이노인스트루먼트,,666.0,0,,↑,677.5,733.17,51.11,-16.76,-18.2,121.5,463615910,,,☆☆☆☆☆,Data Missing
115480,씨유메디칼,,2270.0,9372,0.81,↓,2326.0,2110.47,43.61,14.46,33.99,197.14,106020365,0.78,39.0,★★☆☆☆,OK
368970,오에스피,,2395.0,75836,1.88,↓,2591.25,2413.67,43.5,-1.17,43.83,160.71,-1012828,1.53,76.5,★★★★☆,OK
359090,씨엔알리서치,,2325.0,12274,1.15,↑,2212.7,2024.88,80.26,79.88,77.96,189.29,60285196,0.67,33.5,★★☆☆☆,OK
123840,뉴온,,1719.0,5080,0.2,↓,1733.25,1791.67,53.11,-13.92,-19.49,181.14,9469766,0.2,10.0,★☆☆☆☆,OK
016670,디모아,,2545.0,2840,0.3,↓,2545.5,2490.75,60.47,51.26,42.55,162.14,29760141,0.31,15.5,★☆☆☆☆,OK
096630,에스코넥,,1681.0,43962,2.21,↑,1762.5,1832.5,21.2,-51.57,-44.15,166.29,394968653,0.85,42.5,★★★☆☆,OK
027040,서울전자통신,,1900.0,117292,0.23,↑,1811.9,1867.32,60.0,12.91,-10.45,193.43,165455026,0.27,13.5,★☆☆☆☆,OK
458350,에스팀,,2990.0,18394,0.75,→,3030.0,3429.67,42.86,-113.08,-139.88,150.71,-26324624,0.73,36.5,★★☆☆☆,OK
297570,아틀라스링크,,3940.0,6688,0.92,↑,4082.5,4366.17,40.27,-125.93,-126.53,406.79,277017217,0.81,40.5,★★☆☆☆,OK
191410,육일씨엔에쓰,,1721.0,88850,0.52,↑,1775.1,1552.58,44.22,10.71,31.97,115.29,91713957,0.52,26.0,★★☆☆☆,OK
080530,코디,,2400.0,11380,1.42,↓,2514.5,2458.58,44.56,-8.57,7.07,220.36,34621134,1.16,58.0,★★★☆☆,OK
043200,파루,,1252.0,45271,0.47,→,1217.9,1144.88,68.0,24.21,23.07,49.0,573276974,0.46,23.0,★★☆☆☆,OK
017000,신원종합개발,,2265.0,11693,0.48,↓,2350.0,2346.47,27.27,-26.46,-18.88,104.64,440015053,0.25,12.5,★☆☆☆☆,OK
047080,한빛소프트,,1080.0,25981,0.57,→,1075.9,1028.23,45.28,10.36,10.6,62.57,546522837,0.68,34.0,★★☆☆☆,OK
069140,누리플랜,,1757.0,10308,0.46,↑,1759.35,1800.83,51.25,-18.84,-22.02,114.14,104526223,0.51,25.5,★★☆☆☆,OK
290560,파라택시스이더리움,,1121.0,134411,0.57,↓,1262.05,1173.18,36.83,0.86,17.29,129.43,65909085,0.38,19.0,★☆☆☆☆,OK
016920,카스,,1021.0,18102,0.23,↓,1079.45,1053.93,18.5,-14.19,-4.64,46.14,811378632,0.08,4.0,★☆☆☆☆,OK
290520,신도기연,,1685.0,19400,0.89,↑,1613.15,1594.83,60.85,21.84,11.48,116.21,166045920,1.04,52.0,★★★☆☆,OK
058110,멕아이씨에스,,1630.0,93243,0.88,↑,1542.35,1646.67,60.45,-13.32,-35.73,139.0,380607224,0.9,45.0,★★★☆☆,OK
032750,삼진,,2905.0,2491,0.51,↓,2954.75,2947.67,32.26,-13.58,-6.2,70.0,90723566,0.32,16.0,★☆☆☆☆,OK
290270,휴네시온,,2730.0,21561,0.68,↓,2857.0,2773.25,33.81,-3.5,7.32,142.5,135629113,0.44,22.0,★★☆☆☆,OK
069410,엔텔스,,2535.0,11431,0.8,↓,2614.0,2763.17,33.63,-68.96,-70.61,127.86,200387798,0.61,30.5,★★☆☆☆,OK
238490,힘스,,2345.0,12923,1.13,↑,2300.75,2290.67,51.15,-1.14,-4.73,194.64,75659705,1.63,81.5,★★★★★,OK
363260,모비데이즈,,4090.0,5637,0.18,↓,4207.75,4209.67,40.3,-78.03,-63.29,262.5,118219952,0.14,7.0,★☆☆☆☆,OK
355390,크라우드웍스,,1612.0,308867,0.64,↑,1430.75,1578.83,65.19,22.68,-14.22,241.29,79773980,0.62,31.0,★★☆☆☆,OK
134060,이퓨쳐,,5440.0,2270,0.98,↑,5451.0,5223.17,49.59,20.87,40.53,265.71,34206122,1.11,55.5,★★★☆☆,OK
900310,컬러레이,,2005.0,4812,1.15,↓,2122.5,2063.45,33.33,-20.49,-3.21,217.79,199280958,0.69,34.5,★★☆☆☆,OK
105550,엣지파운드리,,1631.0,23006,0.67,↓,1693.15,1953.1,35.81,-97.3,-108.85,63.5,14317116,0.55,27.5,★★☆☆☆,OK
079000,와토스코리아,,3595.0,2775,0.27,↑,3816.5,4108.5,18.69,-149.04,-134.05,174.64,40812877,0.1,5.0,★☆☆☆☆,OK
033050,제이엠아이,,802.0,9594,0.53,↓,815.5,833.35,43.16,-7.47,-7.16,20.86,183941296,0.45,22.5,★★☆☆☆,OK
103840,우양,,1556.0,29625,1.23,↓,1599.9,1737.4,34.1,-40.3,-44.99,63.29,550408506,0.97,48.5,★★★☆☆,OK
322780,코퍼스코리아,,1700.0,13429,0.34,↑,1812.8,1938.3,26.48,-67.69,-50.54,171.07,109605034,0.16,8.0,★☆☆☆☆,OK
146060,율촌,,1073.0,10376,0.35,→,1079.05,1056.17,45.19,0.93,1.51,76.14,29876992,0.35,17.5,★☆☆☆☆,OK
052300,오션인더블유,,1568.0,26978,0.12,↓,1547.35,1471.83,63.28,35.8,40.62,147.93,38467123,0.11,5.5,★☆☆☆☆,OK
072770,멤레이비티,,612.0,0,,↓,758.9,825.68,18.77,-64.56,-45.81,197.64,217006618,,,☆☆☆☆☆,Data Missing
013720,청보,,2100.0,6780,0.9,↓,2235.5,2222.02,39.55,-39.19,-23.27,158.93,26778616,0.66,33.0,★★☆☆☆,OK
054090,삼진엘앤디,,1013.0,25155,0.35,↑,1027.75,980.6,35.45,1.78,6.65,78.36,994007263,0.28,14.0,★☆☆☆☆,OK
096690,에이루트,,6300.0,923,0.14,→,6620.5,6221.83,36.26,-60.14,11.99,610.0,15125876,0.11,5.5,★☆☆☆☆,OK
057680,티사이언티픽,,1633.0,80592,1.36,↓,1716.95,1700.28,40.84,-9.95,1.48,145.21,137514000,1.02,51.0,★★★☆☆,OK
206400,베노티앤알,,670.0,92504,0.22,↓,727.35,818.9,50.0,-22.19,-22.08,118.21,176264033,0.19,9.5,★☆☆☆☆,OK
060230,제이케이시냅스,,1285.0,45487,0.25,↓,1258.85,1293.95,61.6,9.65,-3.38,121.93,368455496,0.25,12.5,★☆☆☆☆,OK
090150,아이윈,,5870.0,1629,0.15,↓,6015.0,5589.0,30.36,31.17,67.14,262.14,56089105,0.1,5.0,★☆☆☆☆,OK
023770,플레이위드,,2780.0,46039,2.02,↑,2659.0,2503.92,54.27,37.0,36.84,218.93,32765146,2.74,100.0,★★★★★,OK
415380,스튜디오삼익,,2195.0,16710,0.83,↑,2147.75,2009.58,48.96,33.13,34.92,125.36,-13146513,1.08,54.0,★★★☆☆,OK
177830,파버나인,,2195.0,22595,1.4,↑,2157.25,2293.92,49.47,-37.89,-47.55,107.86,151991452,1.85,92.5,★★★★★,OK
328380,솔트웨어,,3600.0,7784,0.64,↓,3864.25,3512.17,39.46,19.48,52.2,344.29,117713533,0.55,27.5,★★☆☆☆,OK
060380,동양에스텍,,1285.0,6486,0.64,↓,1294.95,1248.8,48.05,10.72,11.64,51.64,155270700,0.71,35.5,★★☆☆☆,OK
378800,샤페론,,2680.0,44745,1.43,↑,2571.25,2503.92,69.7,25.98,3.48,1375.36,164055818,0.92,46.0,★★★☆☆,OK
140430,카티스,,2400.0,154380,0.18,↓,2492.95,2009.37,44.79,137.41,172.94,333.21,170490924,0.17,8.5,★☆☆☆☆,OK
405920,나라셀라,,1898.0,12306,2.03,↓,1853.55,1794.38,48.98,33.14,27.56,126.14,53663467,2.98,100.0,★★★★★,OK
368600,아이씨에이치,,956.0,0,,→,968.2,901.8,,7.06,12.09,956.0,27090167,,,☆☆☆☆☆,Data Missing
318000,KBG,,2775.0,3852,0.53,↑,2741.25,2834.67,52.69,-24.43,-33.07,96.79,293982997,0.68,34.0,★★☆☆☆,OK
148780,비큐AI,,3890.0,36912,0.56,↓,3870.75,3450.83,55.93,88.07,93.71,270.71,123079030,0.65,32.5,★★☆☆☆,OK
193250,링크드,,1839.0,15462,0.66,↓,2015.45,1947.83,28.88,-46.31,-16.38,225.93,373191787,0.34,17.0,★☆☆☆☆,OK
053290,NE능률,,1485.0,16620,1.64,↓,1594.45,1687.45,46.04,-48.28,-35.25,129.86,780429246,1.39,69.5,★★★★☆,OK
475660,에스켐,,3090.0,29844,2.05,↓,3171.25,3296.92,47.42,-58.78,-70.05,259.64,-46956,2.15,100.0,★★★★★,OK
021880,메이슨캐피탈,,1196.0,7187,0.31,↑,1215.15,1243.27,35.96,-36.14,-38.45,100.5,83471147,0.25,12.5,★☆☆☆☆,OK
043590,웰킵스하이텍,,1850.0,169823,5.27,↑,1611.75,1392.73,76.54,98.11,88.26,146.0,55091050,3.67,100.0,★★★★★,OK
016100,리더스코스메틱,,1345.0,5092,0.15,↑,1269.35,1156.85,59.12,38.93,37.19,116.79,145590079,0.18,9.0,★☆☆☆☆,OK
054940,엑사이엔씨,,3645.0,112576,1.65,↑,3697.75,3706.5,43.68,-27.51,-20.25,227.5,243900364,1.36,68.0,★★★★☆,OK
131180,딜리,,4335.0,703,0.14,↑,4241.75,3914.0,51.51,78.59,93.04,279.86,80482082,0.18,9.0,★☆☆☆☆,OK
044780,에이치케이,,1302.0,26582,0.71,↓,1362.6,1324.13,32.05,-6.26,3.02,72.07,169751568,0.43,21.5,★★☆☆☆,OK
083660,CSA 코스믹,,1388.0,14314,0.38,↓,1495.3,1572.72,40.74,-47.58,-37.41,143.43,16848594,0.28,14.0,★☆☆☆☆,OK
317120,라닉스,,1589.0,49985,0.76,↑,1463.2,1409.48,68.8,26.21,11.7,89.57,393635042,0.72,36.0,★★☆☆☆,OK
138070,신진에스엠,,1410.0,42631,3.4,↓,1491.3,1506.17,37.84,-18.64,-7.42,107.64,186341138,2.39,100.0,★★★★★,OK
429270,시지트로닉스,,3225.0,205029,0.89,↓,3278.5,3369.33,47.18,-12.08,-24.05,278.57,53012700,0.93,46.5,★★★☆☆,OK
001810,무림SP,,1100.0,21819,0.55,↓,1165.5,1177.28,39.92,-17.53,-9.47,62.14,293873534,0.42,21.0,★★☆☆☆,OK
464500,아이언디바이스,,1702.0,18296,0.47,↓,1671.45,1726.83,61.49,-9.56,-20.72,103.5,206462275,0.48,24.0,★★☆☆☆,OK
123750,알톤,,1727.0,6358,0.31,↓,1773.55,1828.7,45.08,-7.73,-1.09,91.21,129103213,0.27,13.5,★☆☆☆☆,OK
101680,한국정밀기계,,2710.0,10518,0.64,↓,2908.25,2692.83,32.28,24.89,59.35,156.79,45990771,0.47,23.5,★★☆☆☆,OK
219750,한국비티비,,1810.0,9645,0.67,↑,1697.55,1733.37,50.81,19.74,-1.96,132.36,13404719,0.98,49.0,★★★☆☆,OK
115160,휴맥스,,5500.0,4934,0.58,↓,5593.5,5574.5,50.2,43.48,42.13,428.57,53294455,0.64,32.0,★★☆☆☆,OK
083640,인콘,,5390.0,2639,0.38,↑,5394.0,5583.12,50.93,-75.67,-73.72,305.0,35111361,0.35,17.5,★☆☆☆☆,OK
065690,파커스,,1968.0,17091,0.52,↑,1863.5,1627.07,78.34,57.57,59.86,65.14,68898151,0.31,15.5,★☆☆☆☆,OK
115530,씨엔플러스,,2840.0,14393,0.35,↓,2841.5,2588.35,62.45,31.35,46.65,308.57,23172563,0.28,14.0,★☆☆☆☆,OK
035200,프럼파스트,,2550.0,16966,0.1,↓,2680.5,2715.75,38.38,-61.72,-46.47,133.21,271737795,0.07,3.5,★☆☆☆☆,OK
206560,덱스터,,911.0,50094,0.58,→,931.65,984.13,44.2,-14.06,-14.88,62.21,531046087,0.58,29.0,★★☆☆☆,OK
389680,유디엠텍,,2810.0,74580,0.51,↓,2711.85,1879.38,58.48,293.55,334.9,289.29,-1879737,0.54,27.0,★★☆☆☆,OK
188040,바이오포트,,4980.0,4448,0.8,↓,4989.75,4968.33,49.22,-0.06,-0.26,302.86,9194030,1.04,52.0,★★★☆☆,OK
267790,배럴,,3050.0,2664,0.79,↓,3207.5,3269.5,37.29,-67.88,-54.19,183.93,51562035,0.56,28.0,★★☆☆☆,OK
032680,소프트센,,1018.0,117883,1.27,↑,954.4,930.83,75.96,24.83,19.24,68.86,684577649,0.92,46.0,★★★☆☆,OK
377330,이지트로닉스,,2865.0,2401,0.72,↑,2768.0,2642.17,49.08,38.01,32.17,258.57,33998253,1.04,52.0,★★★☆☆,OK
039740,한국정보공학,,3050.0,7136,0.79,↑,3052.0,3071.08,33.58,-33.57,-27.36,170.0,158101986,0.5,25.0,★★☆☆☆,OK
051380,피씨디렉트,,1510.0,9313,0.64,↑,1538.75,1585.87,34.55,-25.28,-24.89,46.29,222813926,0.43,21.5,★★☆☆☆,OK
065370,위세아이텍,,3170.0,14290,2.2,↑,3010.0,2957.0,66.39,42.59,21.61,157.86,40462439,2.25,100.0,★★★★★,OK
257370,피엔티엠에스,,1890.0,6739,0.44,↓,1904.55,1967.0,46.83,-19.84,-25.41,233.93,19996920,0.44,22.0,★★☆☆☆,OK
247660,나노씨엠에스,,3685.0,181585,2.28,↓,3979.0,3299.75,42.38,124.59,205.27,343.93,37698101,2.12,100.0,★★★★★,OK
076080,웰크론한텍,,998.0,17023,0.57,↓,1095.55,1051.67,33.11,-17.82,-0.59,81.36,948614849,0.35,17.5,★☆☆☆☆,OK
237750,피앤씨테크,,3470.0,5063,0.85,↑,3401.25,3678.83,52.49,-50.54,-70.78,268.57,84645429,1.05,52.5,★★★☆☆,OK
301300,바이브컴퍼니,,1777.0,9627,0.13,↑,1857.0,1821.3,23.0,-75.8,-65.09,210.79,50968939,0.05,2.5,★☆☆☆☆,OK
208350,지란지교시큐리티,,2770.0,7964,0.76,↓,2969.25,2937.58,33.33,-29.3,-5.24,172.86,244598714,0.48,24.0,★★☆☆☆,OK
036480,대성미생물,,6050.0,3088,0.83,↑,6114.5,6211.67,44.0,-52.05,-41.98,212.86,82516739,0.71,35.5,★★☆☆☆,OK
210120,빅텐츠,,1552.0,2556963,9.18,↓,1758.8,1822.23,47.76,0.19,10.44,261.93,13826517,7.5,100.0,★★★★★,OK
417180,핑거스토리,,3965.0,1823,0.35,↓,4198.5,4141.5,45.66,-77.07,-40.52,420.36,74284356,0.29,14.5,★☆☆☆☆,OK
361670,삼영에스앤씨,,4000.0,12540,1.87,↑,3668.75,3576.08,83.06,91.99,55.74,185.0,33510968,0.97,48.5,★★★☆☆,OK
347770,핌스,,990.0,179704,2.99,↑,891.9,932.25,61.36,-4.25,-17.11,81.57,110621513,3.42,100.0,★★★★★,OK
020400,대동금속,,2450.0,17032,1.25,↓,2727.75,2819.08,20.93,-88.47,-69.98,150.36,91724883,0.49,24.5,★★☆☆☆,OK
018680,서울제약,,1945.0,10178,2.01,↑,1957.4,2001.17,44.15,-14.29,-14.02,55.0,148451369,1.73,86.5,★★★★★,OK
352940,인바이오,,2155.0,4865,0.12,↑,2117.2,2046.52,49.44,7.5,16.46,216.29,76569762,0.15,7.5,★☆☆☆☆,OK
032800,판타지오,,1486.0,8285,0.56,↓,1488.15,1522.9,49.4,-10.39,-14.09,89.0,857487956,0.63,31.5,★★☆☆☆,OK
033200,모아텍,,2440.0,1786,0.28,↑,2479.0,2529.67,40.85,-28.49,-25.0,105.71,56991867,0.22,11.0,★☆☆☆☆,OK
298060,풍전약품,,2320.0,3972,0.3,↓,2362.25,2503.0,52.31,-39.06,-41.44,109.43,22956473,0.33,16.5,★☆☆☆☆,OK
187220,디티앤씨,,1972.0,9099,0.91,↓,2010.8,2112.73,50.18,-13.42,-19.45,116.79,126041633,1.03,51.5,★★★☆☆,OK
192390,윈하이텍,,1894.0,22103,0.82,↑,1851.7,1825.23,56.66,17.9,16.2,112.71,136563143,1.07,53.5,★★★☆☆,OK
017250,인터엠,,1090.0,17577,0.86,↑,1058.9,1015.52,49.12,11.92,11.85,46.21,141552770,1.3,65.0,★★★★☆,OK
007720,소노스퀘어,,1101.0,7778,0.35,↓,1152.8,1282.85,19.75,-52.17,-54.81,77.0,159385433,0.16,8.0,★☆☆☆☆,OK
424760,벨로크,,2160.0,25311,0.54,↓,2192.25,2156.72,48.24,-23.0,-26.44,155.0,36716826,0.68,34.0,★★☆☆☆,OK
013810,스페코,,1486.0,35143,1.44,↓,1562.25,1603.45,33.97,-19.55,-15.15,78.14,1054062078,0.93,46.5,★★★☆☆,OK
115570,스타플렉스,,2775.0,5038,0.42,↑,2739.75,2549.75,52.72,40.7,54.74,143.57,-252651,0.53,26.5,★★☆☆☆,OK
070300,퀀텀레일,,617.0,2508055,1.12,↓,1191.5,1514.63,7.2,-273.38,-201.39,152.43,63894561,0.13,6.5,★☆☆☆☆,OK
238200,비피도,,2800.0,1627,0.44,↑,2729.0,2646.0,55.17,22.43,22.85,371.07,55287639,0.49,24.5,★★☆☆☆,OK
432980,엠에프씨,,2620.0,3992,0.1,↓,2601.75,2620.33,55.22,6.65,-0.63,230.36,-3145033,0.12,6.0,★☆☆☆☆,OK
053060,세동,,1245.0,47063,1.65,↑,1241.65,1327.77,42.14,-20.89,-25.61,44.57,322142255,1.88,94.0,★★★★★,OK
303530,이노뎁,,3005.0,4866,0.65,↓,3047.0,2824.67,37.5,31.85,48.11,168.93,87828682,0.55,27.5,★★☆☆☆,OK
098660,에스티오,,1735.0,5944,0.57,↑,1623.15,1632.17,68.49,16.41,-0.62,67.0,62411828,0.55,27.5,★★☆☆☆,OK
032080,아즈텍WB,,1010.0,0,,→,1017.7,1037.15,,-11.3,-12.05,1010.0,673715267,,,☆☆☆☆☆,Data Missing
027580,상보,,1869.0,34032,0.57,↓,1811.8,1648.38,58.63,72.92,71.52,125.29,409836883,0.71,35.5,★★☆☆☆,OK
222980,한국맥널티,,1999.0,11658,0.99,↓,2194.2,2164.82,21.33,-32.23,-5.33,154.5,261567960,0.39,19.5,★☆☆☆☆,OK
039310,세중,,1198.0,10434,0.33,↑,1264.7,1280.28,33.46,-41.91,-32.0,106.86,121514384,0.2,10.0,★☆☆☆☆,OK
115610,이미지스,,1803.0,96803,0.76,↑,1672.55,1568.02,62.09,58.86,36.53,133.5,245035451,0.86,43.0,★★★☆☆,OK
200230,텔콘RF제약,,2235.0,22589,1.36,↓,2213.5,2187.32,58.67,17.54,4.09,320.0,74484833,1.57,78.5,★★★★☆,OK
032280,삼일,,1308.0,23831,0.78,↓,1341.15,1322.68,31.07,-7.18,-2.5,30.43,365464605,0.47,23.5,★★☆☆☆,OK
092600,앤씨앤,,2380.0,104429,0.31,↓,2583.45,2209.93,52.94,117.92,181.23,563.93,50602396,0.28,14.0,★☆☆☆☆,OK
095910,에스에너지,,583.0,0,,↑,586.75,660.5,39.25,-22.78,-29.06,148.0,524271991,,,☆☆☆☆☆,Data Missing
215480,토박스코리아,,1997.0,6143,0.51,↓,2070.45,2027.73,41.33,6.45,10.61,129.07,519380266,0.4,20.0,★☆☆☆☆,OK
083470,이엠앤아이,,974.0,839643,7.23,↑,900.75,875.03,79.78,14.57,5.26,61.86,83837410,4.4,100.0,★★★★★,OK
054220,비츠로시스,,1679.0,61236,0.58,↓,1676.9,1585.68,56.26,22.15,25.27,148.86,51027975,0.65,32.5,★★☆☆☆,OK
018700,졸스,,1270.0,12102,0.9,↓,1326.75,1377.98,29.35,-31.14,-28.5,58.0,236338048,0.51,25.5,★★☆☆☆,OK
331520,밸로프,,2145.0,9011,0.38,↓,2265.0,2275.75,31.17,-48.93,-37.49,218.57,101797829,0.21,10.5,★☆☆☆☆,OK
277410,인산가,,5670.0,3371,0.78,↑,5578.5,5648.5,60.94,-20.43,-40.24,337.14,80776874,0.92,46.0,★★★☆☆,OK
274400,이노시뮬레이션,,2305.0,22008,1.77,↑,2172.0,2180.05,64.14,-2.65,-23.98,151.64,4017553,1.91,95.5,★★★★★,OK
440320,오픈놀,,2060.0,10690,0.76,↓,2182.5,2213.4,34.35,-62.26,-51.52,160.71,105731067,0.48,24.0,★★☆☆☆,OK
063760,이엘피,,2220.0,27794,1.0,↑,2258.0,2423.67,43.94,-70.97,-68.7,141.43,20604022,0.83,41.5,★★★☆☆,OK
342870,오아,,3895.0,13510,2.58,↑,3722.0,3798.58,47.79,-0.63,-28.56,246.79,-164246,3.71,100.0,★★★★★,OK
045520,크린앤사이언스,,3200.0,10138,0.21,↓,3190.5,2823.67,47.75,141.13,159.94,139.29,72887271,0.27,13.5,★☆☆☆☆,OK
455180,케이지에이,,1384.0,106185,2.66,↑,1288.7,1425.18,60.68,-20.6,-36.56,88.36,52066521,2.75,100.0,★★★★★,OK
067730,로지시스,,2145.0,9162,1.06,↓,2207.25,2186.17,33.82,-10.56,-4.25,73.21,392577613,0.69,34.5,★★☆☆☆,OK
044480,빌리언스,,3205.0,5849,0.16,↑,3409.5,3957.67,42.86,-245.57,-239.09,366.43,22971875,0.12,6.0,★☆☆☆☆,OK
372800,아이티아이즈,,2905.0,74648,3.14,→,2950.75,2953.92,54.78,-11.02,2.23,190.36,23682195,2.67,100.0,★★★★★,OK
024940,PN풍년,,2055.0,31010,0.26,↑,2024.65,2008.85,50.59,19.46,18.69,74.21,294355545,0.4,20.0,★☆☆☆☆,OK
438700,버넥트,,1818.0,10517,0.49,↓,1816.75,1770.82,53.96,9.55,10.73,108.0,57721872,0.6,30.0,★★☆☆☆,OK
154040,다산솔루에타,,9480.0,7236,2.31,↓,10073.5,9551.5,37.7,-157.01,-81.62,5077.14,25861585,1.13,56.5,★★★☆☆,OK
241840,에이스토리,,2210.0,26065,2.27,↑,2294.5,2334.83,32.1,-51.85,-41.68,178.93,82443234,1.35,67.5,★★★★☆,OK
289220,자이언트스텝,,937.0,35080,0.87,↑,965.1,1090.82,34.83,-44.03,-48.2,66.29,199173089,0.68,34.0,★★☆☆☆,OK
096870,엘디티,,2435.0,67835,1.46,↓,2360.75,2339.75,55.19,33.07,18.16,172.14,41589016,1.96,98.0,★★★★★,OK
353590,오토앤,,1573.0,7965,0.82,↑,1581.9,1612.15,34.95,-28.81,-31.88,110.86,154309858,0.64,32.0,★★☆☆☆,OK
362990,드림인사이트,,1201.0,4133,0.19,↓,1233.5,1225.62,46.27,-5.56,0.62,100.29,32914319,0.16,8.0,★☆☆☆☆,OK
065150,대산F&B,,1217.0,28138,0.33,↑,1261.0,1623.0,42.06,-87.31,-106.13,107.07,-4318498,0.31,15.5,★☆☆☆☆,OK
043360,디지아이,,2245.0,4810,0.28,↓,2389.5,2302.67,20.83,-32.69,-10.52,173.93,81845313,0.11,5.5,★☆☆☆☆,OK
130740,티피씨글로벌,,1799.0,13462,0.68,↓,1918.3,1976.18,25.81,-56.31,-44.09,103.0,179523017,0.33,16.5,★☆☆☆☆,OK
065060,지엔코,,3410.0,2037,0.24,↑,3316.25,3311.92,54.07,-2.65,-19.27,262.5,49564565,0.33,16.5,★☆☆☆☆,OK
340440,세림B&G,,3550.0,37766,4.88,↓,3766.25,4035.83,0.0,-68.62,-70.83,3292.5,153648938,0.0,0.0,☆☆☆☆☆,OK
088290,이원컴포텍,,2525.0,20014,2.63,↑,2329.0,2369.42,70.45,40.86,4.66,156.79,28388799,2.34,100.0,★★★★★,OK
405000,플라즈맵,,3755.0,8405,0.43,↓,3506.5,3930.58,59.08,9.49,-58.88,351.07,4103392,0.45,22.5,★★☆☆☆,OK
276730,한울앤제주,,851.0,22405,0.23,↑,981.2,1867.32,26.46,-210.43,-243.97,78.57,17507902,0.13,6.5,★☆☆☆☆,OK
131100,티엔엔터테인먼트,,3200.0,49351,0.39,↓,2720.0,2663.25,64.69,227.72,136.1,432.5,6335218,0.39,19.5,★☆☆☆☆,OK
021040,대호특수강,,949.0,106838,3.59,↑,939.95,938.4,62.77,-2.88,-3.33,65.21,4517952264,4.0,100.0,★★★★★,OK
019660,글로본,,1440.0,24778,0.8,↑,1483.75,1588.42,23.88,-31.45,-29.56,58.93,29760333,0.37,18.5,★☆☆☆☆,OK
079950,인베니아,,1453.0,24335,0.29,↓,1388.8,1191.65,52.99,70.58,68.19,106.64,69391366,0.41,20.5,★☆☆☆☆,OK
344860,이노진,,1292.0,65157,0.61,↓,1402.4,1349.85,11.38,-16.67,3.62,96.64,23452061,0.13,6.5,★☆☆☆☆,OK
080470,성창오토텍,,2750.0,3319,0.45,↑,2779.75,2846.58,42.34,-33.93,-33.04,167.64,214962760,0.36,18.0,★☆☆☆☆,OK
038530,케이바이오랩스,,3840.0,10787,1.41,↓,4456.25,4621.42,20.76,-284.97,-218.38,1477.14,74743045,0.42,21.0,★★☆☆☆,OK
353190,휴럼,,2540.0,9740,2.17,↓,2597.0,2735.5,45.93,-38.63,-43.85,102.64,24984876,2.3,100.0,★★★★★,OK
050760,에스폴리텍,,1209.0,31949,0.49,↑,1203.15,1161.92,50.45,5.51,5.28,51.79,206515023,0.74,37.0,★★☆☆☆,OK
113810,디젠스,,3100.0,7284,0.34,↓,3059.5,2653.48,55.68,86.77,96.46,223.21,273483200,0.39,19.5,★☆☆☆☆,OK
069330,유아이디,,1160.0,11996,0.36,↓,1216.15,1142.05,44.7,-0.54,13.07,78.64,214577175,0.36,18.0,★☆☆☆☆,OK
154030,아시아종묘,,1621.0,9972,0.65,↑,1662.6,1639.27,37.63,-16.83,-9.21,109.86,299966570,0.46,23.0,★★☆☆☆,OK
275630,에스에스알,,4050.0,1454,0.12,↑,4050.0,3937.5,37.45,-25.07,-13.06,326.43,23588985,0.1,5.0,★☆☆☆☆,OK
252500,세화피앤씨,,2380.0,6649,0.13,↑,2300.75,2370.67,60.0,-10.28,-27.3,130.0,157841928,0.16,8.0,★☆☆☆☆,OK
023790,동일스틸럭스,,1529.0,315925,0.31,↓,1535.85,1489.25,50.84,29.3,24.08,149.64,158544906,0.39,19.5,★☆☆☆☆,OK
227610,아우딘퓨쳐스,,1051.0,50175,1.73,↑,1046.5,1167.7,46.27,-34.51,-37.58,123.43,83945614,2.01,100.0,★★★★★,OK
073190,듀오백,,1622.0,0,,→,1622.0,1391.95,,28.53,40.67,1622.0,74530513,,,☆☆☆☆☆,Data Missing
214610,롤링스톤,,2290.0,0,,→,2290.0,2290.0,,-0.01,-0.02,2290.0,56967430,,,☆☆☆☆☆,Data Missing
085810,알티캐스트,,1433.0,14150,0.71,↑,1455.95,1613.62,31.93,-54.12,-58.95,131.5,63581223,0.5,25.0,★★☆☆☆,OK
403490,우듬지팜,,2065.0,6860,0.34,↑,2128.85,2351.2,39.94,-91.8,-94.32,184.21,147346489,0.3,15.0,★☆☆☆☆,OK
048830,엔피케이,,1028.0,145564,1.39,↓,1038.1,1032.9,51.53,5.67,7.28,70.36,318846826,1.26,63.0,★★★★☆,OK
031860,디에이치엑스컴퍼니,,6930.0,0,,→,6930.0,6930.0,,0.1,0.15,6930.0,5464975,,,☆☆☆☆☆,Data Missing
014100,메디앙스,,1556.0,20214,0.5,↓,1606.65,1732.2,37.73,-41.85,-42.22,108.57,99017604,0.42,21.0,★★☆☆☆,OK
056730,CNT85,,1273.0,13803,0.61,↑,1274.65,1365.52,50.22,-28.74,-34.27,135.0,29698831,0.66,33.0,★★☆☆☆,OK
051780,큐로홀딩스,,2400.0,15183,0.44,→,2502.0,2661.33,39.27,-88.19,-85.35,236.07,26484548,0.31,15.5,★☆☆☆☆,OK
026910,광진실업,,2350.0,90198,0.29,↑,2854.0,3896.83,21.29,-412.15,-394.74,391.79,137225065,0.11,5.5,★☆☆☆☆,OK
224060,더코디,,3610.0,1317056,1.56,↓,5848.25,4471.33,28.53,-312.15,39.34,1068.21,76192872,0.69,34.5,★★☆☆☆,OK
279600,미디어젠,,3945.0,2153,1.09,↑,3906.25,3836.83,55.11,14.95,17.51,218.21,1616669,1.3,65.0,★★★★☆,OK
110020,전진바이오팜,,2050.0,19097,1.34,↓,2063.4,1969.0,50.37,24.67,32.19,150.64,30934959,1.49,74.5,★★★★☆,OK
373110,엑셀세라퓨틱스,,1057.0,77864,0.89,↑,1014.25,1141.48,62.59,-28.49,-42.27,49.29,186984065,0.89,44.5,★★★☆☆,OK
018620,우진비앤지,,2740.0,9626,0.96,→,2740.0,2693.75,54.88,9.19,11.22,152.14,149453377,0.98,49.0,★★★☆☆,OK
078860,아이오케이이엔엠,,2975.0,10466,0.15,↑,2822.25,2819.75,57.44,42.82,28.04,359.29,193108950,0.18,9.0,★☆☆☆☆,OK
196700,웹스,,1290.0,26389,0.79,↑,1327.7,1309.57,49.82,-18.02,-8.37,92.07,571385526,0.73,36.5,★★☆☆☆,OK
084440,유비온,,4775.0,2995,0.75,↓,5401.75,5393.17,18.86,-232.57,-161.68,1192.14,6601519,0.23,11.5,★☆☆☆☆,OK
365900,브이씨,,2500.0,53797,1.38,→,2544.75,2553.0,39.51,-9.98,1.78,130.71,32952520,1.04,52.0,★★★☆☆,OK
137940,넥스트아이,,1848.0,21795,1.18,→,1909.2,1985.23,36.0,-39.95,-36.29,121.36,87378215,0.8,40.0,★★☆☆☆,OK
037400,우리엔터프라이즈,,3465.0,40785,2.68,↑,3549.75,3422.08,30.19,-24.36,-2.56,95.36,77317460,1.89,94.5,★★★★★,OK
195990,루트K,,1103.0,11670,0.52,↓,1163.45,1252.88,20.97,-48.58,-47.57,33.5,278857179,0.21,10.5,★☆☆☆☆,OK
309930,조이웍스앤코,,921.0,18691,0.2,↑,905.65,899.72,53.45,-3.13,-10.65,98.07,162023280,0.27,13.5,★☆☆☆☆,OK
0197V0,엔에이치스팩34호,,1914.0,58751,,↑,,,40.48,-36.49,-39.34,16.21,-9054519,,,☆☆☆☆☆,Data Missing
306040,에스제이그룹,,1841.0,293491,2.73,↑,1670.05,1722.27,57.01,-1.85,-35.26,162.14,21037328,3.45,100.0,★★★★★,OK
482680,미래에셋비전스팩7호,,2055.0,0,,→,2055.0,2055.0,,0.01,0.01,2055.0,3182444,,,☆☆☆☆☆,Data Missing
419540,비스토스,,2875.0,6696,0.44,↓,3129.75,3130.58,31.97,-83.77,-51.84,228.36,60307528,0.26,13.0,★☆☆☆☆,OK
477380,미래에셋비전스팩4호,,2070.0,14695,1.17,↓,2074.0,2070.5,48.65,0.79,0.49,18.93,23815567,1.35,67.5,★★★★☆,OK
0200G0,한국제17호스팩,,1909.0,202109,,→,,,,-8.53,-7.69,,-7704191,,,☆☆☆☆☆,Data Missing
065650,하이퍼코퍼레이션,,1415.0,30505,1.45,↑,1492.05,1689.38,42.29,-72.67,-75.41,165.86,22867623,1.32,66.0,★★★★☆,OK
241820,피씨엘,,6040.0,0,,→,6040.0,6040.0,,-0.0,-0.0,6040.0,20727149,,,☆☆☆☆☆,Data Missing
050090,비케이홀딩스,,696.0,0,,→,778.6,629.03,33.33,-13.54,5.16,277.07,1524419575,,,☆☆☆☆☆,Data Missing
009730,이렘,,2075.0,134767,2.34,↑,2059.45,1928.92,56.03,1.71,8.43,114.0,46481610,2.73,100.0,★★★★★,OK
469480,IBKS제24호스팩,,3815.0,102432,0.82,↑,3351.0,3317.0,77.84,81.35,20.36,1846.43,215328,0.39,19.5,★☆☆☆☆,OK
225590,패션플랫폼,,3200.0,75287,2.52,↑,3131.25,3126.5,44.07,-52.74,-35.86,146.43,49474228,2.97,100.0,★★★★★,OK
009620,삼보산업,,4620.0,14401,0.58,↓,4793.0,4421.92,55.21,159.41,211.13,760.0,42586305,0.54,27.0,★★☆☆☆,OK
475460,미트박스,,2690.0,113152,0.87,↓,2733.4,2272.57,47.73,117.96,122.7,287.14,194665649,0.9,45.0,★★★☆☆,OK
376930,노을,,1538.0,44615,0.46,↑,1533.9,2245.38,58.9,-138.78,-175.84,127.93,136583605,0.49,24.5,★★☆☆☆,OK
034940,조아제약,,2600.0,61996,0.84,↓,2692.75,2811.75,36.64,-56.89,-55.0,131.07,162464390,0.59,29.5,★★☆☆☆,OK
477340,에이치엠씨제7호스팩,,2060.0,1054,0.09,→,2064.75,2052.55,30.77,0.92,2.38,21.29,2758685,0.07,3.5,★☆☆☆☆,OK
0072Z0,KB제33호스팩,,1980.0,6737,0.3,→,1973.15,1978.22,53.1,-0.19,-1.35,16.14,436481,0.45,22.5,★★☆☆☆,OK
285800,진영,,4285.0,9682,0.03,↓,4385.5,4166.0,53.68,90.65,129.51,533.57,41748989,0.03,1.5,★☆☆☆☆,OK
0101C0,하나36호스팩,,1986.0,870,0.19,↑,1977.85,1982.9,48.37,-0.86,-2.58,26.64,339501,0.29,14.5,★☆☆☆☆,OK
0130H0,엔에이치스팩33호,,1989.0,1795,0.45,→,1985.1,1990.32,51.83,-0.09,-1.64,24.14,-25295095,0.6,30.0,★★☆☆☆,OK
0044K0,삼성스팩10호,,1982.0,9237,0.88,↓,1986.15,1987.8,55.45,0.33,-0.1,21.29,2603877,0.93,46.5,★★★☆☆,OK
0115H0,삼성스팩13호,,1991.0,2171,0.5,→,1986.25,1989.48,51.82,-0.21,-1.8,36.71,-31717330,0.76,38.0,★★☆☆☆,OK
030350,드래곤플라이,,973.0,0,,→,973.0,973.0,,-0.0,-0.0,973.0,122052462,,,☆☆☆☆☆,Data Missing
473050,유안타제15호스팩,,2105.0,371554,2.98,→,2103.25,2094.6,50.0,2.43,2.38,155.71,93093,4.44,100.0,★★★★★,OK
489480,키움제11호스팩,,2200.0,0,,→,2200.0,2102.28,,20.86,26.63,2200.0,-1347630,,,☆☆☆☆☆,Data Missing
479880,한국제15호스팩,,2070.0,7845,0.67,→,2070.6,2060.7,45.45,2.24,2.68,15.36,3491845,0.73,36.5,★★☆☆☆,OK
478440,미래에셋비전스팩6호,,2070.0,7663,0.71,→,2068.85,2056.82,53.16,1.56,1.68,12.79,3787975,0.93,46.5,★★★☆☆,OK
101000,KS인더스트리,,1427.0,72235,0.19,↓,1618.05,1116.52,31.69,93.65,143.12,390.36,38308582,0.11,5.5,★☆☆☆☆,OK
0165X0,메리츠제2호스팩,,1940.0,6064,0.24,→,1943.85,1946.58,44.07,-3.15,-2.63,17.57,-3257970,0.21,10.5,★☆☆☆☆,OK
0209J0,KB제34호스팩,,1904.0,178739,,→,,,,-1.21,-1.92,,-3340135,,,☆☆☆☆☆,Data Missing
0099W0,미래에셋비전스팩11호,,1985.0,72,0.01,↑,1973.25,1983.65,56.64,-0.31,-2.72,17.43,-2505985,0.01,0.5,★☆☆☆☆,OK
054410,케이피티유,,2410.0,23464,2.02,↓,3235.75,3442.08,26.32,-189.04,-102.31,321.43,21427819,0.94,47.0,★★★☆☆,OK
498390,한화플러스제5호스팩,,2750.0,120770,0.88,↓,2572.25,2510.03,73.28,77.69,47.82,1340.71,1796591,0.51,25.5,★★☆☆☆,OK
304840,피플바이오,,561.0,0,,→,561.0,601.1,,-6.28,-9.08,561.0,396787463,,,☆☆☆☆☆,Data Missing
352770,셀레스트라,,5250.0,0,,→,5250.0,5250.0,,-0.0,-0.0,5250.0,19272777,,,☆☆☆☆☆,Data Missing
0134X0,대신밸런스제20호스팩,,1988.0,45931,3.05,↑,1974.0,1976.1,58.82,0.52,-1.23,23.0,-1942309,3.97,100.0,★★★★★,OK
244460,올리패스,,1651.0,0,,→,1651.0,1651.0,,-0.0,-0.0,1651.0,10926727,,,☆☆☆☆☆,Data Missing
0164H0,한국제16호스팩,,1946.0,36360,1.27,→,1949.1,1951.52,43.48,-2.34,-2.37,15.36,2024502,1.31,65.5,★★★★☆,OK
177350,베셀,,1343.0,22570,0.38,↓,1495.55,1505.4,13.21,-63.85,-40.23,95.93,198815515,0.09,4.5,★☆☆☆☆,OK
335870,윙스풋,,3875.0,5046,0.9,↓,4818.75,5059.0,19.88,-352.36,-235.63,392.14,13540128,0.32,16.0,★☆☆☆☆,OK
0096B0,삼성스팩12호,,1997.0,15715,2.65,↑,1983.55,1983.93,52.12,0.2,-1.17,42.93,8706300,3.97,100.0,★★★★★,OK
0099X0,IBKS제25호스팩,,2200.0,105101,1.13,↓,2272.05,2290.68,23.81,-21.26,-13.57,1215.21,-4088677,0.35,17.5,★☆☆☆☆,OK
481890,엔에이치스팩31호,,2075.0,17698,1.14,↑,2071.5,2071.92,50.0,-0.71,-0.8,14.86,1150851,1.81,90.5,★★★★★,OK
0097F0,미래에셋비전스팩10호,,1991.0,97,0.02,→,1977.5,1984.5,54.26,1.54,-1.25,20.43,-2276351,0.03,1.5,★☆☆☆☆,OK
489730,디비금융제13호스팩,,2042.0,1312,0.09,→,2037.1,2030.32,54.22,2.56,1.56,17.0,-3156053,0.13,6.5,★☆☆☆☆,OK
0093G0,미래에셋비전스팩8호,,1992.0,226,0.04,↑,1972.2,1980.73,59.83,0.39,-3.24,23.86,1867277,0.05,2.5,★☆☆☆☆,OK
478390,KB제29호스팩,,2070.0,10958,0.77,→,2074.0,2059.33,48.57,1.03,2.38,29.29,-989335,0.89,44.5,★★★☆☆,OK
0037T0,KB제32호스팩,,1995.0,31050,2.05,↓,1989.2,1991.28,52.71,1.32,-0.33,24.64,1800538,3.06,100.0,★★★★★,OK
492220,KB제31호스팩,,2040.0,3683,0.17,→,2034.5,2021.75,52.17,3.04,3.28,23.93,517773,0.23,11.5,★☆☆☆☆,OK
354200,엔젠바이오,,788.0,2045852,2.19,↑,1172.25,1579.2,10.76,-242.3,-197.56,171.29,24480602,0.39,19.5,★☆☆☆☆,OK
054180,메디콕스,,2295.0,0,,→,2295.0,2295.0,,-0.0,-0.0,2295.0,362595410,,,☆☆☆☆☆,Data Missing
060480,국일신동,,1140.0,406247,1.65,↑,1427.2,1292.23,28.98,-83.12,-22.69,180.71,312273539,0.83,41.5,★★★☆☆,OK
482520,교보16호스팩,,2065.0,0,,→,2063.25,2048.87,,3.42,4.14,1624.29,-859837,,,☆☆☆☆☆,Data Missing
0091W0,신영스팩11호,,2050.0,943,0.07,→,2027.8,2017.82,71.65,9.56,6.39,29.36,-1182272,0.06,3.0,★☆☆☆☆,OK
418620,E8,,406.0,2961783,1.74,↓,610.2,621.07,25.97,-38.74,-15.8,93.07,76626703,0.74,37.0,★★☆☆☆,OK
0131D0,키움히어로제2호스팩,,1969.0,9783,0.6,↑,1963.65,1966.55,51.3,-0.87,-1.83,36.21,-24796292,0.92,46.0,★★★☆☆,OK
0054V0,엔에이치스팩32호,,1996.0,14199,1.77,↓,2006.05,2006.28,47.83,-0.82,-0.83,28.71,-8973411,2.0,100.0,★★★★★,OK
028080,휴맥스홀딩스,,5170.0,0,,→,5164.75,5043.92,57.14,50.91,59.98,2756.43,43815246,,,☆☆☆☆☆,Data Missing
0041L0,하나35호스팩,,2010.0,12734,1.05,↑,1984.05,1994.78,53.85,1.94,-2.99,30.14,1839767,1.53,76.5,★★★★☆,OK
035620,바른손이앤에이,,655.0,278401,1.61,↑,666.75,715.68,54.95,-18.01,-15.16,68.0,300718256,1.31,65.5,★★★★☆,OK
065570,삼영이엔씨,,764.0,0,,→,764.0,764.0,,-0.0,-0.0,764.0,37574859,,,☆☆☆☆☆,Data Missing
0132G0,교보20호스팩,,1996.0,9688,2.64,↑,1991.0,1993.03,50.0,-0.84,-0.95,17.07,-2650549,4.19,100.0,★★★★★,OK
0088D0,메리츠제1호스팩,,2075.0,3231,0.81,→,2072.25,2086.25,50.0,-2.27,-4.47,31.79,-2568374,1.12,56.0,★★★☆☆,OK
477760,DB금융스팩12호,,2070.0,5052,0.4,→,2070.75,2061.9,50.0,2.41,2.42,19.36,-1746523,0.48,24.0,★★☆☆☆,OK
065770,CS,,1145.0,842683,2.96,↑,960.95,1339.8,67.26,-96.64,-130.96,121.57,173153379,2.45,100.0,★★★★★,OK
482690,대신밸런스제19호스팩,,2105.0,2550,0.14,↑,2078.75,2073.7,51.35,1.57,-0.06,21.43,1046300,0.22,11.0,★☆☆☆☆,OK
239340,이스트에이드,,2200.0,22238,1.51,↓,2471.0,2913.75,37.3,-121.58,-127.06,796.07,196363449,0.99,49.5,★★★☆☆,OK
469900,하나31호스팩,,2095.0,83045,1.12,→,2097.5,2089.18,33.33,1.59,2.36,157.14,2098233,0.83,41.5,★★★☆☆,OK
474660,신한제12호스팩,,2095.0,94100,3.36,↑,2089.85,2077.4,53.16,2.0,2.2,12.29,-3621488,4.38,100.0,★★★★★,OK
103230,에스앤더블류,,1645.0,84482,1.14,↑,2039.65,2300.72,20.93,-224.23,-164.3,161.0,34802262,0.43,21.5,★★☆☆☆,OK
0071M0,삼성스팩11호,,2005.0,15383,2.16,↑,1977.85,1984.83,53.7,0.65,-1.61,36.36,6452915,3.14,100.0,★★★★★,OK
474490,유안타제16호스팩,,2090.0,5972,0.62,↑,2082.75,2069.57,53.06,2.37,3.07,25.86,1416312,0.8,40.0,★★☆☆☆,OK
477470,미래에셋비전스팩5호,,2075.0,10046,0.88,→,2076.0,2074.83,50.0,-1.47,-1.16,17.86,-2319832,1.05,52.5,★★★☆☆,OK
060260,뉴보텍,,865.0,759026,8.3,↑,902.25,1124.4,28.25,-76.81,-82.54,74.29,148721683,5.18,100.0,★★★★★,OK
487360,신한제14호스팩,,2030.0,6071,0.65,→,2029.5,2021.87,56.25,2.3,2.21,16.07,1622303,0.9,45.0,★★★☆☆,OK
0105P0,유진스팩12호,,2000.0,81,0.03,↑,1987.45,1992.78,56.62,0.53,-1.25,17.29,-1165549,0.04,2.0,★☆☆☆☆,OK
289010,아이스크림에듀,,814.0,563963,1.77,↑,991.05,928.68,27.61,-57.37,-17.85,92.14,231440401,0.88,44.0,★★★☆☆,OK
496070,신한제16호스팩,,2005.0,743,0.11,↓,2005.45,2000.77,52.76,1.86,1.52,29.14,-2703778,0.14,7.0,★☆☆☆☆,OK
060900,에이전트AI,,1750.0,112846,0.67,↑,2679.3,3610.35,9.45,-543.01,-455.32,300.43,6639609,0.11,5.5,★☆☆☆☆,OK
0129K0,신한제18호스팩,,1976.0,5927,0.58,→,1970.4,1974.38,53.8,0.95,-0.72,23.21,-4488094,0.85,42.5,★★★☆☆,OK
0096D0,미래에셋비전스팩9호,,1990.0,8,0.0,↓,1984.45,1982.67,51.04,7.31,0.98,58.29,-16829051,0.0,0.0,☆☆☆☆☆,OK
486630,KB제30호스팩,,2055.0,1035,0.08,→,2051.75,2040.0,50.0,2.52,2.57,16.07,-445755,0.11,5.5,★☆☆☆☆,OK
131760,파인텍,,1288.0,105020,0.51,↑,1262.7,1567.97,48.75,-89.87,-113.6,122.64,86912603,0.64,32.0,★★☆☆☆,OK
0098T0,교보19호스팩,,2005.0,20016,3.34,→,1990.2,1993.93,66.07,2.51,-0.04,14.14,599657,3.6,100.0,★★★★★,OK
493790,유안타제17호스팩,,2022.0,5727,2.44,→,2020.35,2016.43,51.39,0.51,0.65,11.07,1911618,3.3,100.0,★★★★★,OK
001000,신라섬유,,2245.0,647146,8.05,↑,1882.3,2644.18,68.47,-180.73,-256.31,128.5,168864661,6.72,100.0,★★★★★,OK
0004Y0,디비금융제14호스팩,,1995.0,691,0.06,→,1997.25,1997.65,52.0,0.23,0.32,13.36,444585,0.06,3.0,★☆☆☆☆,OK
142760,모아라이프플러스,,516.0,1685072,4.09,↑,492.45,657.07,55.75,-44.93,-56.47,42.64,188407655,4.68,100.0,★★★★★,OK
489210,교보17호스팩,,2065.0,5337,0.56,→,2055.0,2040.17,55.36,4.25,3.9,29.64,-5483095,0.79,39.5,★★☆☆☆,OK
377220,프롬바이오,,1873.0,30552,0.51,↓,2555.05,2743.35,5.42,-282.31,-200.24,239.14,100275964,0.05,2.5,★☆☆☆☆,OK
012340,뉴인텍,,486.0,2793510,5.17,↑,443.8,629.78,55.71,-51.87,-62.25,48.0,118033206,5.83,100.0,★★★★★,OK
0130D0,신한제17호스팩,,1968.0,1863,0.62,↓,1965.9,1972.62,50.33,-0.9,-2.13,21.71,-2237338,0.85,42.5,★★★☆☆,OK
303030,지니틱스,,1155.0,52436,0.74,↑,1367.5,1650.8,31.67,-154.54,-134.47,140.71,154449005,0.42,21.0,★★☆☆☆,OK
466690,키움히어로제1호스팩,,2015.0,12383,3.46,→,2003.15,2004.18,51.8,2.57,-0.25,31.36,1493577,5.26,100.0,★★★★★,OK
478110,이베스트스팩6호,,2070.0,1954,0.37,↑,2055.85,2046.62,66.67,3.24,2.39,13.21,1078784,0.39,19.5,★☆☆☆☆,OK
043100,알파AI,,520.0,0,,→,520.0,520.0,,-0.03,-0.04,520.0,168027936,,,☆☆☆☆☆,Data Missing
0041B0,교보18호스팩,,2020.0,17640,5.08,↑,2006.85,2011.23,60.56,0.75,-0.72,11.43,2188101,6.37,100.0,★★★★★,OK
006050,국영지앤엠,,2970.0,104335,1.96,↑,4256.5,4726.67,16.76,-603.71,-434.3,395.36,141274015,0.58,29.0,★★☆☆☆,OK
240600,유진테크놀로지,,1170.0,543152,5.03,↑,1200.05,1652.63,45.06,-197.25,-203.23,178.64,57607401,4.72,100.0,★★★★★,OK
305090,마이크로디지탈,,538.0,0,,→,538.0,1319.3,,-174.94,-224.62,538.0,70721909,,,☆☆☆☆☆,Data Missing
488060,유진스팩11호,,2050.0,4266,0.55,→,2047.0,2035.33,51.79,2.92,3.4,28.21,814494,0.73,36.5,★★☆☆☆,OK
288980,모아데이타,,263.0,3242496,1.5,↑,253.5,498.97,52.56,-56.93,-70.08,30.36,1691018125,1.79,89.5,★★★★★,OK
106080,케이이엠텍,,1650.0,0,,→,1650.0,1650.0,,-0.02,-0.02,1650.0,22899782,,,☆☆☆☆☆,Data Missing
208640,썸에이지,,682.0,410049,0.76,↓,761.35,829.33,47.42,-18.29,-6.69,122.07,73250738,0.61,30.5,★★☆☆☆,OK
484130,하나34호스팩,,2045.0,18751,2.92,→,2031.25,2030.17,58.33,2.91,0.86,16.07,791117,3.86,100.0,★★★★★,OK
473950,에스케이증권제13호스팩,,2062.0,1860,0.27,→,2053.85,2044.32,53.7,3.57,2.66,20.71,1294823,0.4,20.0,★☆☆☆☆,OK
487720,키움제10호스팩,,2120.0,2724,0.35,↑,2047.25,2029.83,74.36,17.47,8.3,30.71,1065802,0.28,14.0,★☆☆☆☆,OK
487830,신한제15호스팩,,2045.0,5734,0.61,→,2052.75,2035.62,55.56,1.92,4.72,42.5,751269,0.64,32.0,★★☆☆☆,OK
468760,유진스팩10호,,2080.0,0,,→,2080.0,2080.0,,-0.0,-0.0,2080.0,-2520556,,,☆☆☆☆☆,Data Missing
472230,에스케이증권제11호스팩,,2105.0,165494,3.1,→,2102.75,2093.23,60.0,3.1,2.91,154.64,-1292937,3.7,100.0,★★★★★,OK
0068Y0,비엔케이제3호스팩,,1991.0,4855,0.73,→,1981.0,1983.63,57.89,2.0,0.22,20.21,3303961,0.97,48.5,★★★☆☆,OK
067770,세진티에스,,1031.0,0,,↑,1827.7,2121.83,16.53,-397.18,-294.66,558.43,48576407,,,☆☆☆☆☆,Data Missing
0041J0,엘에스스팩1호,,1998.0,10756,2.49,↑,1980.45,1987.13,50.64,-0.22,-3.39,30.86,-3996811,3.87,100.0,★★★★★,OK
308100,형지글로벌,,326.0,1137014,1.19,↑,281.4,370.58,61.43,-24.03,-30.24,40.14,203627532,1.14,57.0,★★★☆☆,OK
03481K,해성산업1우,,5860.0,121,0.29,↓,5976.0,6016.0,40.98,-60.15,-49.2,151.43,11674163,0.23,11.5,★☆☆☆☆,OK
087260,모바일어플라이언스,,247.0,0,,→,247.0,248.05,,-2.31,-3.39,247.0,1264797552,,,☆☆☆☆☆,Data Missing
475250,하나33호스팩,,2095.0,15,0.0,→,2087.1,2075.2,58.33,3.42,3.24,10.0,-1304365,0.0,0.0,☆☆☆☆☆,OK
474930,신한제13호스팩,,2100.0,2427,0.16,→,2099.25,2092.42,42.11,0.3,0.9,16.43,-2151413,0.19,9.5,★☆☆☆☆,OK
250930,예선테크,,1160.0,15154,0.18,↑,1103.45,1522.8,41.39,-233.51,-245.26,175.29,61438553,0.18,9.0,★☆☆☆☆,OK
079970,투비소프트,,596.0,0,,→,596.0,596.0,,-0.0,-0.0,596.0,299625565,,,☆☆☆☆☆,Data Missing
065420,에스아이리소스,,940.0,0,,→,940.0,1057.17,,-17.21,-24.92,940.0,129792105,,,☆☆☆☆☆,Data Missing
473000,에스케이증권제12호스팩,,2082.0,78,0.01,→,2080.95,2068.65,56.14,2.11,2.72,18.36,730542,0.01,0.5,★☆☆☆☆,OK
475240,하나32호스팩,,2095.0,5188,0.34,→,2094.25,2089.5,26.67,0.12,0.48,10.0,-8024356,0.25,12.5,★☆☆☆☆,OK
276040,스코넥,,327.0,0,,→,327.0,327.0,,-0.02,-0.03,327.0,6641131,,,☆☆☆☆☆,Data Missing
900100,파이온엑스,,1096.0,0,,→,1459.75,1877.9,21.09,-257.0,-245.76,687.5,55191196,,,☆☆☆☆☆,Data Missing
291810,핀텔,,409.0,0,,→,1162.9,1225.77,0.56,-286.66,-178.5,291.79,115343145,,,☆☆☆☆☆,Data Missing
044180,KD,,205.0,0,,→,205.0,205.0,,-0.0,-0.01,205.0,845181657,,,☆☆☆☆☆,Data Missing
313760,캐리,,468.0,0,,→,468.0,468.0,,-0.01,-0.02,468.0,72822441,,,☆☆☆☆☆,Data Missing
199730,바이오인프라,,903.0,77515,0.66,↑,915.65,1427.12,41.67,-208.47,-230.95,153.71,11913942,0.56,28.0,★★☆☆☆,OK
052770,아이톡시,,312.0,0,,→,312.0,312.0,,-0.01,-0.01,312.0,35638970,,,☆☆☆☆☆,Data Missing
225430,케이엠제약,,698.0,0,,→,681.55,1216.43,,-124.51,-159.48,698.0,84308369,,,☆☆☆☆☆,Data Missing
025870,신라에스지,,1059.0,0,,→,1051.1,1884.78,,-206.41,-259.12,1059.0,104256204,,,☆☆☆☆☆,Data Missing
011080,형지I&C,,559.0,455122,0.69,↑,566.8,1014.53,42.93,-128.5,-145.65,96.43,286849388,0.61,30.5,★★☆☆☆,OK
058450,한주에이알티,,599.0,0,,↑,932.1,2450.75,12.94,-422.76,-470.01,145.29,12395317,,,☆☆☆☆☆,Data Missing
035290,골드앤에스,,384.0,0,,→,483.55,1340.33,0.0,-298.35,-341.06,367.57,-19543773,,,☆☆☆☆☆,Data Missing
312610,에이에프더블류,,37.0,0,,↓,101.2,277.35,13.49,-67.9,-70.19,31.86,106062675,,,☆☆☆☆☆,Data Missing
021045,대호특수강우,,1992.0,1651,0.76,→,2227.05,2397.85,29.36,-134.54,-111.22,175.14,11620143,0.41,20.5,★☆☆☆☆,OK
032685,소프트센우,,6150.0,11139,3.27,↓,6635.5,8611.67,45.23,-710.72,-830.68,657.14,1046351,3.21,100.0,★★★★★,OK
